name,tóm tắt,reviews
10005245,"## Tóm tắt phản hồi về sách ""Đàn ông sao Hỏa, đàn bà sao Kim"":

**Phản hồi tích cực:**

* Cuốn sách được giới thiệu nhiều, nội dung hay, giúp hiểu rõ hơn về tâm lý đàn ông và phụ nữ.
* Sách in đẹp, chất lượng tốt, đáng giá tiền.
* Rất hữu ích cho các cặp đôi muốn cải thiện mối quan hệ và xây dựng cuộc sống hạnh phúc.
* Tiki giao hàng nhanh, đóng gói cẩn thận.

**Phản hồi trung lập:**

* Sách có một số lỗi chính tả, thừa thiếu chữ.
* Tiki đóng gói sản phẩm không tốt, sách bị móp méo hoặc cong góc.
* Nội dung sách có một số phần không phù hợp với cảm nhận cá nhân.
* Tiki giao hàng chậm.
* Sách có giấy mỏng, chữ in lem, giấy cắt không đều.
* Sách bị lỗi trang, có thể bị gập hoặc cắt mất chữ.
* Sách có một số chỗ dịch không mượt mà, khó hiểu.
* Sách bị lỗi bìa, có dấu hiệu đã được sử dụng.

**Phản hồi tiêu cực:**

* Sách bị bung gáy, keo dán không chắc chắn.
* Tiki đóng gói sản phẩm cẩu thả, sách bị bụi bám, rách, cong hoặc bị mốc.
* Sách bị gập góc, bìa nát, có dấu hiệu đã được sử dụng.
* Tiki giao hàng chậm, đóng gói không tốt.
* Sách không có seal, bị va đập, gãy bìa.
* Sách có lỗi in, chữ không thẳng hàng, đóng gói sơ sài.
* Sách bị lỗi keo dán, giấy dễ rơi ra.
* Sách bị lỗi bìa, có dấu hiệu đã được sử dụng.
* Tiki giao hàng chậm, sản phẩm không đúng như mô tả.
* Sách bị lỗi bìa, có dấu hiệu đã được sử dụng, đóng gói không tốt.

**Kết luận:**

* Sách ""Đàn ông sao Hỏa, đàn bà sao Kim"" là một cuốn sách hay, được nhiều người đánh giá cao về nội dung, giúp độc giả hiểu rõ hơn về tâm lý của hai giới tính.
* Tuy nhiên, chất lượng sản phẩm và dịch vụ của Tiki không được đồng đều, có một số trường hợp sản phẩm bị lỗi, đóng gói cẩu thả, giao hàng chậm. 
* Độc giả nên cân nhắc kỹ trước khi mua sách, đặc biệt là mua trực tuyến.

**Lưu ý:**

* Đây là tóm tắt phản hồi dựa trên các nhận xét được cung cấp, có thể không phản ánh đầy đủ ý kiến của tất cả độc giả.
* Mỗi người có thể có những đánh giá khác nhau về sản phẩm và dịch vụ. 
","Tích cực: Cuốn sách đàn ông sao hỏa, đàn bà sao kim mình nghe giới thiệu khá nhiều. Về phần nội dung mình chưa đọc hết nên chưa khái quát được nhưng về hình thức thì ai đang trong mối quan hệ rối ren thì có thể thử xem như nào)), Chưa đọc vào nội dung nhưng mn review tốt. Sách mới , bìa mềm xuất bản 2012, cỡ chữ hơi nhỏ nhưng vì sách dầy nên chấp nhận. In đẹp, chữ rõ ko lem. Hình thức bắt mắt. Đáng giá tiền, Đọc được 1/3 cuốn sách và ngỡ ngàng ""ồ hóa ra đàn ông khác biệt với đàn bà đến vậy"". Cảm thấy tiếc nuối cho những mối tình rời xa nhau vì không hiểu nhau. Sách rất hay và cần thiết cho những cặp đôi muốn xây dựng cuộc sống vợ chồng hạnh phúc. Nhưng chỉ phù hợp với những ai có tư tưởng tiến bộ và thực sự yêu thương nhau thì mới có thể áp dụng được. Còn ai có tư tưởng bảo thủ hoặc kết hôn vì mục đích nào đó thì đọc sách này cũng vô nghĩa. Sách ko cổ xúy cho việc ""đàn ông phải thế này, đàn bà phải thế kia"", sách không ép buộc bạn chấp nhận những tính xấu của đối phương. Mà là chỉ ra những khác biệt để bạn hiểu và dung hòa, để bản thân bạn dịu dàng hơn khi đối mặt với những tình huống khó chịu trong cuộc sống. Khi bạn thực sự yêu ai đó, bạn mới có thể kiên nhẫn đọc để hiểu hơn về họ, cảm thông cho họ, và yêu thương họ, yêu cả những điểm khác biệt của 2 giới tính..., Sách in đẹp, cứng cáp, rõ ràng. Cuốn sách này mình đã đọc rồi mà bị mất nên mua lại, rất hữu ích để hiểu về ny mình nha., Sách in đẹp, cứng cáp, rõ ràng. Cuốn sách này mình đã đọc rồi mà bị mất nên mua lại, rất hữu ích để hiểu về ny mình nha., Sách thì hay khỏi bàn rồi,ai cũng nên đọc để có tình yêu đẹp nhó😘😘 em sẽ hành xử thật đúng để chúng mình cùng hạnh phúc. Shop còn tặng thêm quyển mục tiêu kế hoạch nữa,giao hàng thì nhanh, shipper thân thiện,1000⭐⭐⭐⭐⭐⭐, Cuốn sách  cho mình góc nhìn hay, mong muốn, sự khác nhau về 2 giới những cách để điều chỉnh và thay đổi. Tg nước ngoài nên có nhiều ý kiến chưa phù hợp vơi ng Việt lắm. Tổng kết thì vẫn là cuốn sách mà mn nên đọc và đọc nhiều lần theo từng giai đoạn hôn nhân ạ, sách bổ sung kiến thức, kĩ năng cần thiết cho việc giữ gìn không những mối quan hệ khác giới mà còn các mối quan hệ xã hội trong cuộc sống, đặc biệt là trong dòng chảy công việc cuốn con người rời xa thực tại và những chân giá trị cần được nuôi dưỡng và phát huy., nói chung mình định đọc hết rồi review cho các bạn cơ, nhưng đợt này mình ôn thi, mà tiki có treo giải nên mình review luôn
cuốn này mình đọc hơn 1 nửa online rồi mua, thì mình thấy nó dạy ta cách hiểu tâm sinh lý người bạn đời hoặc người yêu của mình, tâm lý thì nhiều hơn, nói 1 số cách để xử lý tình huống, mình cũng có đọc cư xử như đàn bà hành động như đàn ông , thuật yêu đương và tại sao đàn ông thích tình dục phụ nữ cần tình yêu nữa, nói chung mỗi cuốn sẽ có 1 phong cách riêng, nhưng cũng khá  nhiều điểm chung, vì đều nói tâm lý đàn ông và đàn bà mà, đàn ông đến từ sao hỏa đàn bà đến từ sao kim thì nhẹ nhàng hơn suy nghĩ như đàn ông cư xử như đàn bà và phân tích sâu về tâm lý 2 phái hơn, Một cuốn sách hữu ích nêu ra những sự khác biệt cơ bản và ví dụ điển hình cũng như những giải pháp căn bản để cải thiện sự bất hòa và bất cập trong mối quan hệ giữa đàn ông và đàn bà., Sách giao khá nhanh, mua qua app nên được giảm lần nữa còn có 110k, saách nhìn không mới lắm, nhưng mà không sao vẫn chấp nhận được, vì chúng ta chú trọng kiến thức bên trong !, Nhất định PHẢI ĐỌC! Cuốn sách k chỉ giúp bản thân hiểu đối phương mà còn hiểu chính mình; hiểu rằng những hành động của mình trong tình yêu không phải lạ lùng mà do xuất phát từ đặc điểm giới tính. Điều quan trọng là cả 2 tôn trọng sự khác biệt về cảm xúc, hành động của đối phương, chia sẻ và thay đổi để hoà hợp hơn. Mình nghĩ quyển sách này nên đọc càng sớm càng tốt, mình đã giới thiệu sách với rất nhiều người bạn!
• Sách dày gần 500tr, bìa cứng, nhận hàng k bị bóp méo.
• Tiki giao hàng nhanh., Sách viết hay về cách xử lý, tâm lý đàn ông, đàn bà
Khoitichcuc : Tiktok chia sẻ tài chính cá nhân, Cuốn sách nghe giới thiệu khá nhiều. Về phần nội dung mình chưa đọc hết nên chưa khái quát được nhưng về hình thức thì ai đang trong mối quan hệ rối ren thì có thể thử xem như nào, Mình đã đọc cuốn sách này bản pdf. Hôm nay có duyên nên muốn sở hữu cuốn sách thật để đọc và chia sẻ đến người quen dễ dàng hơn! Cảm ơn tiki! Cảm ơn Bizbooks!, Giao hàng nhanh. Sách có bọc nilong bên ngoài. 
Nội dung sách phân tích về sự khác biệt trong cách lập luận và nhận xét vấn đề của hai giới trong một mối quan hệ. Có những câu chuyện tưởng chừng như không lớn nhưng cũng đủ để làm rạn nứt tình cảm giữa đôi bên. Cuốn sách đã chỉ ra và làm sáng tỏ sự bất đồng. Khá thích :>>, Tiki giao hàng nhanh, vừa ngủ dậy là nhận được hàng rồi 😍, đóng gói cẩn thận mình rất ưng, nội dung thì không phải bàn rất bổ ích, sẽ ủng hộ thêm ❤️, Một trong những cuốn sách tâm đắc nhất của mình. Nội dung sách khá lôi cuốn về những thông tin hưu ích về đàn ông và phụ nữ. Nếu đang có hoặc sắp có gia đình, thì bạn nên đọc, Sách hay, đóng gói bao bì chắc chắn nhưng mà có cuốn chắc cuốn ko á. Có cuốn mình mua Tiki bọc rất lỏng lẻo luôn. Cuốn này thì lại bọc chắc chắn nhen. Ship cực kì nhanh dù mình không chọn Tiki Now nhưng vẫn nhận trong ngày í. Cảm ơn Tiki, Lần đầu tiên mình viết đánh giá trên Tiki và cũng như về sách nên có thể mọi cảm nghĩ của mình khá chủ quan. Nhưng chí ít mình mong nó sẽ giúp được phần nào đó cho trải nghiệm của bạn được tốt hơn khi mua hàng.
Điều đầu tiên là về ngoại hình của sản phẩm mà mình nhận được. Sách mới, chưa có nếp gấp hay dấu hiệu của việc đã mở ra (qua sử dụng). Tuy nhiên sách khá dơ, phần trên cùng bị dính một vài vệt đen mờ, trông không được đẹp mắt. Cách đóng quyển của sách khá lỗi, không mở mạnh tay vẫn bị bung rộng nên khá khó khăn trong việc giữ sách mới lâu. Phần này chắc là 4 sao.
Tiếp theo là về cách làm việc của Tiki. Sách giao đúng hẹn, nhân viên giao hàng lịch sự, niềm nở. Đóng gói sơ sài quá khi không có bọc nylon riêng cho từng cuốn hay chèn giấy để tránh bị móp méo sách. Mình đánh giá 4 sao cho Tiki.
Điều cuối cùng là về nội dung sách. Sách hay, nói rất chuẩn sát về tâm lí của nam và nữ đến mức đôi lúc còn khiến mình giật mình như đang nói về mình và bạn trai/bạn trai cũ. Nhưng giọng văn đôi chỗ khá lan man gây mất tập trung. Sách thật sự có tác dụng cao trong việc cải thiện mối quan hệ hôn nhân hoặc tiền hôn nhân nếu thật sự thẩm thấu và làm đúng theo công thức của sách kết hợp với sự đặc trưng riêng trong tính cách của nửa kia. Theo mình đánh giá thì phụ nữ, những “sinh vật” cực thích “suy diễn”, nên đọc qua ít nhất 1 lần những cuốn sách thể loại này nói chung và cá nhân cuốn sách “Đàn ông sao Hoả, đàn bà sao Kim” nói riêng. Không chỉ giúp cải thiện mối quan hệ, còn lí giải được rất nhiều vấn đề về tâm lý giới tính mà bản thân bạn ít nhất từng tự hỏi mình 1 lần trong đời, giảm thiểu một phần những mâu thuẫn không đáng có trong tình cảm. Và đặc biệt là khiến bản thân bớt lo lắng và tận hưởng được hạnh phúc trong tình yêu một cách trọn vẹn hơn. Về phần này, mình xin đánh giá 5 sao cho nội dung khá hoàn thiện của tác giả., Đóng gói đẹp mắt và chắc chắn.
Sách mới toanh, sạch đẹp, ko quăng góc. 
Mặc dù nhận hàng trễ hơn so với dự kiến như nhận được gói hàng được đóng gói đẹp đẽ, tử tế thì mình ko ngại gì ko đánh giá 5 sao., Mặc dù mới chỉ đọc đến chương 4 nhưng những kiến thức về sự khác biệt giữa suy nghĩ, tính cách của 2 giới đã làm mình ngạc nhiên.
Một cuốn sách rất hay và nên đọc về giới tính, nhất là đối với các cặp đôi, vợ chồng, Sách in đẹp rõ ràng, nội dung về đời sống tâm lý vợ chồng, trong thời đại ngày nay, đọc hiểu biết để dung hòa giữa đôi bên với nhau, cám ơn tác giả và nhà cung cấp, sản phẩm của mình là người lớn tuổi hơn mình thì mình cũng nên có cái gì cũng nên có cái gì cũng nên có cái, Đây là cuốn sách là bất kì ai cũng nên CẦN MUA ĐỌC để hiểu hơn về người bạn yêu, người thân của mình. Sách rất hay, nói ra các vấn đề nhỏ xảy ra trong cuộc sống thường ngày nhưng nếu mình không có cách giải quyết khéo léo thì càng ngày sẽ tích tụ thành vấn đề lớn làm mất đi hạnh phúc của bản thân

Nhờ đọc cuốn này mình thấy y chang trường hợp của ba mẹ mình, mình tư vấn cho ba mẹ nên bh hai người thấy hiểu nhau nhiều hơn và mình rất vui luôn. 

Phụ nữ thường đưa ra những lời khuyên và góp ý vô ích trong khi đàn ông không cần và anh cho rằng cô không tin tưởng anh. Đàn ông cần cô tin tưởng, trân trọng và đánh giá cao, mua lúc 122k. sách được nhìu người khen quá. nhưng mình mới đọc thấy lòng vòng chưa vào trọng tâm nhiều. và diễn giải nhiều nhưng không không phải là quá dễ hiểu. không đáp ứng được kỳ vọng của mình., sách hay, nhưng không có bookmark, đóng gói chưa chắc chắn lắm, bị gãy góc.

shop cần lưu ý hơn, Chưa đọc hết nhưng mà ưng nhất là chất lượng, mua online chỉ sợ mua phải sách giả, sách lậu. Sẽ ủng hộ và giới thiệu mọi ng mua, quyển này thì nổi tiếng lâu rồi nhg bây giờ mình mới mua để đọc. sách mới, đẹp, vận chuyển nhanh, Sách đẹp , và được bọc kĩ lưỡng , rất vừa ý với mình , tuy do dịch nên vận chuyển có hơi lâu , nhưng vì đóng gói rất có tâm nên nhận hàng mình cảm thấy rất vui . 
Sách nhỏ gọn , gần 500 trang ha . 
Có tip nhỏ cho các bạn thích bọc sách , là size sách bằng cuốn tập đó , các bạn có thể dùng giấy kính trong bao tập để bọc lại nhìn cho sách luôn mới ha, Lần đầu mua hàng ở tiki. Thời gian nhận hàng sớm hơn dự kiến 2 ngày 😊. Chất lượng về đóng hàng ổn, sách không bị bóp méo chỗ nào hết, chữ to và rõ. Về nội dung thì sách này mình đx một ng chị rcm mới đọc đc mấy chương đầu nhưng thấy đx những vấn đề trong tc của mình trong đó. Nên mua nha. 👍, Sách đẹp, hoàn thiện tốt, có tặng kèm 1 năm sách nói. Nhìn từ gáy sách có thể thấy phân chương luôn cũng khá hay., Shop đóng gói chắc chắn và kĩ càng. 12 đêm đặt chiều có hàng liền quá nhanh, Sách đóng gói cẩn thận, giao hàng nhanh. Do đặt ship về nhà bạn nên chưa nhận được sách để đọc nội dung nhưng mình đã nghe cái tên Đàn ông sao Hỏa đàn bà sao Kim từ rất lâu rồi. Hi vọng mình sẽ càng hoàn thiện bản thân và thấu hiểu một nửa còn lại hơn., Giao hàng nhanh  nguyên vẹn, combo sách hay. Một sách giúp mình hiểu thêm đối phương khác giới, trong khi cuốn kia giúp người đọc đọc được suy nghĩ qua hành vi của đối phương, có cách ứng xử tốt hơn, trong thời đại lòng người dễ thay đổi như lệch bánh tráng. As always, giao hàng nhanh, đóng gói best., Thấy mn khen và khuyên đọc, trên tiki cũng thuộc hàng sách bán chạy nên mình đặt mua. Sách đc bọc cẩn thận , giao rất nhanh.Hầu như lần nào mình đặt đồ ở tiki đều thấy vậy. chưa thất vọng bao giờ. Sách hay. 👍 Rất tốt! 👍, Mình vừa mua xong chưa kịp đọc. Nhìn cảm quan bên ngoài khá ưa nhìn, Sách này giúp bạn hiểu rõ hơn tâm lý của đàn ông và phụ nữ. Đặc biệt sự khác nhau trong lời nói và suy nghĩ của họ., Sách chất lượng cho 5 sao, còn nội dung cho 4 sao. Viết về đặc điểm nam nữ tương đối đúng, nhưng  cũng có trường hợp ngoại lệ k như sách tả. Cách viết  đôi chỗ lan man, trùng lặp đọc mãi không nắm được ý nào. Các ý hay rải rác khắp sách, phải tìm như tìm kim. Sách này các chị em đọc , hiểu và áp dụng được sẽ rất tuyệt, biết cách hiểu và nắm bắt trái tim ng đàn ông của mình, Nên đọc để hiểu về bản chất của đàn ông và phụ nữ cơ bản khác nhau và tìm cách dung hoà. Nghĩ sâu hơn, yêu thương hơn, giành cho nhau khoảng thời gian riêng, Sách về siêu nhanh, bìa và giấy mới không quăn góc. Nchung là hài lòng ạ.
Mình chưa đọc sách nên chưa review nội dung. Nhưng mình nua vì sắp bước vào cuộc sống hôn nhân và đọc để hiểu đối phương hơn.
Sách được nhiều bạn recommend đọc trước khi cưới nên cũng mong đợi nhiều ^^, Dành cho những ai mong muốn hiểu hơn về bản thân và nửa kia của mình. Từ việc hiểu nhau chúng ta sẽ thương nhau nhiều hơn. Cuốn sách nói về sự khác biệt trong tính cách, thói quen và lối suy nghĩ của 2 phái. Hoá ra từ trước đến giờ ta cứ bắt người kia phải giống như mình và theo ý mình, mà không biết rằng 2 phái là khác nhau và nên tôn trọng sự khác biệt đó. Chúc các bạn có những mối quan hệ tràn đầy hiểu và thương!, Sách này rất hay từ hồi đọc quyển này mình ít gây với người yêu mối quan hệ bọn mịn cải thiện rất nhiều., Tiki giao nhanh siêu tốc luôn ạ, đặt lúc 11h30 giao 13h30 dù mình chọn giao trong ngày thôi. Sách được gói và bọc kĩ, tới tay mình mới toanh và không bị quăn hay cong gì ❤️
Mình cảm ơn Tiki nhiều lắm nha ❤️‍🔥❤️‍🔥❤️‍🔥, Ban đầu mình đọc rating sợ sách sẽ xấu, lỗi. Nhưng không, sách mới, đẹp và ship nhanh lắm ạ, Mới đặt hôm qua, mà nay có hàng rồi, tiki giao hàng nhanh thiệt, sách thơm mà đẹp nữa ❤❤❤, giao hàng nhanh. đóng gói tạm được. chất lượng sách rất tốt. được tặng kèm cuốn biên niên cô đơn và giảm giá 50% nên cảm thấy khá hời. cảm ơn tiki nhiều, sản phẩm chất lượng tốt, giao hàng nhanh đóng gói cẩn thận. cuốn sách giúp ta thấu hiểu sự khác biệt giữa phụ niwx và đàn ông, qua đó giảm bớt những hiểu lầm không đáng có trong mối quan hệ hàng ngày, Sách rất đẹp luôn, giáo hàng cũng nhanh. Nội dung chưa đọc nên chưa biết, Cuốn sách sẽ giúp mk đặt bản thân ở khía cạnh của ng đàn ông và hiểu được vì sao anh ấy lại như vậy, hiểu anh ấy muốn gì, Tuyệt với. Sách rất hay. Mình nghĩ ai cũng nên đọc quyển này đặc biệt với những bạn đang trong mối quan hệ tình cảm. Sách cung cấp thông tin đầy đủ về nhu cầu của mỗi giới và xây dựng mỗi quan hệ bền vững, giao hàng nhanh, sách mới tinh, nội dung thì phải nói là quá đỉnh luôn rồi. Đây là quyển sách dạy về tâm lý tình yêu mà bất cứ ai cũng nên đọc 1 lần., Đóng gói chắc chắn. Sạch đẹp, mới. Siêu thích. Giao hàng siêu nhanh, anh giao hàng nhiệt tính và vui tính., Đây là đơn đầu tiên mình đặt Tiki, giao hàng thần tốc luôn ạ, sáng sớm là anh giao hàng đã gọi rồi. Về sách thì rất ok và còn được tặng kèm cuốn Biên niên cô đơn nữa. Và mình tìm hiểu về Bookcare để được bọc sách luôn mà vẫn ko biết bấm mua ở đâu., Chưa đọc nội dung nhưng shop giao hàng nhanh, bọc hàng kĩ, sản phẩm đóng gói tốt, Sách được bọc nilong kỹ càng, sạch, mới. Giao hàng nhanh. Mình ở nước ngoài nhờ người mua rồi gửi qua nên khâu đóng gói của người bán quan trọng lắm, giúp cho sách vận chuyển đi xa cũng không bị hư tổn gì. Sẽ tiếp tục ủng hộ., Tiki giao hàng rất nhanh. Đặt ở tỉnh nhưng chỉ 1 ngày là nhận được hàng. Nhận đủ sách, sách mới. Cảm ơn Tiki!!!!, Sách ok nhưng tiki đóng bìa plastic k chắc chắn nên bị hở ra mình phải tự lấy băng keo dán lại á, Khá ok hơi xước nhẹ 1 tí, Tuyệt vời cho người như mình. Muốn hiểu về tâm lý không chỉ đơn thuần  của riêng đàn ông để cua trai hay gì kkkk, mà mình muốn hiểu hơn cả về giới mình để có cách ứng xử, giao tiếp theo hướng tốt hơn, hoàn thiện hơn với cả 2 phái thì đây là quyển sách thực sự giúp mình rất nhiều., Đẹp, đúng mô tả, nội dung chắc sẽ thú vị lắm đây, Đổi góc nhìn hiểu nửa thế giới. :), Tiki giao nhanh, sách hay cần đọc., Cuốn này hay lắm cả nhà. Nên mua để đọc và hiểu, cảm thông cho đối phương mỗi khi giận hay cãi nhau nhé ạ. 🌝, Một quyển sách nổi tiếng “nghe danh đã lâu” nay đã về tay mình :)) m.ng hãy đọc và trải nghiệm nhé, mình chắc chắn các bạn sẽ có 1 cái nhìn thú vị và sâu sắc hơn về những mối quan hệ xung quanh cũng như sự kết nối với họ., Tiki giao hàng đúng ngày báo trên web. Sản phẩm được đóng gói cẩn thận. Bìa sách đúng chuẩn tiêu đề, nội dung chứa đựng những kiến thức hữu ích. Người đọc sẽ cảm thấy hài lòng sau khi gấp cuốn sách này lại., Sách rất tuyết vời, Hơi lạ bìa kiểu nhám khác hơn so với nhà sách í hi vọng sách chính gốc ạ, Sách hay cho các cặp vợ chồng, tham khảo nhé, Sách Tiki đóng gói kỹ càng, lót thêm ít giấy vụn để giảm sốc, rất hài lòng, nội dung sách chưa đọc nên chưa đánh giá, Sách được đóng gói kỹ lưỡng. Giao hàng nhanh. 
Nội dung thì thú vị. Thanks tác giả John Gray., giới tính luôn tạo ra sự khác biệt trong cách suy nghĩ, có lẽ cuốn sách này sẽ giúp mình hiểu hơn về cách suy nghĩ và nhìn nhận của hai giới tính, mình vote 5 sao nhé vì đóng gói hàng cẩn thận và giao hàng nhanh, Tiki thì chuẩn rồi. Từ sản phẩm cho đến khâu đóng gói và giao hàng. Cực nhanh! 
Rất hài lòng..., Hồi đó mình có đọc lụi cuốn này qua ebook tải trên mạng, thấy hay quá nên quyết tâm phải mua được cuốn này.
Thật sự nam và nữ khác biệt nhau rất nhiều trong suy nghĩ và cách ứng xử, nhưng chúng ta lại không nhận ra điều đó.
Vậy nên các cặp đôi cần đọc ngay cuốn sách này để hiểu ra sự khác biệt đó. Nó chắc chắn sẽ giúp duy trì mối quan hệ tốt đẹp lâu dài., Chất lượng giấy, in ấn tốt. Được tằng kèm sổ kế hoạch. Nội dung thì chưa đọc nên chưa đánh giá dc., Đóng gói cẩn thận, chắc chắn, sách đẹp, in rõ nét, 100₫, đáng mua ạ, mới nhận chưa xem nhưng nay rất bất ngờ với Tiki vì đặt thứ 7 mà vừa nhận ngay sáng chủ nhật luôn, sách nước ngoài đại đa số đều đi theo kiểu trình tự giải thích, thời gian,... khá lan man. tuy vậy không thể phủ nhận độ hay của sách khi chỉ ra những khác biệt giữa đàn ông và đàn bà cùng cách thức hòa hợp khi ở chung. nhưng đứng dưới góc độ một người FA thì đọc xong lại có cảm giác cách yêu đương là một sự giả dối to lớn. hơn nữa vì biết được nhu cầu tình cảm của đối phương mà có thể dùng các cách khác nhau thõa mãn người ấy rồi đòi những điều mình muốn, giống như khống chế hành vi vậy., Shop giao siêu nhanh, đóng gói cẩn thẩn lắm ạ, Giao hàng đúng hẹn,sách được gói bọc cẩn thận cùng với mác tem chuẩn.Sẽ tiếp tục ủng hộ shop, Nội dung sách khá hay, giúp hiểu rõ hơn về người khác giới, Nội dung rất là hay nhen, hữu ích cho việc hiểu bản thân và người khác giới => không hiểu sai ngôn ngữ của nhau và biết cách cư xử tốt hơn, Sách mới, phẳng phiu. Bọc sách khá ổn. Giao trong 5 ngày. Nội dung thì phải đọc và cảm nhận sau 🌸, Sách hay,đã nghe nhiều review rồi mới mua nên khá ấn tượng. Giá mua cũng rẻ hơn trên bìa nữa, The gunman then took a hostage and demanded a plane and safe passage to an unspecified destination.
It's the good weather that makes Spain such a popular tourist destination.
What guided your choice of destinat, Sách đẹp, nội dung thực tế, tiki đóng gói cẩn thận, có lớp chống sốc, giao hàng siêu nhanh, vote 5 sao :"">, sản phẩm đóng gói ok. Bìa sách hơi bị trầy nhẹ. Nội dung mang giá trị nhân văn, mọi người nên đầu tư một cuốn cho mình, sách hay, nội dung rất tốt, các bạn vợ chồng trẻ nên đọc cuốn sách này để hiểu và cùng nhau xây dựng hạnh phúc gia đình.
sách của tiki luôn làm mình hài lòng, sách đẹp,in rõ ràng, có tem chống giả, giá tốt, Sách đẹp, không có dấu hiệu hỏng hay gì cả. Thấy mọi người recommend nhiều nên mua thử đọc xem, Mình trước giờ mua sách chỉ vài lần trên tiki, nhưng lại rất may mắn khi chưa bao giờ mình nhận cuốn sách nào bị móp méo cả. 
Giao hàng lại đúng thời gian, có khi giao nhanh hơn. 
Tuy chỉ mới đọc được 2 chương đầu khi vừa đập hộp êm ngày hôm qua.
Nhưng lại bị cuốn hút ẻm từ sự thực tế của giá trị cuốn sách mang lại. 
Một quyển sách đáng để dành thời gian đọc, để tìm kiếm lại đúng giá trị của bản thân và xây dựng cho các mối quan hệ xung quanh trở nên tốt đẹp hơn. 
Cám ơn tiki rất nhiều nhé., Sách được đóng gói kỹ càng., Mình đã nghe cái tên Đàn ông sao Hỏa đàn bà sao Kim từ rất lâu. Hôm rồi thấy có cái bìa mới này hấp dẫn quá đặt mua luôn. Công nhận những điều John Gray nói rất lý trí. Việc hiểu nhau sẽ giúp các cặp vợ chồng yêu thương, thông cảm và chia sẻ cho nhau nhiều hơn.
Chắc mình mua đc sách mới tái bản hay sao á, không thấy có lỗi chính tả như nhận xét của một số bạn khác., Giao hàng nhanh, đóng gói sp tốt, nội dung chưa đọc hết nhưng nhìn chung khá là hay, Sách được đóng gói cẩn thận, không bị móp méo hoặc rách, giao nhanh hơn dự kiến. Rất hài lòng về shop và sản phẩm. Sẽ tiếp tục ủng hộ., Mình đã đọc xong, cuốn sách này mở cho chúng ta những khái niệm mới về tư duy của phụ nữ và đàn ông, cũng có thể xem là 1 quyển từ điển của các cặp đôi. Đáng đọc, Hàng đóng gói chắc chắn, giao hàng cực nhanh, lần sau sẽ ủng hộ tiếp😀, Cực kỳ bổ ích, đọc cảm thấy cứ như chuyện của mình ấy. Tính ứng dụng cực cao khi hiểu rõ con trai con gái vốn dĩ khác nhau như nào, từ đó biết lựa đường ứng xử, cảm thông hơn. Rất rất rất rất rất nên mua nên đọc nhé, Ai có gia đình nên tìm đọc, Ai chưa lập gia đình hay đã lập gia đình hay như tôi đang trong tình trạng tồi tệ của hôn nhân hay là những người đã li hôn thì cũng nên đọc quyển sách này. Hiểu mình hiểu bạn đời, trăm trận trăm thắng. Đừng để đến khi quá muộn mới thay đổi. Chúc bạn hạnh phúc!, Đóng gói đẹp, giao hàng nhanh. Rất thích khi shop bỏ thêm vào giấy chống va chạm và hoá đơn, Sách đúng xịn xò chuẩn bản 188k của Cá chép nhưng ord có 135 giao ngah 2h, Mua hàng trên tiki 5-6 năm rồi lúc nào cũng ưng cái bụng. Sách mới đẹp tinh tươm không tì vết. May quá tiki sale rẻ mà sách lại mới đẹp. Rất ưng. À giao hàng như tên lửa lun nha, khuya hôm qua đặt mà trưa hôm nay đã nhận hàng rùi, Sách rất hữu ích cho những người đã lập gia đình, đối với người chưa lập gia đình như mình thì sách cũng đem lại những hiểu biết rất cần thiết và đáng giá cho cuộc sống hôn nhân sau này, 🙇🙇🙇. Mai mốt có giao đồ như sách thì cũng nên bọc 1 lớp chống sốc á, bỏ tiền ra mua hàng mà bị móm méo cạnh buồn hết sức 😔. sách mình đặt dùm nên cũm k bt sách có hay, dở j đâu :"", Chưa đọc nhưng để 5* cho tiki về dịch vụ., Ai muốn giải đáp những thắc mắc về lối suy nghĩ khác nhau giữa đàn ông và phụ nữ thì nên đọc quyển này!, Sách viết về những vấn đề rất thực tế, đọc để cải thiện bản thân tốt hơn, Sách có tem chống giả. Bìa đẹp. Giao nhanh, Một cuốn sách đọc một vài trang đầu cũng đã thấy được tâm huyết và sự chau chuốt của tác giả dành cho tác phẩm. Rất đáng mua để đầu tư cho những mối quan hệ tương lai, Sách hay, đọc mà thấm thía được nhiều điều, Giao hàng nhanh. Đóng gói hợp lý. 
Sách mới, ko bị lỗi. 
Đàn ông và phụ nữ trước khi quyết định ký giấy đăng ký kết hôn cần đọc., mọi thứ ok, nội dung sách chưa đọc nên chưa đánh giá được, good, Cuốn sách đàn ông sao hỏa, đàn bà sao kim mình nghe giới thiệu khá nhiều. Về phần nội dung mình chưa đọc hết nên chưa khái quát được nhưng về hình thức thì ai đang trong mối quan hệ rối ren thì có thể thử xem như nào)), Chưa đọc vào nội dung nhưng mn review tốt. Sách mới , bìa mềm xuất bản 2012, cỡ chữ hơi nhỏ nhưng vì sách dầy nên chấp nhận. In đẹp, chữ rõ ko lem. Hình thức bắt mắt. Đáng giá tiền, Đọc được 1/3 cuốn sách và ngỡ ngàng ""ồ hóa ra đàn ông khác biệt với đàn bà đến vậy"". Cảm thấy tiếc nuối cho những mối tình rời xa nhau vì không hiểu nhau. Sách rất hay và cần thiết cho những cặp đôi muốn xây dựng cuộc sống vợ chồng hạnh phúc. Nhưng chỉ phù hợp với những ai có tư tưởng tiến bộ và thực sự yêu thương nhau thì mới có thể áp dụng được. Còn ai có tư tưởng bảo thủ hoặc kết hôn vì mục đích nào đó thì đọc sách này cũng vô nghĩa. Sách ko cổ xúy cho việc ""đàn ông phải thế này, đàn bà phải thế kia"", sách không ép buộc bạn chấp nhận những tính xấu của đối phương. Mà là chỉ ra những khác biệt để bạn hiểu và dung hòa, để bản thân bạn dịu dàng hơn khi đối mặt với những tình huống khó chịu trong cuộc sống. Khi bạn thực sự yêu ai đó, bạn mới có thể kiên nhẫn đọc để hiểu hơn về họ, cảm thông cho họ, và yêu thương họ, yêu cả những điểm khác biệt của 2 giới tính..., Sách in đẹp, cứng cáp, rõ ràng. Cuốn sách này mình đã đọc rồi mà bị mất nên mua lại, rất hữu ích để hiểu về ny mình nha., Sách in đẹp, cứng cáp, rõ ràng. Cuốn sách này mình đã đọc rồi mà bị mất nên mua lại, rất hữu ích để hiểu về ny mình nha., Sách thì hay khỏi bàn rồi,ai cũng nên đọc để có tình yêu đẹp nhó😘😘 em sẽ hành xử thật đúng để chúng mình cùng hạnh phúc. Shop còn tặng thêm quyển mục tiêu kế hoạch nữa,giao hàng thì nhanh, shipper thân thiện,1000⭐⭐⭐⭐⭐⭐, Cuốn sách  cho mình góc nhìn hay, mong muốn, sự khác nhau về 2 giới những cách để điều chỉnh và thay đổi. Tg nước ngoài nên có nhiều ý kiến chưa phù hợp vơi ng Việt lắm. Tổng kết thì vẫn là cuốn sách mà mn nên đọc và đọc nhiều lần theo từng giai đoạn hôn nhân ạ, sách bổ sung kiến thức, kĩ năng cần thiết cho việc giữ gìn không những mối quan hệ khác giới mà còn các mối quan hệ xã hội trong cuộc sống, đặc biệt là trong dòng chảy công việc cuốn con người rời xa thực tại và những chân giá trị cần được nuôi dưỡng và phát huy., nói chung mình định đọc hết rồi review cho các bạn cơ, nhưng đợt này mình ôn thi, mà tiki có treo giải nên mình review luôn
cuốn này mình đọc hơn 1 nửa online rồi mua, thì mình thấy nó dạy ta cách hiểu tâm sinh lý người bạn đời hoặc người yêu của mình, tâm lý thì nhiều hơn, nói 1 số cách để xử lý tình huống, mình cũng có đọc cư xử như đàn bà hành động như đàn ông , thuật yêu đương và tại sao đàn ông thích tình dục phụ nữ cần tình yêu nữa, nói chung mỗi cuốn sẽ có 1 phong cách riêng, nhưng cũng khá  nhiều điểm chung, vì đều nói tâm lý đàn ông và đàn bà mà, đàn ông đến từ sao hỏa đàn bà đến từ sao kim thì nhẹ nhàng hơn suy nghĩ như đàn ông cư xử như đàn bà và phân tích sâu về tâm lý 2 phái hơn, Một cuốn sách hữu ích nêu ra những sự khác biệt cơ bản và ví dụ điển hình cũng như những giải pháp căn bản để cải thiện sự bất hòa và bất cập trong mối quan hệ giữa đàn ông và đàn bà., Sách giao khá nhanh, mua qua app nên được giảm lần nữa còn có 110k, saách nhìn không mới lắm, nhưng mà không sao vẫn chấp nhận được, vì chúng ta chú trọng kiến thức bên trong !, Nhất định PHẢI ĐỌC! Cuốn sách k chỉ giúp bản thân hiểu đối phương mà còn hiểu chính mình; hiểu rằng những hành động của mình trong tình yêu không phải lạ lùng mà do xuất phát từ đặc điểm giới tính. Điều quan trọng là cả 2 tôn trọng sự khác biệt về cảm xúc, hành động của đối phương, chia sẻ và thay đổi để hoà hợp hơn. Mình nghĩ quyển sách này nên đọc càng sớm càng tốt, mình đã giới thiệu sách với rất nhiều người bạn!
• Sách dày gần 500tr, bìa cứng, nhận hàng k bị bóp méo.
• Tiki giao hàng nhanh., Sách viết hay về cách xử lý, tâm lý đàn ông, đàn bà
Khoitichcuc : Tiktok chia sẻ tài chính cá nhân, Cuốn sách nghe giới thiệu khá nhiều. Về phần nội dung mình chưa đọc hết nên chưa khái quát được nhưng về hình thức thì ai đang trong mối quan hệ rối ren thì có thể thử xem như nào, Mình đã đọc cuốn sách này bản pdf. Hôm nay có duyên nên muốn sở hữu cuốn sách thật để đọc và chia sẻ đến người quen dễ dàng hơn! Cảm ơn tiki! Cảm ơn Bizbooks!, 
Trung lập: Sách hay dày khoảng 470 trang, ♥️♥️♥️ có những phần mình cảm nhận chưa đúng lắm với cảm nhận của bản thân lắm. Nhưng nhìn chung vẫn là một quyển sách đáng đọc để hiểu rõ về bản đời của mình hơn. Sách có kha khá lỗi về chính tả, thừa thiếu chữ, Chưa đọc nên k đánh giá về nội dung, cơ mà đợt này tiki đóng hàng chán quá, hộp to hơn sách rất nhiều, cho 2 tờ giấy chèn vào cho có chả có tác dụng gì. Sách vẫn bị móp ở cạnh, mọi thứ ok, nhưng shop đóng gói rất tệ, chỉ bọc bằng màn bọc thực phẩm bỏ vào hộp giấy, sách bị cong ở góc nhìn rất xấu, Cuốn này mình mua về để tặng bạn nên không có đọc ạ. Bìa ngoài khá đẹp và không bị lỗi sách., Sách ổn, có bọc bookcare. Nhưng tiki giao quá chậm, biết là dịch mình rất thông cảm nhưng khâu chuẩn bị rất nhanh mà k chuyện vận chuyển cho mình. Báo với mình đơn hàng giao chậm 7-14 ngày nhưng ngâm hơn 2 tháng. Bên chat của tiki trả lời tin nhắn rất chậm. Mình chỉ bực cách làm việc của tiki là chính, Sách mới đẹp, ko bị hư hại. Tiki không bọc bookcare cho mình mặc dù sách đã chọn gói bookcare, sách tương đối mới (sách đã qua sử dụng) hơi rách ở gáy sách 1 chút cũng như còn tồn tại 1 số vết nhơ cũ. chất lượng ổn so với giá tiền, Nội dung tốt, tuy nhiên thì giấy sách hơi mỏng nên chữ ở mặt sau bị lem mờ sang, hơi khó chịu cho người bị loạn thị như mình. Ngoài ra, giấy cũng được cắt không được chỉnh chu lắm, kiểu giấy nó cứ không đều nhau., Nội dung khai thác khá mới lạ, nhưng dịch còn nhiều chỗ khó hiểu, không được mượt mà., Sách bị gập trang, không biết cắt có mất chữ không đây 🥲, Mình không thể đánh giá sao thấp vì nội dung của cuốn sách rất hay, mà độc giả hầu hết nhìn vào số sao để chấm rằng sách hay hay không, nhưng không vì vậy mà mình không trừ 2 sao cho việc Tiki đã giao 1 quyển sách bị ""cũ"" như vậy (tuy rằng mình không hay chú ý đến bìa sách lắm, nhưng lỗi này nhìn vào là thấy liền, không thể không nói được)
Mình vừa đọc đến 30 trang đầu, và ở trang 26 bị lặp chữ ""mối quan quan hệ"", góp ý cho nhà xuất bản giúp mình để lần tái bản sau những lỗi vặt như vậy không xảy ra nữa, xin cảm ơn ❤, Sách ko có seal, vận chuyển bị va đập nên bìa sau bị 1 vết, nhìn cực kì khó chịu. Ôi tr, ko seal thì cũng nên bọc kĩ chút cho mình chứ, làm ăn chán quá, Chất lượng làm sách của nxb không được như mong đợi, nếu đọc lâu dở các trang sẽ bị bong gáy. Tiki thì giao hàng nhanh, sách bọc cẩn thận nhưng vẫn có vết sứt nhẹ, mong tiki làm tốt hơn., Chưa đọc vì đang sưu tầm sách, quyển sách này là những kiến thức sống trong gia đình đặc biệt là đối với các gia đình trẻ, nó mang đến sự nhìn nhận một cách khách quan về mối quan hệ và sự khác biệt của nam giới  và nữ giới từ đó giúp các bạn hiểu và thông cảm cho những hành động của đối phương..., Giao hàng siêu nhanh. Nhận sách buồn xĩu, may là chỉ mất 1 đoạn ngắn, Chất lượng sách thì ok nhưng noiij dung thì thấy cũng bình thường, k thu hút lắm.  Đọc xong thì tóm lại cũng 2-3 ý chính thôi nhưng lặp lại hơi nhiều. Những ai có gia đình thì cg nên đọc vì lý thuyết thì nên đi đôi vs thực hành :)), Trên post thì có hình quà tặng nhưng nhận thì không thấy, Sách của mình bị cắt thừa :> rồi giấu nhẹm bằng cách gấp vào trong., Sách hay dày khoảng 470 trang, ♥️♥️♥️ có những phần mình cảm nhận chưa đúng lắm với cảm nhận của bản thân lắm. Nhưng nhìn chung vẫn là một quyển sách đáng đọc để hiểu rõ về bản đời của mình hơn. Sách có kha khá lỗi về chính tả, thừa thiếu chữ, 
Tiêu cực: Sách mình mới nhận được 2 ngày, chưa kịp đọc, mới cầm nhẹ đã bung gáy, có vẻ keo dán chưa được chắc chắn. Mong shop sẽ cải thiện hoặc tăng giá sản phẩm lên để nâng cao chất lượng. Mình không hề muốn làm mất miếng cơm của ai, đây chỉ là góp ý, bỏ tiền trăm ra để mua mà sản phẩm như vậy tiếc tiền lắm!, đã mua rất nhiều hàng trên tiki, mình mua cả đồ điện tử, máy giặt trên tiki mấy lần trước giao trễ so với dự kiến mình minh không để ý  nhưng đây là lần đầu tiên mình thấy thất vọng như vậy, đơn hàng đặt giao chậm mình thông cảm do dịch bệnh nhưng mình mua sách nhưng Tiki  trading  đóng gói như vậy. sách bên trong còn không  được bao ni *** haizza!!!!!!!!!!!!, Đây là lần đầu mình mua sách ở Tiki mà nhận được hàng hơi thất vọng như vầy, mở hàng ra còn có bụi bám ở bìa và phần trang sách. Còn phần bìa phía sau lại bị rách và không được mới nguyên vẹn. Mình luôn mong muốn sách mình đọc luôn mới nên khi thấy sách mới mua về thế này mình thấy không hài lòng chút nào!, Đây là sách trưng bày, đã có ng đọc và còn cong giấy. Không hiểu sao tiki lại giao cho mình cuốn này nhỉ???, Các quyển sách khác đóng gói đều tốt, riêng quyển này không hiểu đóng gói kiểu gì làm bìa gãy gập lại
Nhận được quyển sách mà thất vọng, Mình đã mua một cuốn ở shop khác, hàng thật, đầy đủ chi tiết hơn. Shop bán đồ lậu, cầm cái cuốn sách là tự cảm nhận được rồi. Mình mua tặng nên khá thất vọng, nhận đc hàng sách ko có bọc bóng gì cả, chỉ là một hộp cát tông mỏng và đống sách chồng nhau bên trong, lần đầu đặt sách ở shop này mà ko có thiện cảm gì sẽ ko bh ghé lại , làm viẹc ko có tâm gì., Bọc bookee sao cẩu thả vậy tiki ơi!!! Xem giùm mình chứ bọc làm ăn cẩu thả như này thì buồn lắm tiki ơi!!!, Mua 500 tiền sách, hết 2 quyển bị thế này. Giao hơn 1 tháng trời, gọi điện thì nhân viên hời hợt. Chán thật sự. Tổng số tiền mua ở tiki không hề nhỏ mà không hề có chương trình để gắn kết khách hàng,… chán quá, Bì sản phẩm bị nhăn nhúm và dập, cũng không được bộc chống sốc làm sách bị nhăn và gẫy theo, có thể do bị lưu hàng quá lâu do dịch gây ra nữa nhưng tóm lại nhận hàng là không hài lòng, Lần đầu tiên mình nhận sách với tình trạng tệ như vậy luôn, sách bẩn như dùng rồi ý thật sự thất vọng, Nhận 3 quyển 3 hộp đóng khác nhau, 2 quyển tạm ổn chứ trông cũng bị mòn gáy với rách nhẹ. Còn riêng cuốn này thì chuẩn sách cũ trong khi mua là sách mới, bẩn, mốc, loang nổ, gấp góc và bìa nát luôn. Thật sự lần đầu đặt sách qua tiki mà chán thật sự ấy., Mua 3 cuốn sách, 2 cuốn đầu bọc ni lông gói đầy đủ, đẹp. Tới cuốn thứ 3 không bọc không gì, gáy còn bị bong tróc như hình, chắc bán đắt quá không cần khách nữa, cho 3 cái review 1 sao., Sách ship tới cái vỏ hộp nát không thể nát hơn. Sách không có bọc nilon trông khá cũ. Đọc đc chương một thì thấy bị rách thế này. Với ng giữ sách thật sự rất bực mình. Không hiểu tiki trading mà chất lượng như thế này là thế nào, sách sao giống sách lậu ý, bên trong chữ in k có thẳng hàng, cứ nghiêng qua nghiêng lại, nhìn cứ phản cảm sao ý...vả lại đóng gói khá sơ sài luôn, hộp bị rách nữa, kỳ này tiki làm mình khá thất vọng lun, Cuốn sách được đưa đến mình với tình trạng khá tệ! Bìa sách bị quăn và khi mở sách, mình còn nghe cả tiếng keo nứt ra. Ở phần giữa của cuốn sách keo dán chưa được kỹ, mình chắc chắn nếu đọc đến phần này, giấy sẽ rơi ra. Mình mong rằng lần sau giao hàng, bên đóng gói sản phẩm làm ơn BỌC LẠI giúp mình. Cảm ơn vì có được trải nghiệm mua hàng TỆ HẠI đến từ Tiki!, Luôn tin tưởng và chọn mua sách qua Tiki nhưng lần này chất lượng sản phẩm không như mình mong đợi. 
Nếu như sách bị lỗi do mực in, nội dung... thì đó ko phải do Tiki, hoặc lỗi ở các trang bên trong khó thấy thì có thể bỏ qua, nhưng bìa sách (cái có thể dễ dàng nhìn thấy được) bị lỗi mà Tiki vẫn quyết định giao một sản phẩm như thế cho khách hàng thì thật đáng thất vọng., Sách mình mới nhận được và bị lỗi như vầy. Mấy lần trước mình đặt không sao và hộp đóng gói luôn còn rất mới. Nhưng lần này nhận được hộp móp méo và kiểm tra sách thì thấy bị lỗi., Sách mình mới nhận được 2 ngày, chưa kịp đọc, mới cầm nhẹ đã bung gáy, có vẻ keo dán chưa được chắc chắn. Mong shop sẽ cải thiện hoặc tăng giá sản phẩm lên để nâng cao chất lượng. Mình không hề muốn làm mất miếng cơm của ai, đây chỉ là góp ý, bỏ tiền trăm ra để mua mà sản phẩm như vậy tiếc tiền lắm!, đã mua rất nhiều hàng trên tiki, mình mua cả đồ điện tử, máy giặt trên tiki mấy lần trước giao trễ so với dự kiến mình minh không để ý  nhưng đây là lần đầu tiên mình thấy thất vọng như vậy, đơn hàng đặt giao chậm mình thông cảm do dịch bệnh nhưng mình mua sách nhưng Tiki  trading  đóng gói như vậy. sách bên trong còn không  được bao ni *** haizza!!!!!!!!!!!!, Đây là lần đầu mình mua sách ở Tiki mà nhận được hàng hơi thất vọng như vầy, mở hàng ra còn có bụi bám ở bìa và phần trang sách. Còn phần bìa phía sau lại bị rách và không được mới nguyên vẹn. Mình luôn mong muốn sách mình đọc luôn mới nên khi thấy sách mới mua về thế này mình thấy không hài lòng chút nào!, Đây là sách trưng bày, đã có ng đọc và còn cong giấy. Không hiểu sao tiki lại giao cho mình cuốn này nhỉ???, "
10095276,"## Tóm tắt Feedback về sách Ikigai:

**Phản hồi tích cực:**

* **Nội dung:** 
    * Rất thích chủ đề về Ikigai.
    * Giúp hiểu thêm về văn hóa, phong tục Nhật Bản.
    * Cải thiện tư duy.
    * Thấy Ikigai trong từng khoảnh khắc qua các câu chuyện.
    * Nội dung hay, uyên thông, nhiều giá trị kiến thức.
    * Dễ hiểu, dễ áp dụng vào thực tế.
    * Liên hệ mật thiết tới triết lý Phật giáo.
    * Triết lý vượt qua ranh giới quốc gia.
    * Mong Việt Nam áp dụng triết lý này phổ biến.
* **Hình thức:** 
    * Sách đẹp, xinh.
    * Đóng gói đẹp, cẩn thận.
    * Giao hàng nhanh, shipper thân thiện.
    * Chất lượng in tốt.
    * Sách nhỏ, mỏng, dễ mang theo.
* **Giá trị:** 
    * Đáng giá, tuyệt vời.
    * Hay, bổ ích.
    * Truyền cảm hứng, động lực.

**Phản hồi trung lập:**

* **Nội dung:**
    * Khó hiểu, cần nghiền ngẫm.
    *  Lan man, nhiều ví dụ minh họa.
    * Không quá hữu ích.
    * Chưa đi sâu vào vấn đề.
    *  Văn phong không hợp với một số người.
* **Hình thức:**
    * Bìa sách đẹp nhưng bị sờn, gập.
    * Phần rìa sách cắt thô ráp, gợn tay.
    * Không có bookmark.
    * Tiki không bọc sách cẩn thận, sách bị ẩm.
    *  Nội dung không rõ nghĩa, không liên quan trực tiếp.

**Phản hồi tiêu cực:**

* **Hình thức:**
    * Sách bị vết dao lam, vết màu đen, dơ, sờn mép, bẩn.
    * Tiki không bọc sách, sách bị móp, gãy, ướt.

**Kết luận:**

Hầu hết mọi người đều đánh giá cao sách về nội dung và giá trị truyền cảm hứng. Tuy nhiên, một số người cho rằng nội dung lan man, khó hiểu hoặc không phù hợp với mình. Về hình thức, nhiều người khen ngợi sách đẹp và đóng gói cẩn thận, nhưng cũng có những phản hồi tiêu cực về chất lượng sách và cách đóng gói của Tiki. 
","Tích cực: /Mình thật sự rất thích những chủ đề về ikigai. Qua quyển sách này mình biết thêm rất nhiều về văn hoá, phong tục và truyền thống của ng Nhật. 1 quyển sách khi đọc giúp mình cải thiện nhiều hơn về tư duy. Từ câu chuyện đầu bếp Sukiyabashi Jiro 3 sao Michelin, Fujita ng tuyển chọn cá ngừ rồi đến chén trà ngàn sao,... mình thấy đc ikigai trong từng khoảnh khắc. 
Tiki giao hàng nhanh, sản phẩm tuyệt vời, Nội dung hay, có sự uyên thông trong câu chữ bao hàn nhiều giá trị kiến thức quý báu. Khi đọc nên nghiền ngẫm vì có nhưng đoạn lịch sử Nhật khá khó hiểu. Tuy nhiên hiểu được và làm theo là hai chuyện trái ngược nhau. Đôi khi vận dụng được đức tính này thì hinh thành thói quen rất quan trọng. Cheers!, Sách đọc cũng tạm được, ví dụ dễ hiểu dễ áp dụng vào thực tế. Ikigai cũng có liên hệ mật thiết tới triết lý Phật giáo rằng hãy giải phóng cái tôi, bắt đầu từ những việc nhỏ nhặt, niềm vui từ những điều nhỏ bé và sống trọn từng khoảnh khắc..chính vì vậy mà bất kỳ ai ko kể giai cấp tầng lớp hay môi trường sống đều có thể áp dụng một cách dễ dàng. Khi tất cả mọi người đều có Ikigai, giữ chúng ta ko có khoảng cách, văn hoá quốc gia hay địa vị xã hội, chỉ còn con người với nhau mà thôi.

Triết lý này vượt ra khỏi ranh giới quốc gia. Rất trân trọng tinh thần này của người Nhật, hi vọng, Việt Nam có thể áp dụng được triết lý này một cách phổ biển, để đời sống ngày càng trở nên hạnh phúc và tốt đẹp hơn., Giao hàng nhanh, sách xinh

Chào mừng bạn đến với bảng nhớ tạm của Gboard, bất kỳ văn bản nào bạn sao chép sẽ được lưu tại đây.Chạm và giữ một đoạn để ghim đoạn đó. Các đoạn đã bỏ ghim sẽ bị xóa sau 1 giờ., Mới đọc đc tầm chục trang đầu nhưng mình cảm thấy có vẻ thấm đc quyển này á. 
Quyển sách đc dịch ra là lý do sống. Chà nghe tên sách là thấy ý nghĩa rồi đó
Mình thích mua sách tiki vì đc bọc luôn vừa vặn với quyển sách, giao hàng nhanh, sách giao tới đẹp, k lỗi lầm. Cám ơn tiki, cám ơn anh shipper rất nhiều nè, Mình mới mua cả 4 cuốn này, thật sự rất đáng giá khi biết đến những cuốn sách tuyệt vời này. Sách của Nguyên Phong thì ko còn gì bàn cãi nữa, mình thích tìm hiểu về tâm linh nên đơn giản là không thể bỏ lỡ. Cuốn Hành Trình Tỉnh Thức của anh Tạ Minh Tuấn thì mình vừa mới được biết đến gần đây, một người đồng hương của mình, một người siêu giỏi và cũng là một người mình ngưỡng mộ trên hành trình tâm linh mà anh ấy đang đi. Biết ơn ❤️, Giao hàng siêu nhanh, anh shipper thân thiện lắm luôn á. Sách còn nguyên vẹn, không bị sứt méo hay gì cả. Về nội dung thì cuốn này cũng ổn áp lắm, đan xen thêm nhiều thói quen, lối sống... của người Nhật làm dẫn chứng cho các luận điểm của tác giả.
Mình viết cái đánh giá này là lúc mà mình đọc xong cuốn này rồi, nên bìa sách các thứ sẽ không còn được nguyên vẹn như lúc mơi giao nữa (sẽ có 1 số nếp nhăn,... và Tết mình về quê có mang cuốn này theo, ai dè trên xe khách chật chội lỡ tay làm rơi cái bụp, nhăn gáy sách, cả cái bìa có nếp nhăn, xót quá trời ) :, Tuyệt vời, sách hay đóng gói ok mãi ủng hộ nhà sách tiki, Sách nhỏ mỏng phù hợp mang theo người. Nội dung sách thú vị cho mình hiểu thêm văn hóa Nhật Bản. Sách lý giải một phần lý do vì sao dậy sớm dễ thành công.
Dịch vụ Tiki tốt, chuyên nghiệp. Mình lựa chọ lâu dài., Thời gian này mình bắt đầu tìm hiểu về Ikigai nên quyết định đặt mua cuốn sách, giao hàng nhanh, nên mua nha mọi người☺️, Sách hình thức tốt, nội dung hay, dịch vụ Tiki tốt, chấm cho 09 điểm. Mình lười up hình thông cảm và cho thưởng hé., Sách hay, ngôn từ dễ hiểu. Mạch câu chuyện thu hút. Sách dành cho những người còn thiếu động lực cuộc sống và chưa định hình được bản thân để tìm thấy ikigai của mình, Mình không phải người quá cầu kì nên vài vết nhỏ không đáng là gì, bìa đẹp nên mong rằng sẽ hay, Sách nội dung rất sâu sắc, thú vị, thích hợp với những người sống tối giản, Những câu chuyện tuyệt vời về cuộc sống hạnh phúc của người Nhật. 
Một phương pháp đơn giản và cụ thể để thực hành câu nói “buông bỏ để tự do “!, Giao hàng nhanh. Sách mới khá ok nha tuyệt vời 10 điểm, Sách sale 5k, tiki giao hàng siêu nhanh còn chất lượng thì không phải bàn, rất thích mua sách trên tiki., Giao hàng hơi lâu. Đóng gói cẩn thận. Sách mình muốn mua từ lâu nay thấy sale nên mua luôn. Cuốn sách khá hay và bổ ích, Cuốn này mình đã nghe danh từ lâu nay mua về thực sự rất mong đợi. Sách giao khá nhanh. Shipper cực nhiệt tình!!, Tiki giao hàng rất nhanh. Đặt ở tỉnh nhưng chỉ 1 ngày là nhận được hàng. Nhận đủ sách, sách mới. Cảm ơn Tiki!!!!, Sách hay, dịch vụ tốt nha!, Chưa đọc nhưng cuốn này đc đánh giá cao nên chọn đọc. Bìa sách hơi lem màu chút chắc do bảo quản hoặc vận chuyển, Một cuốn sách đến với tôi thật đúng lúc. Cảm ơn tiki. Cảm ơn Nhã Nam!, Giúp sức khỏe tinh thần trở nên tốt hơn, biết nên chú tâm vô điều gì và cái gì nên làm lơ., Oki, Chất lượng in tốt. Nội dung nhiều ví dụ đôi khi khiến mình cảm thấy lan man. Nội dung giải thích về IKIGAI rất rõ ràng., Giao nhanh. Nội dung sách lan tỏa những nội dung tích cực, hướng chúng ta đón nhận mọi việc một cách nhẹ nhàng. Nên đọc, Sách xinh đẹp quá mà người bán gói hàng cũng rất cẩn thận. Mua sale nữa nên giá rẻ ơi là rẻ vừa đc chất lượng vừa được ship ngay, chưa đầy 1 hôm sau là có rùi ạ, Sách rất hay về góc nhìn và motivate mọi người tìm ra ikigai của mình để sống hạnh phúc. Sách tiếng anh cũng hay nên mua thêm tiếng việt tặng bạn, Giao hàng nhanh, chất lượng tốt, đóng gói cẩn thận và gọn gàng, Giao hàng rất nhanh, sách đẹp, nội dung hay, ý nghĩa, Nội dung sách hay, thể hiện nét sống hết mình, tỉ mĩ của người Nhật. Cách họ thưởng thức từng khoảnh khắc cuộc sống., ship giao hàng nhanh , thân thiện , shop đóng gói hàng cẩn thận , sách còn nguyên vẹn, Mình rất thích
sách hay
giấy đẹp
Nội dung cuốn hút, 5 trụ cột IKIGAI được tác giả đề cập xuyên suốt cùng những câu chuyện thực tiễn sẽ khiến bạn phải suy ngẫm nhiều về đời sống, Tuyệt vời! CẢM ƠN, CẢM ƠN, CẢM ƠN!, Sản phẩm hay
Nội dung gây truyền cảm hứng cho người đọc, Ok giao hàng nhanh. Để mình sắp xếp thời gian đọc, sách rất hay, nội dung rất đáng để đọc nhé. giao hàng siêu nhanh, Cuốn sách mỏng nữa, nếu không sale thì mua hơi phí, Chưa đọc nên chưa đưa ra review đánh giá nội dung sách. Sách được đóng gói cẩn thận., Sách hay, chất lượng in tốt 👍, Sách bọc cẩn thận 
Tiki bây h giao cực nhanh nha 
Mk đặt chưa đến 1 ngày đã giao rồi 
Lại còn cho kiểm hàng nữa 
Giá sale 40% cực tốt nha, Nội dung hấp dẫn,nhỏ gọn, mẫu mã đẹp !, Sách hay, Đọc cần sự nghiền ngẫm và thấu hiểu bản thân để mở khoá từng chút một mỗi ngày. Sách rất hay, Sách khá hay, đóng gói tốt, sách hay, Giao nhanh hàng bọc đẹp, GoodHàng của thương hiệu dododios rất tốt, đáng đồng tiền bát gạo, Giao hàng nhanh, gói hàng kĩ lưỡng, Sách đẹp, giao hàng nhanh chóng, Sách đẹp, được bao bằng bookcare rất chỉn chu, Giao nhanh, Giao hàng nhanh, sách mới, Dễ đọc, ý nghĩa, người đang không có mục tiêu trong cuộc sống hãy thử đọc, Hay, siêu hịn nhá mọi người ưi, giao hàng nhanh lắm ạ, đóng gọi chắc chắn chuẩn tiki, e sẽ ủng hộ tiki nhiều nà, nên đóng gói hàng chắc chắn hơn ạ
Mình rạch một các là trúng vô bìa rồi:(
nhưng chất lượng quyển sách 10đ, Sách hay về chủ đề rất bổ ích, 1 cuốn sách rất đáng đọc! Hiểu thêm về văn hoá Nhật, và Ikiga có thể tìm thấy ở bất cứ đâu và bất cứ lúc nào, sách bọc kỹ, giao hàng nhanh, rất hài lòng ♥️, sách đẹp, đóng gói cẩn thận, giao hàng nhanh., Một cuốn sách hay về nội dung, Sách tốt, Ok. Sách đúng mô ả, Sách hay, dễ hiểu,, Sách đẹp, giao nhanh, lướt sơ nội dung thấy rất hay luôn mn, sách hay nên đọc, /Mình thật sự rất thích những chủ đề về ikigai. Qua quyển sách này mình biết thêm rất nhiều về văn hoá, phong tục và truyền thống của ng Nhật. 1 quyển sách khi đọc giúp mình cải thiện nhiều hơn về tư duy. Từ câu chuyện đầu bếp Sukiyabashi Jiro 3 sao Michelin, Fujita ng tuyển chọn cá ngừ rồi đến chén trà ngàn sao,... mình thấy đc ikigai trong từng khoảnh khắc. 
Tiki giao hàng nhanh, sản phẩm tuyệt vời, Nội dung hay, có sự uyên thông trong câu chữ bao hàn nhiều giá trị kiến thức quý báu. Khi đọc nên nghiền ngẫm vì có nhưng đoạn lịch sử Nhật khá khó hiểu. Tuy nhiên hiểu được và làm theo là hai chuyện trái ngược nhau. Đôi khi vận dụng được đức tính này thì hinh thành thói quen rất quan trọng. Cheers!, Sách đọc cũng tạm được, ví dụ dễ hiểu dễ áp dụng vào thực tế. Ikigai cũng có liên hệ mật thiết tới triết lý Phật giáo rằng hãy giải phóng cái tôi, bắt đầu từ những việc nhỏ nhặt, niềm vui từ những điều nhỏ bé và sống trọn từng khoảnh khắc..chính vì vậy mà bất kỳ ai ko kể giai cấp tầng lớp hay môi trường sống đều có thể áp dụng một cách dễ dàng. Khi tất cả mọi người đều có Ikigai, giữ chúng ta ko có khoảng cách, văn hoá quốc gia hay địa vị xã hội, chỉ còn con người với nhau mà thôi.

Triết lý này vượt ra khỏi ranh giới quốc gia. Rất trân trọng tinh thần này của người Nhật, hi vọng, Việt Nam có thể áp dụng được triết lý này một cách phổ biển, để đời sống ngày càng trở nên hạnh phúc và tốt đẹp hơn., Giao hàng nhanh, sách xinh

Chào mừng bạn đến với bảng nhớ tạm của Gboard, bất kỳ văn bản nào bạn sao chép sẽ được lưu tại đây.Chạm và giữ một đoạn để ghim đoạn đó. Các đoạn đã bỏ ghim sẽ bị xóa sau 1 giờ., Mới đọc đc tầm chục trang đầu nhưng mình cảm thấy có vẻ thấm đc quyển này á. 
Quyển sách đc dịch ra là lý do sống. Chà nghe tên sách là thấy ý nghĩa rồi đó
Mình thích mua sách tiki vì đc bọc luôn vừa vặn với quyển sách, giao hàng nhanh, sách giao tới đẹp, k lỗi lầm. Cám ơn tiki, cám ơn anh shipper rất nhiều nè, Mình mới mua cả 4 cuốn này, thật sự rất đáng giá khi biết đến những cuốn sách tuyệt vời này. Sách của Nguyên Phong thì ko còn gì bàn cãi nữa, mình thích tìm hiểu về tâm linh nên đơn giản là không thể bỏ lỡ. Cuốn Hành Trình Tỉnh Thức của anh Tạ Minh Tuấn thì mình vừa mới được biết đến gần đây, một người đồng hương của mình, một người siêu giỏi và cũng là một người mình ngưỡng mộ trên hành trình tâm linh mà anh ấy đang đi. Biết ơn ❤️, Giao hàng siêu nhanh, anh shipper thân thiện lắm luôn á. Sách còn nguyên vẹn, không bị sứt méo hay gì cả. Về nội dung thì cuốn này cũng ổn áp lắm, đan xen thêm nhiều thói quen, lối sống... của người Nhật làm dẫn chứng cho các luận điểm của tác giả.
Mình viết cái đánh giá này là lúc mà mình đọc xong cuốn này rồi, nên bìa sách các thứ sẽ không còn được nguyên vẹn như lúc mơi giao nữa (sẽ có 1 số nếp nhăn,... và Tết mình về quê có mang cuốn này theo, ai dè trên xe khách chật chội lỡ tay làm rơi cái bụp, nhăn gáy sách, cả cái bìa có nếp nhăn, xót quá trời ) :, Tuyệt vời, sách hay đóng gói ok mãi ủng hộ nhà sách tiki, Sách nhỏ mỏng phù hợp mang theo người. Nội dung sách thú vị cho mình hiểu thêm văn hóa Nhật Bản. Sách lý giải một phần lý do vì sao dậy sớm dễ thành công.
Dịch vụ Tiki tốt, chuyên nghiệp. Mình lựa chọ lâu dài., Thời gian này mình bắt đầu tìm hiểu về Ikigai nên quyết định đặt mua cuốn sách, giao hàng nhanh, nên mua nha mọi người☺️, Sách hình thức tốt, nội dung hay, dịch vụ Tiki tốt, chấm cho 09 điểm. Mình lười up hình thông cảm và cho thưởng hé., Sách hay, ngôn từ dễ hiểu. Mạch câu chuyện thu hút. Sách dành cho những người còn thiếu động lực cuộc sống và chưa định hình được bản thân để tìm thấy ikigai của mình, Mình không phải người quá cầu kì nên vài vết nhỏ không đáng là gì, bìa đẹp nên mong rằng sẽ hay, Sách nội dung rất sâu sắc, thú vị, thích hợp với những người sống tối giản, 
Trung lập: Sách rất đẹp. Giao hàng siêu nhanh, mình đặt 3g chiều qua mà 10g sáng nay đã nhận. Giao hàng của Tiki luôn là best. Nhưng nội dung sách với cá nhân mình thấy không hay. Tóm lại nội dung chỉ vẻn vẹn như trang sách mình chụp. Có lẽ sẽ hợp với bạn nào thích văn hoá và lịch sử Nhật Bản. Mình đã rất háo hức đọc hết và thấy hơi thất vọng., Sách đẹp, tuy nhiên nội dung khá lan man. Thay vì giúp người đọc thực hành ikigai, hiểu về ikigai thì sách lại ôm đồm quá nhiều ví dụ minh họa trong đây, ngoài mấy trang mở đầu khá hay thì còn lại là nỗi thất vọng., Nội dung và văn phong k hợp với mình, mình nghĩ sách sẽ hay như cuốn “ Chủ nghĩa khắc kỷ” cơ mà đọc chán quá ạ.
Nói lan man k như mọi người khen ngợi.
Về cách trình bày và chữ in thì ổn chữ đậm rõ nét, giấy dày vừa phải, Phần rìa ngoài của sách được cắt thô ráp, sờ vào gợn tay rất khó chịu, chắc tại nhà in. Bìa sách khá đẹp, giản dị nhưng lại bị sờn và vết gập (do gần đây Tiki vận chuyển sách mà không bọc hay chèn bất cứ vật gì, chỉ bỏ vào hộp giấy và gửi). Nội dung sách tập trung vào những câu chuyện nhỏ về các nhân vật, từ đó giải nghĩa về Ikigai. Cá nhân mình thì thấy sách có giá trị tham khảo nhiều hơn là truyền cảm hứng giúp mình tìm ra Ikigai của bản thân và vận dụng nó., Mình rất thất vọng về lần bọc sách này của Nhã Nam vì chỉ đóng vào hộp giấy và không bọc bất kỳ gì nên vận chuyển đường xa bị móp. Mua rất nhiều nhưng đều k có bookmark, Sách phân tích 5 cột trụ của Ikigai bằng những câu chuyện về cách sống và làm việc của người Nhật rất hay. Nhịp văn không quá chậm nhưng mình đọc có cảm giác khá thiền và cuốn. Ứng dụng thì tùy tình huống thôi vì tác giả chưa phân tích mặt tối khi làm theo Ikigai trong công việc., Nội dung sách khá chán. Bản thân mình kg thấy hữu ích., sách bị trầy một và chỗ nhỏ, mọi thứ còn lại đều rất tốt, giao hàng rất nhanh và đóng gói kĩ, Không được bọc 1 cái gì luôn đó ạ :)) 
Như sách dùng qua rồi 
Dọc xuống gáy sách gãy các thứ 
Nhìn khá khó chịu :)), cực kì không thích cách gói hàng tiki luôn í không có bọc chống sốc gì hết nên sách k được đẹp, Nội dung còn đơn giản, chưa đi sâu vào chỉ đề cụ thể., Trừ 1 sao vì tiki k bọc sách kĩ chỉ để mỗi vào hộp giấy, đúng hôm giao thì trời mưa làm nhiều quyển bị ướt, hầu như tất cả bị ẩm làm cong hết sách dù đã cố sấy:((, Mình đang tìm hiểu về khái niệm Ikigai và đặt mua 2 cuốn: Cuốn Ikigai - Bí Mật Sống Trường Thọ Và Hạnh Phúc Của Người Nhật của Ken Mogi và cuốn này. Cuốn của Ken Mogi mặc dù nổi tiếng hơn nhưng khá khó đọc mà mơ hồ. Cuốn này đưa ra định nghĩa về Ikigai và bàn nhiều về lý thuyết. Ngoài việc đưa ra được rõ ràng 5 trụ cột của Ikigai thì những câu chuyện và dẫn chứng đưa ra không rõ nghĩa và không quá liên quan trực tiếp đến vấn đề đưa ra.

 Ngược lại, cuốn Ikigai - Chất nhật trong từng khoảnh khắc của Yukari Mitsuhashi ngắn ngọn, đi thẳng vào vấn đề và rất dễ hiểu. Ngoài phần lý thuyết ngắn ngọn,  cuốn sách tập trung vào phần phỏng vấn những người thành công về tài chính và sự nghiệp (Chương 5) về quan điểm của họ về Ikigai.

Nếu bạn là một người mới tìm hiểu về Ikigai, hãy bắt đầu với cuốn Ikigai - Chất nhật trong từng khoảnh khắc của Yukari Mitsuhashi. Cuốn của Ken Mogi có thể tham khảo sau để tránh gây mất hứng thú., Một cuốn sách nhẹ nhàng có nhiều ví dụ. Mặc dù cũng rút ra vài điều mới mẻ, đôi khi mình cảm thấy các luận điểm lặp khá nhiều, các ví dụ thỉnh thoảng cũng hơi dài dòng và nêu những thứ không cần thiết, một số đoạn bị dịch rất tối nghĩa nên mặc dù đọc đi đọc lại vẫn không hiểu., Sách rất đẹp. Giao hàng siêu nhanh, mình đặt 3g chiều qua mà 10g sáng nay đã nhận. Giao hàng của Tiki luôn là best. Nhưng nội dung sách với cá nhân mình thấy không hay. Tóm lại nội dung chỉ vẻn vẹn như trang sách mình chụp. Có lẽ sẽ hợp với bạn nào thích văn hoá và lịch sử Nhật Bản. Mình đã rất háo hức đọc hết và thấy hơi thất vọng., Sách đẹp, tuy nhiên nội dung khá lan man. Thay vì giúp người đọc thực hành ikigai, hiểu về ikigai thì sách lại ôm đồm quá nhiều ví dụ minh họa trong đây, ngoài mấy trang mở đầu khá hay thì còn lại là nỗi thất vọng., Nội dung và văn phong k hợp với mình, mình nghĩ sách sẽ hay như cuốn “ Chủ nghĩa khắc kỷ” cơ mà đọc chán quá ạ.
Nói lan man k như mọi người khen ngợi.
Về cách trình bày và chữ in thì ổn chữ đậm rõ nét, giấy dày vừa phải, Phần rìa ngoài của sách được cắt thô ráp, sờ vào gợn tay rất khó chịu, chắc tại nhà in. Bìa sách khá đẹp, giản dị nhưng lại bị sờn và vết gập (do gần đây Tiki vận chuyển sách mà không bọc hay chèn bất cứ vật gì, chỉ bỏ vào hộp giấy và gửi). Nội dung sách tập trung vào những câu chuyện nhỏ về các nhân vật, từ đó giải nghĩa về Ikigai. Cá nhân mình thì thấy sách có giá trị tham khảo nhiều hơn là truyền cảm hứng giúp mình tìm ra Ikigai của bản thân và vận dụng nó., Mình rất thất vọng về lần bọc sách này của Nhã Nam vì chỉ đóng vào hộp giấy và không bọc bất kỳ gì nên vận chuyển đường xa bị móp. Mua rất nhiều nhưng đều k có bookmark, Sách phân tích 5 cột trụ của Ikigai bằng những câu chuyện về cách sống và làm việc của người Nhật rất hay. Nhịp văn không quá chậm nhưng mình đọc có cảm giác khá thiền và cuốn. Ứng dụng thì tùy tình huống thôi vì tác giả chưa phân tích mặt tối khi làm theo Ikigai trong công việc., 
Tiêu cực: Sách có vết dao lam rạch , vài chỗ bị vết màu đen, sách vô cùng dơ. Sờn mép và bẩn, "
100958457,"## Tóm tắt feedback về sách ""Sống Chậm"" của Thiền sư Thích Nhất Hạnh:

**Phản hồi tích cực:**

* **Sách:** Nội dung hay, giúp người đọc hiểu về thiền, tập trung vào hiện tại, trân trọng những gì mình đang có, và yêu thương bản thân hơn. Cuốn sách phù hợp cho những người dễ bị cáu giận và muốn tìm kiếm sự bình an trong tâm hồn.
* **Giao hàng:** Tiki giao hàng nhanh, đóng gói cẩn thận, dịch vụ tốt. 
* **Hình thức:** Sách đẹp, bìa đẹp, giấy in đẹp, chất lượng in tốt. 

**Phản hồi trung lập:**

* Một số khách hàng nhận xét sách không có bookmark.
* Một số khách hàng cho rằng sách hơi bụi nhưng không bẩn.
* Một số khách hàng nhận xét shipper JNT có thái độ không tốt. 

**Phản hồi tiêu cực:**

* Một số khách hàng nhận xét sách bị bẩn, dơ, hôi và chất lượng kém. 
* Một số khách hàng nhận xét sách bị bung trang.

**Tổng kết:**

Hầu hết khách hàng đều đánh giá cao nội dung của sách và dịch vụ giao hàng của Tiki. Tuy nhiên, một số khách hàng gặp phải vấn đề về chất lượng sách và thái độ của shipper. 
","Tích cực: Gói hàng cẩn thận, đẹp. Bìa sách mới và đẹp. Nội dung sách: mới đầu đọc, mình thấy nó thiên về phật, tu dưỡng tâm hồn nhiều hơn. Hay tập thiền các thứ. Ban đầu nó hơi khó hiểu với mình , nhưng sau đó mình càng đọc càng cuốn. Nó giúp mình hiểu thế nào là thiền đúng, thiền mọi lúc, trân trọng những j mình đang có. Giúp mình trở nên biết yêu thương hơn. Đặc biệt phù hợp với những bạn dễ bị cáu như mình. Calm down! Đây là cuốn sách mình hoàn thành nhanh nhất - 3 tháng. Có thể không đọc lại mà mình chỉ đọc những ý đã note thui., đây là quyển sách đầu tiên mk mua của thiền sư Thích Nhất Hạnh. nghe qua thầy đã lâu, sách giao nhanh trong thời dịch mà sáng đang ngủ shipper gọi nhận hàng r. dạo này mk muốn nghiền ngẫm về chủ đề hạnh phúc cho nên mk thấy đây là quyển sách mk cần, uhm mk xem lướt qua sách thì có ns về thiền, xuyên suốt quyển sách viết rất nhẹ nhàng, đáng để thử, lâu r mk chưa mua sách sẵn dịp mua tặng sn bạn thì mk cũng mua tặng bản thân, chúc b tìm đc quyển sách ưng ý, Có một số lý do để mua, vì hậu covid nên bản thân muốn cải thiện tốt hơn về cách tập thở. Nên cũng mua để hiểu rõ hơn. Sách của thầy thì sẽ khá khó đọc trong nhiều chương. Vì bản thân cũng chưa nghiên cứu sâu về thiền và các thứ khác. NHƯNG thấy cần thì mua đọc. 1 lần k hiểu thì những giai đoạn khác có thể đọc lại. Giao hàng nhanh, Tiki đóng gói cẩn thận, lâu rồi mới đặt mua trên Tiki thấy cách đóng gói đã được cải tiến. Màu giấy dịu mắt, in ấn rõ ràng. Nội dung thì mình chưa đọc nên chưa đánh giá về nội dung., Shop đóng gói cẩn thận và giao nhanh. Sẽ tiếp tục ủng hộ ah shop., sách thì nội dung hay do mình đã đọc review và một số trích đoạn nên cảm thấy sách đúng nội dung đang tìm. tiki vận chuyển rất nhanh, buổi tối đặt hàng, buổi trưa hôm nay đã nhận được, vận chuyển xuyên đêm và trình duyệt thay đổi rất nhiều, rất thú vị vì trải nghiệm mua sắm này. 🌷, Không để xác thân đói khát, không tham đắm nơi dục vọng, chuyên chú vào trung đạo từ đó đạt được sự tịch tĩnh vô thượng !, Sách của thầy Nhất Hạnh thì nội dung quá hay rồi, thầy hướng dẫn thiền tập, chánh niệm trong mọi hoàn cảnh.
Bìa sách rất đẹp
Tiki giao hàng tốt., Rất hài lòng về sản phẩm này. Sẽ tiếp tục ủng hộ Tiki và các nhà bán sách trong tương lai. Hình thức sách nhận về mới và rất đẹp, Một cuốn sách rất hay cả nhà ạ. Đọc để đem lại an lạc và hạnh phúc cho bản thân. Sau đó thực hành và chia sẻ cho những người thân yêu, Mua giá tốt , giao nhanh . Gói đơn giản nhưng nhận khui ko móp rách sách là đc, Mình chưa có thời gian đọc hết nhưng những chương đầu tiên đã giúp mình dễ ngủ hơn rất nhiều khi trong đầu có quá nhiều suy nghĩ. Hãy thực hành chánh niệm bạn nhé, Tâm trạng mình mấy nay không tốt, đọc được hết chương 1, mình như có một hướng đi và tâm mình mở ra hơn… Sách giao cẩn thận và nhanh nữa…, Sách bọc bookcare kỹ càng, đẹp. 
Hạnh phúc là gì mà ai cũng tìm kiếm?
Một cuốn sách đáng đọc để hiểu được rằng, hạnh phúc là những điều nhỏ nhoi, bình dị luôn ở gần bên ta., Sách đẹp giao hàng nhanh, nội dung hay...., mình thất chất lượng sách tốt, ndung thì khòi bàn rồi, Sách giáo cẩn thận. Dịch vụ sách của tiki rất tốt!, Sản phẩm của mình dịch vụ tốt nha!, Tiki Giao hàng siêu tốc .hàng bọc cẩn thận.Shipper thân thiện . Giá rẻ hơn rất nhiều so với shop khác. Cảm ơn Tiki trading, Gói cẩn thận giao nhanh, Sách đẹp và rất hay. Rất thích sách của sư thầy, Một cuốn sách khá hay, bổ ích. Sách mới và đẹp, tốt, Quyển này tui muốn mua lâu lắm rồi nhưng mua rồi lại chưa đọc đến nhưng mà tui tin chắc rằng nội dung cuốn này rất hay vì ẻm được viết bởi một vị thiền sư mà tui rất nể trọng., Sách còn seal về nội dung sách thì chưa đọc, Những tập khí sợ hãi, giận dữ trong ta rất mạnh mẽ, với cuốn sách này hy vọng mỗi chúng ta có thể chuyển hoá những hạt giống ấy thành hạt giống an lạc và hạnh phúc 🙏🏻, Giao hàng nhanh, đóng gói cẩn thận, chất lượng giấy ổn., in ấn đẹp, nhưng đọc nha mọi người.Mua sách trên tiki lúc nào cũng chất lượng, sách đẹp, mới, giao nhanh, giao tới sách ko bị dập. nội dung chưa đọc nên ko biết như thế nào. nhưng bìa sách và tên sách ghì nghe hay rồi, Rất hay. Rất í nghĩa. Rất nên đọc . Đọc rồi lại đọc lại . Tuyệt vời, Nội dung rất ý nghĩa. Sách bọc kỹ và giao hàng nhanh. Không có bookmark., Mỗi phút giây thực hành chánh niệm là mỗi giây phút mình bắt đầu gieo hạt giống của hạnh phúc bình an., Chưa đọc tới nhưng sách của thầy luôn chứa bình an, hạnh phúc., hàng nguyên vẹn, giao nhanh, sách của thầy Thích Nhất Hạnh nội dung khỏi phải bàn rồi, rất nên có trong tủ sách của bạn., Sách đẹp, nội dung hay, ship nhanh, giá ổn áp, Sách đẹp và mới, Ok nha, Đây là quyển sách hay mà mọi người có thể tham khảo , mua về đọc
Giao hàng nhanh và nhân viên nhiệt tình., Giao hàng nhanh lắm ạ, Giao hàng nhanh,sách đọc dễ hiểu và dễ áp dụng cho cuộc sống, sản phẩm được đóng gói kỹ, Sách hay đợi mãi mới canh sale mua được 🫶, Thích tốt, Các bạn trẻ nên tìm đọc, Thật sự hay và thấm từ trang 146, Đóng gói rất cẩu thả đề nghị xem lại cách đóng gói, Ổn, Okay, giao sớm hơn hẳn một ngày, chất lượng sản phẩm ok, rất đáng mua, shipper lịch sự, nói chung là duyệt, Sách hay, Sách đẹp lắm, nguyên vẹn, giao siêu nhanh, Giao nhanh, hói cẩn thận, sách mới tinh, Sách đẹp ạ., Sách rất hay đóng gói đẹp, Sách là một liều thuốc cho tâm hồn. Cố gắng thực hành chúng ta sẽ thấy được chữa lành 🌱, Sách đẹp, mới và xịn, Rất hay, Hạnh phúc ở hiện tại, Giao hàng nhanh, đóng gói cẩn thận, tác phẩm hay giao hàng nhanh, Sp ok. Không bị lỗi gì, quá hay luôn ạ nội dung rất ok, Cực kỳ hài lòng! Sản phẩm y như mô tả!, tuyệt vời, sách hay lắm nhà, giao hàng nhanh, sách đẹp, Sách hay, Sách hay quá trời. 
Tiki giao hàng nhanh ghê, Tôi thích cuốn này nhiều hơn cuốn đó, Chất lượng sách tốt, sách hay, mượn tạm hình ảnh, Gói hàng cẩn thận, đẹp. Bìa sách mới và đẹp. Nội dung sách: mới đầu đọc, mình thấy nó thiên về phật, tu dưỡng tâm hồn nhiều hơn. Hay tập thiền các thứ. Ban đầu nó hơi khó hiểu với mình , nhưng sau đó mình càng đọc càng cuốn. Nó giúp mình hiểu thế nào là thiền đúng, thiền mọi lúc, trân trọng những j mình đang có. Giúp mình trở nên biết yêu thương hơn. Đặc biệt phù hợp với những bạn dễ bị cáu như mình. Calm down! Đây là cuốn sách mình hoàn thành nhanh nhất - 3 tháng. Có thể không đọc lại mà mình chỉ đọc những ý đã note thui., đây là quyển sách đầu tiên mk mua của thiền sư Thích Nhất Hạnh. nghe qua thầy đã lâu, sách giao nhanh trong thời dịch mà sáng đang ngủ shipper gọi nhận hàng r. dạo này mk muốn nghiền ngẫm về chủ đề hạnh phúc cho nên mk thấy đây là quyển sách mk cần, uhm mk xem lướt qua sách thì có ns về thiền, xuyên suốt quyển sách viết rất nhẹ nhàng, đáng để thử, lâu r mk chưa mua sách sẵn dịp mua tặng sn bạn thì mk cũng mua tặng bản thân, chúc b tìm đc quyển sách ưng ý, Có một số lý do để mua, vì hậu covid nên bản thân muốn cải thiện tốt hơn về cách tập thở. Nên cũng mua để hiểu rõ hơn. Sách của thầy thì sẽ khá khó đọc trong nhiều chương. Vì bản thân cũng chưa nghiên cứu sâu về thiền và các thứ khác. NHƯNG thấy cần thì mua đọc. 1 lần k hiểu thì những giai đoạn khác có thể đọc lại. Giao hàng nhanh, Tiki đóng gói cẩn thận, lâu rồi mới đặt mua trên Tiki thấy cách đóng gói đã được cải tiến. Màu giấy dịu mắt, in ấn rõ ràng. Nội dung thì mình chưa đọc nên chưa đánh giá về nội dung., Shop đóng gói cẩn thận và giao nhanh. Sẽ tiếp tục ủng hộ ah shop., sách thì nội dung hay do mình đã đọc review và một số trích đoạn nên cảm thấy sách đúng nội dung đang tìm. tiki vận chuyển rất nhanh, buổi tối đặt hàng, buổi trưa hôm nay đã nhận được, vận chuyển xuyên đêm và trình duyệt thay đổi rất nhiều, rất thú vị vì trải nghiệm mua sắm này. 🌷, Không để xác thân đói khát, không tham đắm nơi dục vọng, chuyên chú vào trung đạo từ đó đạt được sự tịch tĩnh vô thượng !, Sách của thầy Nhất Hạnh thì nội dung quá hay rồi, thầy hướng dẫn thiền tập, chánh niệm trong mọi hoàn cảnh.
Bìa sách rất đẹp
Tiki giao hàng tốt., Rất hài lòng về sản phẩm này. Sẽ tiếp tục ủng hộ Tiki và các nhà bán sách trong tương lai. Hình thức sách nhận về mới và rất đẹp, Một cuốn sách rất hay cả nhà ạ. Đọc để đem lại an lạc và hạnh phúc cho bản thân. Sau đó thực hành và chia sẻ cho những người thân yêu, Mua giá tốt , giao nhanh . Gói đơn giản nhưng nhận khui ko móp rách sách là đc, Mình chưa có thời gian đọc hết nhưng những chương đầu tiên đã giúp mình dễ ngủ hơn rất nhiều khi trong đầu có quá nhiều suy nghĩ. Hãy thực hành chánh niệm bạn nhé, Tâm trạng mình mấy nay không tốt, đọc được hết chương 1, mình như có một hướng đi và tâm mình mở ra hơn… Sách giao cẩn thận và nhanh nữa…, Sách bọc bookcare kỹ càng, đẹp. 
Hạnh phúc là gì mà ai cũng tìm kiếm?
Một cuốn sách đáng đọc để hiểu được rằng, hạnh phúc là những điều nhỏ nhoi, bình dị luôn ở gần bên ta., 
Trung lập: JNT có shipper số đuôi 199 không khiến mình hài lòng. Khi xảy ra vấn đề với khách hàng, thay vì giải quyết vấn đề thì block cat khách hàng:) 
Sách hay, nhưng cuốn này không có bookcare nên hơi bụi, nhưng không dơ, Sách bòa có vệt hơi dơ, Nội dung đáng suy ngẫm, chất lượng giấy tốt, Theo lời giới thiệu của Khánh Vy nên mua. Sách không có bookmark, Sách đẹp , giao nhanh., JNT có shipper số đuôi 199 không khiến mình hài lòng. Khi xảy ra vấn đề với khách hàng, thay vì giải quyết vấn đề thì block cat khách hàng:) 
Sách hay, nhưng cuốn này không có bookcare nên hơi bụi, nhưng không dơ, 
Tiêu cực: Sách được bọc cẩn thận nhưng chất lượng kém quá, mới được mấy trang mà bung mất rồi., Dơ kinh khủng luôn á. Sách màu trắng mà bui dơ tùm lum, hôi nữa. Như sách trong kho bỏ góc *** nào đó. Mua đơn này quyển nào cũng dơ bực ghê, Sách được bọc cẩn thận nhưng chất lượng kém quá, mới được mấy trang mà bung mất rồi., "
10227722,"## Tóm tắt Feedback về cuốn sách:

**Phản hồi tích cực:**

* Cuốn sách là bí quyết thành công dành cho những ai làm về kinh doanh MLM.
* Mô hình kinh doanh thông minh, giúp người khác thành công đồng nghĩa với việc bản thân cũng thành công.
* Nội dung sách xúc tích, dễ hiểu, giúp người đọc tiếp cận và thực hành kinh doanh mạng lưới hiệu quả.
* Giao hàng nhanh chóng, đóng gói cẩn thận, sách chất lượng tốt.
* Đáng giá từng đồng tiền bỏ ra.
* Nhiều người đánh giá cao nội dung sách và khuyên nên mua tặng cho những người cần.
* Sách giúp hiểu đúng về kinh doanh mạng lưới.
* Nhiều người hài lòng với dịch vụ của nhà sách.

**Phản hồi trung lập:**

* Nội dung bổ ích, cung cấp thêm kiến thức.
* Sách có vài trang bị lỗi.
* Nội dung dễ đọc, có ví dụ thực tế.
* Sách phân tích tỉ mỉ, hữu ích trong việc xây dựng hệ thống mạng lưới.

**Phản hồi tiêu cực:**

* Giá bán quá đắt so với các shop khác.
* Sách bị xước, bị nhăn, giống sách cũ.
* Giao hàng chậm, không đúng hẹn.
* Nhà sách không linh hoạt trong việc giao hàng, bắt buộc mua nhiều quyển để được miễn phí ship.
* Khách hàng muốn trả lại sách vì mua nhầm.

**Kết luận:**

Phản hồi về cuốn sách chủ yếu là tích cực, tập trung vào chất lượng nội dung, dịch vụ giao hàng nhanh chóng và đóng gói cẩn thận. Tuy nhiên, một số khách hàng phàn nàn về giá bán và tình trạng sách bị hư hỏng. 
","Tích cực: Cuốn sách là bí quyết thành công của ai đang làm về lĩnh vực kinh doanh MLM. Đây là mô hình kinh doanh thông minh nhất thế giới. Giúp người khác thành công mình cũng sẽ thành công! 
Ae nào muốn giao lưu chia sẻ với mình về lĩnh vực này, sđt ***, Sách gửi đến đúng hạn như app Tiki thông báo. Bao sách cẩn thận, gọn gàng, sạch sẽ. Việc đặt mua quyển sách này thật xứng đáng từng đồng tiền đã chi., Cực kỳ hay với những ai mong muốn tìm kiếm cơ hội khởi nghiệp và kinh doanh theo mạng, đã nhận hàng ,gối hàng cẩn thận . và giờ mình đã đặc thêm bộ sách mới rồi nè, Nội dung xúc tích, cho người đọc nhiều cách tiếp cận và thực hành kinh doanh mạng lưới. Cũng như hiểu đúng về kinh doanh mạng lưới., Đặt hôm qua nay nhận được rồi nha. Giao nhanh bất ngờ., Sách đung như quảng cáo, chất lượng sách tốt, đóng gói cẩn thận, giao hành rất nhanh. Ủng hộ shop thêm 1 quyển nưa, Sách đóng gói cẩn thận và vận chuyển nhanh. Hài lòng, Đã mua sách đóng gói cẩn thận, Chữ in rõ ràng, hơi có vết vân tay chút xíu nhưng vẫn hài lòng, Cảm ơn, cảm ơn, cảm ơn!, Nhanh, hữu ích, Cực kỳ thực tế và hữu ích cho những ai nhìn thấy cơ hội và tầm nhìn của kinh doanh theo mạng! Hãy liên hệ tôi để bàn thảo thêm các vấn đề từ sách! *** Tấn Huy, Giá trị cho những ai đang làm MLM, Sách gói cẩn thận, Nội đứng hay, trình bày đẹp mắt. Shop giao hàng nhanh., sách tốt, chính hãng nên mua nhen, đóng gói chất lượng. lần đầu mua hàng của Fahasa vô cũng hài lòng, sẽ tiếp tục ủng hộ, Bhjfd tỵ sẻ tỵ j chúng bạn jm, Xứng đáng để mua nhiều hơn nữa tặng cho những người cần, Sách đóng gói cẩn thận chu đáo. Ship nhanh và nhiệt tình. Và sẽ liên tục mua lại cuốn này để đi chia sẻ và tặng đội nhóm, nội dung tuyeetj vời, và hi vọng m.n sẽ hiểu hơn về ngành đa cấp hay kinh doanh theo mạng như này, Sách hay, Jjj, gudddddddddddddddddddddddddddddddddddddddddddddddd
sách nguyên vẹn không hư hại hay bong tróc gì 
nhanh nữa 
chắc do nhân phẩm nên mua đó giờ chưa bị bao giờ, đóng gói kĩ, sách đẹp, Tuyệt vời quá 😍👍, giao hàng nhanh, sách được bảo quản rất tốt, mình rất hài lòng về sp., Sách mới, đóng gói kỹ càng và shop giao hàng nhanh. mình đang đọc nên chưa review nội dung sách được nhé!, Hay, Sách của tiki là chuẩn rồi, Sách giấy đẹp, giao hàng nhanh. chất lượng ok., Ok tốt, Rất sâu sắc, chỉ rõ về phương thức kinh doanh mới theo xu thế ai cũng có thể làm được, những kiến thức không phải ai cũng biết, In ấn sắc nét, Rất hay, Shop giao hàng nhanh, phục vụ tốt 
Sách được đóng gói đẹp và chắc chắn 
Rất cảm ơn shop., Nên có quyển này từ lâu, sách quá hay, và đáng để mua, giao hàng nhanh,gói hàng cẩn thận, kĩ càng g8as tiền hợp lý.chúc shop làm ăn phát tài???, Rất cụ thể chi tiết về các phương thức bán hàng, giúp chúng ta phân biệt Tiếp thị mạng lưới và Bán hàng trực tiếp hay mô hình Kim tự tháp lửa đảo., Sách hay, Sách khá đẹp, giấy và in đều ổn, nội dung hay, phù hợp với vấn đề xây dựng hệ thống mà nhờ quyển sách này tôi đã giải quyết êm đẹp. tặng hẳn cho mọi người đang làm việc cùng tôi để họ có thể phát triển nhanh nhất, Sách nguyên vẹn không bị rách hay cũ gì đâu nhé mn. Bao chất lượng luôn nhé., Sản phẩm giao nhanh. Shop dễ thương, sách đẹp, đóng gói kỹ, Sách mới cứng và đẹp lắm , ship nhanh nữa , luôn tin tưởng tiki, nhỏ gọn, dễ hiểu, Sách mới, Đã đọc xong, sách giống hình hay giao nhanh, Hàng giao nhanh chóng . Bảo quản tốt. Tôi đã mua sách rất nhiều qua tiki.cảm ơn, oke nhưng hãy bình tĩnh nha anh shipper, Đẹp, Xuất sắc, giao sách tốt, Sách hay, Sách hay, ai đang tìm hiểu về network mảketing nên đọc, Sách rất hay, đóng gói kĩ, giao hàng nhanh, tiki làm việc hiệu quả, Sách được bọc gói cẩn thận. Chữ in rõ ràng., Ok, sách hay, Sách còn nguyên vẹn, ko cong góc và ổn., 
Trung lập: Nội dung bổ ích . Dung nạp thêm kiến thức cho bạn, Sách mua vé cũng đc k biết có sài đc bền hay k, Sách có vài trang bị lỗi. Về nội dung mình chưa đọc nhưng đọc sơ thấy khá dễ đọc và có vd thực tế, Khá ổn định, sách ok, mới nguyên, giao nhanh, Tôi đã đọc hết và thấy sách phân tích khá tỉ mỉ, hữu ích cách giúp cá nhân xây dựng được hệ thống mạng lưới cho mình. chú ý chiều sâu không phải bề nổi., Đóng hàng nhanh, 
Tiêu cực: Tôi đanh gia nhà sach tôi mua 2 quyên không cho phep bắt buộc chung tôi mua từ quyển để khach hang phải chịu sip phí, sau không nghĩ cach tôt hơn để co nhiêu khách hành, Bán quá đắt giá 70k niêm yết bán tận 75k
Trong khi shop khác 53k, Tôi chưa nhận được hàng từ bên giao, tại sao lại báo giao hàng thành công?, Không tot tí nao không giup khach hành tôt hon, sách xước hết như vậy mà shop vấn giao.hnay mở nhận ra mới biết, Tôi muốn trả lại 01 quyển sách. Vì tôi chỉ muốn mua 01 quyển thôi, sách như sách cũ, có lẽ do lúc gói không cẩn thận, nên hơi nhăn, cảm ơn, giao hàng nhanh
❤️❤️❤️❤️❤️❤️❤️❤️❤️, "
103379147,"## Tóm tắt feedback về sách ""Bạch Dạ Hành"" của Keigo Higashino:

**Phần tích cực:**

* **Nội dung:**
    * Cốt truyện hấp dẫn, lôi cuốn, khiến người đọc không thể rời mắt.
    * Cách kể chuyện ấn tượng, khiến người đọc bị cuốn vào câu chuyện.
    * Nhân vật được xây dựng đa chiều, phức tạp, tạo nên nhiều cảm xúc cho người đọc.
    * Đề cập đến những vấn đề xã hội, tâm lý con người sâu sắc,  khiến người đọc phải suy ngẫm.
    *  Để lại nhiều giá trị nhân văn cho người đọc. 
    *  Là một tác phẩm xuất sắc của nhà văn Keigo Higashino.
* **Giao hàng:**
    * Tiki giao hàng nhanh, cẩn thận, đóng gói kỹ lưỡng.
    * Tiki có bookcare, đóng gói đẹp, sách nhìn mới.
    * Tiki đáp ứng nhanh chóng khi khách hàng yêu cầu đổi trả hàng.

**Phần trung lập:**

*  Có người không thích đọc do chủ đề truyện liên quan đến tội phạm tình dục.
*  Tuyến nhân vật phụ quá nhiều, tên tiếng Nhật na ná nhau, khiến người đọc khó nhớ. 
*  Có những sự kiện văn hóa Nhật Bản khó hiểu đối với độc giả quốc tế.

**Phần tiêu cực:**

* **Giao hàng:**
    * Tiki đóng gói hàng sơ sài, không có lớp bọc chống sốc, dẫn đến sách bị móp méo, bẩn, quăn góc.
    * Tiki giao hàng chậm trễ, không cập nhật thông tin giao hàng.
    * Tiki giao nhầm sách, sách bị rách, ẩm ướt, dơ bẩn, như sách cũ.

**Kết luận:**

""Bạch Dạ Hành"" là một cuốn sách hay, nhận được nhiều phản hồi tích cực về nội dung. Tuy nhiên, dịch vụ giao hàng của Tiki còn nhiều hạn chế, gây thất vọng cho khách hàng. 

**Lưu ý:**

*  Feedback về nội dung sách chủ yếu là tích cực. 
*  Feedback về dịch vụ giao hàng của Tiki chủ yếu là tiêu cực, phản ánh sự bất cẩn trong đóng gói và giao hàng.
*  Tiki cần cải thiện chất lượng dịch vụ để mang đến trải nghiệm tốt hơn cho khách hàng. 
","Tích cực: “ Thế nhưng tôi không thể buông vụ án này là có lý do. Tôi cảm thấy chính vì vụ án này không bị phá, mà đã hại mấy người vô tôi gặp phải bất hạnh. Có một cái mầm lẽ ra phải nhổ ngay từ lúc ấy, nhung vì không nhổ đi , để cái mầm ấy ngày một lớn dần, trưởng thành rồi nở hoa, một đóa hoa độc ác.”
 Không chỉ có kiến thức phong phú, hiểu biết sâu sắc về bản chất con người hay mặt trái xã hội, Keigo còn có cách kể chuyện cực kỳ cuốn hút., Cuốn Bạch dạ hành không còn seal nên bìa hơi xước một tí. Mình đặt chung với nhiều cuốn khác. Tiki đóng gói rất cẩn thận, có cả mốp chống sốc, giao hàng nhanh nên vẫn là 5 sao cho Tiki nhé. Còn nội dung thì mình đọc review thấy hay nên mua. Sẽ bổ sung review về nội dung sau ạ 😄, Rất xuất sắc! Cách kể chuyện rất lôi cuốn khiến mình đọc xong trong 2 ngày. Có rất nhiều nhân vật nhưng không một nhân vật nào là dư thừa. Tác phẩm đã để lại cho mình một cảm xúc day dứt khó tả, đồng thời để lại nhiều giá trị nhân văn cho người đọc tự nghiền ngẫm., Mình luôn hài lòng về sự giao hàng đúng hẹn, bọc gói cẩn thận của Tiki, cùng sự in ấn chỉnh chu và nội dung của sách Nhã Nam. Cuốn này mình vừa đọc xong r ms chụp cho các bạn, trông không còn mới coóng, chứ lúc ms nhận đc hàng sách sạch đẹp lắm. Nội dung hay khôn tả. Thực sự Bạch Dạ Hành là một trong nhữg tác phẩm để đời của nhà văn Keigo., Cuốn này cũng khá hay,. không nghiên nhiều về trinh thám, cả cuốn sách là một hành trình   dài có khởi đầu và kết thúc. Giữa câu chuyện là những câu chuyện nhỏ khá gây cấn ở các mốc thời gian nối tiếp nhau với góc nhìn của những nhân vật khác nhau, móc nối các sự kiện với nhau, từ đó tạo nên những giả thuyết cho một sự kiện hay cái kết. Dù vậy câu chuyện khá có một số đoạn khá dài và nhàm chán nhưng cuốn hút, khiến muốn đọc để biết kết quả. Sau khi đọc xong, bạn sẽ có cách nhìn khác cho một nhân vật, và biết được tên sách và hình bìa sách có ý nghĩa gì., Tác phẩm dài, nhiều tên nhân vật đôi lúc hơi khó nhớ một chút (phải lật lại xem đoạn trước đề cập). Thấy có một anh review sách và note tên nhân vật ra từng vai rất hay, chắc lần sau sẽ học hỏi thực hành thử.
Tuy dài nhưng rất cuốn, mình không có thời gian đọc một mạch nhưng mỗi lần gấp cuốn sách lại như vừa xem hết một tập phim. Và mỗi lần mở ra đọc tiếp như đang được xem tiếp tập phim mới vừa phát hành.
Phải có phim xem thì hay nhỉ, dĩ nhiên không lột tả hết như sách nhưng tò mò xem thử diễn viên vào vai sẽ ra sao :)))))
Sách hay nên đọc thử nhé mn., Nội dung thì mình không đánh giá vì có rất nhiều bài và trang đánh giá rồi. Sách khổ khá to và dày so với các cuốn khác của bác Keigo. 
Tiki tiếp nhận đơn nhanh, đóng gói và vận chuyển phải nói là nhanh không ngờ luôn, thời gian đặt và giao tới mình chưa đến 1 ngày nữa., Truyện gây ám ảnh thực sự. 2 nhân vật chính vừa thấy thương vừa thấy căm phẫn. Nhưng thực tế thì đa số những người bị tổn thương sẽ mang lòng căm thù thế giới này, những ai từng bị tổn thương vẫn đối xử dịu dàng với thế giới đúng là đáng kính trọng. Lời cảnh tỉnh cho bậc phụ huynh muốn con mình thành người tốt có ích cho xã hội trước tiên hãy làm gương đã., Tiểu thuyết hấp dẫn. Rất nhiều tình tiết truyện, các tuyến nhân vật được xây dựng xuyên suốt 1 quảng thời gian dài được tác giả liên kết tạo nên sự cuốn hút cho người đọc. Nhân vật phong phú quá làm mình phải cố gắng lắm mới ko nhầm lẫn các nhân vật. Tuy nhiên cái kết chưa đc như ý, Sách mua giá sale nên ko có bookmark, lúc nhận hàng còn nguyên vẹn, mình không quan trọng hình thức nên với giá này thì rất oke rồi.

Về nội dung: 
ÁM ẢNH THỰC SỰ. Đọc xong hoài nghi về nhân sinh. Tự hỏi một người có tuổi thơ đầy tổn thương thì có thể lạnh lùng đến mức độ nào. Tất cả cũng chỉ vì 2 chữ “tồn tại”. Trong đó bao gồm danh vọng và dục vọng. Hai từ “tha thứ” không bao giờ có trong tiềm thức của người chịu tổn thương. Thực sự họ không bao giờ quên được đâu., mặc dù không có bookcare hay bọc chống sốc nhưng may là sách vẫn còn nguyên vẹn, bên ngoài khá là đẹp và mặt giấy mịn, màu vàng để không đau mắt. Nội dung mình chưa đọc nhưng nghe rì viu thấy khá là hay và hợp gu mình nên mình đặt thử, săn sale được giá rẻ và hợp lý nữa. 5 saoooo, Rất rất hay :(( mọi người nếu có cơ hội hãy đọc nhé. Mình không muốn kể về nội dung vì sợ nó sẽ làm mất đi những cảm xúc ban đầu quý giá nhất của mỗi người khi tự mình đọc tác phẩm. Bác Keigo thực sự có cách dẫn chuyện rất tuyệt :( 
Còn về Tiki thì giao hàng chuẩn nhanh, đúng hẹn, mình đặt có 2 ngày là được nhận rồi., rất bất ngờ, đầu tiên là mình đặt đêm lúc 10h tối thì ngay ngày mai đã giao rồi=)), cái thứ 2 mình còn bất ngờ hơn, là lần đầu mình mở hộp ra mà thấy tiki có bookcare, waoooo bthg nhét book vô mỗi cái hộp thôi đó, nay có cả bọc sách đồ nữa, sách nhìn mới, đẹp, trắng nuột hihihi, Truyện hay nhưng cái kết làm mình tức chết mất, dẫu biết chẳng thể chờ mong 1 cái kết viên mãn ngôn tình, nhưng lúc đọc đến đoạn kết mình vẫn cảm thấy vô cùng hụt hẫng. Một cái kết nửa be nửa oe. 
Vẫn phong cách cũ, lời văn giản dị nhưng ko hề nhàm chán mà vẫn rất cuốn hút. Cho đến giờ đây là cuốn hay nhất của tác giả mà mình đọc. Nhưng sau cái kết này chắc tôi sẽ tạm thời ko mua thêm các cuốn khác của tác giả. Tức!, Truyện rất hay, xuôi dòng thời gian, nma lại nhắc nhiều về quá khứ, nhiều nhân vật phụ bị cuốn vào, ship nhanh, in bị ngược cỡ 20 tờ.
Tổng 586 trang, QUYỂN TRINH THÁM XUẤT SẮC NHẤT MÌNH TỪNG ĐỌC🙏 

Nếu ai đang phân vân nên mua hay không thì mình khuyên mọi người chốt đơn đi nha☺💕

Đây không phải là một quyển thuần trinh thám, thay vì bám sát vào vụ án, tác giả sẽ dẫn dắt người đọc vào cuộc đời của các nhân vật qua dòng chảy thời gian, từ khi vụ án bắt đầu cho đến khi đáp án được phơi bày, nhằm tái hiện một hiện thực xã hội vô cùng đen tối, để rồi người đọc sẽ phải suy ngẫm và rút ra bài học, thông điệp cho chính mình. Vì vậy, sẽ có bạn thích, có bạn không. Nếu thứ bạn dành nhiều sự quan tâm là vụ án và lời giải, thì có thể sẽ cảm thấy hơi chán và thiếu kiên nhẫn. Thế nhưng, nếu lối kể chuyện của bác Keigo may mắn chinh phục được bạn, thì mình thề là đọc cuốn cực kì, thậm chí phát cuồng phát điên luôn🤡 (Như mình✋). Tuy nhiên, dù thích hay không thì đây chắc chắn là quyển đem đến trải nghiệm đọc sách rất khó quên. Và vì thế mình nghĩ nó hoàn toàn xứng đáng🙏


Cá nhân mình thì thích quyển này cực. Mình đọc một lèo hết luôn🙏Đối với mình quyển này vượt ngoài khuôn khổ của truyện trinh thám. Thật sự mình đã bị cuốn vào câu chuyện  về cuộc đời của hai nhân vật chính (OTP của tui🙂) Nhưng nếu quá trình theo dõi câu chuyện chỉ mang tính trải nghiệm về mặt cảm xúc thì cái khúc ""bùng nổ"" nhất là khi đóng quyển sách lại, đó cũng là khoảnh khắc bao nhiêu suy nghĩ, chiêm nghiệm nó ập tới ồ ạc làm mình thơ thẩn cả một buổi tối. Nói chung ám ảnh. Đọc xong cảm thấy như bị tác giả thao túng tâm lí🙏🙂

Thôi nói nữa thành spoil mất. Tóm lại là một quyển vô cùng đáng đọc. Chốt đi ik nhe👍💕, Một trong những cuốn tiểu thuyết trinh thám xuất sắc nhất mà mình tường đọc. Và đây là trích dẫn mình thích nhất (đọc đi thề k spoil) “Bầu trời của tôi không có mặt trời, chỉ toàn là bóng đêm, nhưng không hề tối tăm, vì có thứ khác thay thế cho mặt trời. Tuy rằng không được sáng như mặt trời, nhưng đối với tôi, thì thế là đã đủ rồi…. Tôi chưa bao giờ có mặt trời, thế nên tôi không sợ mất đi nó.”
Ảnh: nguồn internet, Cứ bị cuốn vào câu chuyện, không hổ danh sách của tác giả H.K . Rất đáng mua nha mọi người, câu từ dễ hiểu, cách kể chuyện khiến người đọc cuốn hút vào từng chương, đọc tới cuối rất bất ngờ và chua xót cho hai nhân vật chính 😭, Chất lượng sách tốt. Nội dung hấp dẫn, ấn tượng. Tuy nhiên do quá kỳ vọng nên cảm giác không quá xuất sắc như mong đợi. Dù thế, đây vẫn là một cuốn tiểu thuyết cực kỳ đáng đọc. Dịch vụ giao hàng của Tiki tuyệt vời., giao hàng nhanh, shipper ok
sách của nhã nam thì chắc chắn ok r
-1* vì dịch vụ đóng gói của tiki vẫn tệ, sách không bọc lót gì cả, có 1 lớp giấy bìa mỏng mỏng ở trên ko biết để làm gi !? may hn trời nắng, chứ gặp hôm mưa thì ...
+1* vì cuốn này hay quá, Hay thật nha.
Đọc bác này mấy lần nên ráng bắt đầu từ đầu mở sách là mình đã lưu ý kĩ mọi chi tiết kể trong truyện để lát mình phá án, mà tiếc là lần này bác ko viết theo kiểu này nữa mà kể về cuộc đời của 2 đứa trẻ trưởng thành và lớn lên và cái kết thì lại phải wow.
Tư duy và lối viết cực kì nhập tâm và chi tiết., Sách giao đến bìa bị cong và hơi cũ, Tikicare hỗ trợ thu hồi giao mới siêu nhanh. Còn nội dung của Bạch Dạ Hành thì tuyệt vời, quả là 1 trong những quyển được đánh giá cao nhất của bác Keigo❤️❤️, vì nhiều hàng quá nên shipper giao khá lâu gọi nhận từ tối ngay hôm đặt hàng nhưng phải 3-4 ngày sau mới nhận đc. sản phẩm đóng gói cẩn thận, Bạch dạ hành là sự kết hợp giữa trinh thám và xã hội, mặc dù 2 yếu tố này thể hiện chưa rõ lắm. Đây là phong cách quen thuộc của tác giả, nếu bạn nào từng đọc qua Phía sau nghi can X: không có những tình tiết hồi hộp gấp gáp thường thấy ở thể loại trinh thám, cũng không có nhiều những miêu tả nội tâm nhân vật, nhưng người đọc có thể đoán hiểu được thông qua những những chi tiết đan cài trong truyện.
Nói chung là đã thỏa mãn 1 con mọt về truyện trinh thám như mình, Có lẽ vì Hà Nội f0 tăng nhiều nên phải 3 ngày sau mình mới nhận được sách nhưng sách vẫn mới tinh, không bị móp góc hay gáy sách, hộp bọc vừa vặn lắm. Nội dung sách thì khỏi bàn rồi :)))., Ai mà thích happy ending đọc thề tứk nổ phổi. Nhiều plot twist lắm từ từ đọc mà thấm nha :> ghét con yukiho vl độc ác ***, vô tâm ngay với cả người bạn hi sinh cả chục năm bảo vệ mình trong âm thầm, đến lúc chết cx ko dám nhận :)), In ấn, màu sắt rõ rét.
Bìa đẹp bắt mắt.
Mùi sách thơm, dễ chịu.
Chất lượng sản phẩm tuyệt vời.
Đóng gói sản phẩm đẹp và chắc chắn
Rất đáng tiền.
Shop phục vụ rất tốt.
Thời gian giao hàng rất nhanh., Thông tin cơ bản: ""Bạch Dạ Hành"" do Nhã Nam xuất bản, có kích thước lớn hơn khổ vừa, dày gần 600 trang. Chữ không ken quá dày nên thích hợp để cày. Tác phẩm đã được chuyển thể thành phim, cả ở Hàn và Nhật và được đánh giá rất cao.

Tóm tắt: Tác phẩm lấy bối cảnh nước Nhật từ năm ***, bắt đầu từ một vụ án mạng của một ông chủ tiệm cầm đồ và tự sát bằng khí ga của nghi can là một phụ nữ đơn thân. Tác phẩm sau đó kể về sự trưởng thành của con trai nạn nhân, Ryoji, và con gái nghi can, Yokiro, từ những đứa trẻ 11 tuổi cho đến ngưỡng tuổi 30. Hai người họ như thể sống hai cuộc đời trái ngược nhau, khi Yokiro trở thành một phụ nữ cuốn hút, thành đạt, còn Ryoji càng ngày càng lún sâu vào những hành động phi pháp. Tác phẩm sau đó dần dần liên kết dòng thời gian của hai người họ lại với nhau, để cuối cùng có thể giải đáp cho vụ án đen tối 20 năm trước đã reo giắc nỗi bất hạnh cho họ suốt cuộc đời.

Cảm nhận cá nhân: ""Bạch Dạ Hành"" là một tác phẩm rất nổi tiếng mà chắc hiếm người đã đọc nghiền Keigo Higashino mà lại không biết đến. Cuốn sách có phần hơi dày, tạo ra tâm lý ngại đọc ban đầu. Nhưng một khi đã đọc được xong một chương, người đọc chắc chắn sẽ muốn giở đến chương tiếp theo, cứ thế, cứ thế. Gọi là tiểu thuyết trinh thám thì không hoàn toàn đúng, vì chỉ việc điều tra chỉ diễn ra chớp nhoáng ở phần đầu và cuối truyện. Phần còn lại cũng có mô tả những tội ác diễn ra xoay quanh hai nhân vật chính, nhưng lại tạo ra cho người đọc cảm giác li kì, hưng phấn, hồi hộp khó tả.

Tác phẩm trên thực tế có thể coi là một seri những chương truyện ngắn, khi mỗi chương lại xoay quanh một bối cảnh, một tuyến nhân vật khác nhau. Trong những chương truyện ấy, Ryoji và Yokiro chỉ hiện lên và được mô tả bởi tuyến nhân vật phụ. Người đọc sẽ không thực sự hiểu được trong đầu hai nhân vật chính nghĩ gì. Thậm chí, tác phẩm không kể về hai người bọn họ trong cùng một chương, cứ một chương cho người này thì một chương cho người kia, cứ như dòng thời gian của Ryoji và Yokiro là song song với nhau vậy.

Một trong những điểm đặc biệt hay của Bạch Dạ Hành là khả năng mời gọi người đọc cùng phá án. Ở những vụ án được mô tả, tác giả chỉ dắt người đọc đến cánh cửa giải đáp điều bí mật rồi để trí tưởng tượng của người đọc hoàn thành nốt công việc còn lại. Cho đến tận cuối tác phẩm, tác giả cũng chỉ lấp đầy những khoảng trống trên một bức tranh hoàn chỉnh, ví dụ như động cơ vụ án đầu tiên, mà thôi. Gấp cuốn sách lại, chắc chắn vẫn còn những chi tiết bỏ ngỏ cần lời giải đáp, chỉ là để tự người đọc suy luận xem câu trả lời có thể đen tối đến mức nào.

Điểm trừ của truyện có lẽ là tuyến nhân vật phụ quá đồ sộ vì mỗi chương lại có một tá tên nhân vật mới. Tên tiếng Nhật lại na ná nhau nên khá khó nhớ. Tác phẩm cũng có nhắc đến nhiều sự kiện có thật trong lịch sử và ai làm trong ngành IT cũng cảm nhận được rõ ràng: ngôn ngữ BASIC, đĩa từ, máy tính cá nhân, game bốn nút... Tuy nhiên, có những sự kiện phải là người Nhật, và phải biết về bóng chày mới hiểu được. Điều này có thể người đọc hơi loạn về thời gian một chút.

Đề cử: Tất cả những ai đủ 16 tuổi nên đọc cuốn sách ngay khi có thể. Mê trinh thám hay không cũng vậy, vì cuốn sách cũng mô tả một xã hội thối nát có thể đưa đẩy con người ta đến những điều không tưởng đấy!

Đánh giá cá nhân: 4.5/5.0, Xem cả phim và được cả truyện, truyện hay hơn nhiều. Ám ảnh về tâm hồn của hai đứa trẻ, quá đen tối., Thực sự là rất lâu rồi mình mới có cảm giác cầm sách lên và không thể bỏ xuống như vậy. Sách khá dày nên mình nghĩ còn không biết bao giờ đọc xong vì sách mình chưa đọc chất đống rồi :< nhưng thực sự là rất cuốn và ám ảnh, cảm giác sau khi đọc xong trong lòng cứ bức bối á. Truyện có khá nhiều tuyến nhân vật phụ, dù vậy mn cũng đừng bỏ qua nha. Nói chung là siêu cuốn và must read. Minh thì hối hận vì đọc quá muộn màng. Và cũng đừng đọc review trước khi đọc sách vì có thể bị spoil đó. Mình cảm giác khá là trọn vẹn khi chả có bất kì thông tin nào ban đầu mà chỉ biết về ten sách thông qua một bộ phim đạo sách :)), Thấy đang sale nên mình mua nhiều để dành đọc tutu. Sách đóng gói chắc chắn, đẹp, mùi thơm nữa, - Mình đã dành gần 3 tuần liên tiếp để đọc hết cuốn sách này. Theo cảm nhận của mình, cuốn sách khá nặng về tâm lí tuy nhiên cũng có nhiều những cú plot twist khiến mình há hốc mồm luôn í. Vẫn là cách kể chuyện nhịp chậm nhưng cực kì cuốn mình vào mọi tình tiết. Một cuốn sách thành công nữa của bác Keigo. Respect!!, Tiki giao hàng nhanh, đúng như mong đợi. Sách không bọc xốp hơi (chỉ có hộp giấy), hơi quăn một chút ở mép trên nhưng còn lại thì tinh tươm. Bên trong giấy mịn, màu ngả vàng dễ chịu. Chất lượng bên trong không có gì phải bàn cãi 👏, sách rất đẹp ạ, lại giao siêu nhanh dù đang giãn cách xã hội , lại rẻ nữa nên mình siêu ưng nha 
mỗi tội shop bọc ko kĩ lắm shop chỉ cho sách vào hộp giấy thôi nhưng may là sách ko bị j ạ. rất cảm ơn tiki và nhưng shipper đã khiến cho việc ở nhà vào mùa covid đỡ chán hơn ạ!, Mê sách của bác Keigo lâu rồi, cũng nghe nhiều review về quyển này mà giờ mới mua về đọc thử. Về đóng gói hàng thì tiki làm hơi sơ sài, sách có bị trầy và móp nhẹ nhưng vẫn chấp nhận được., Một cuốn sách để lại quá nhiều ám ảnh và day dứt, đọc xong mà tâm trí chơi vơi theo số phận nhân vật chính rồi cứ thế bị nhấn chìm vào đêm trắng vô tận…, Giao hàng nhanh mà sách bị bẩn  một xíu, xót quá trời :(((, Tiểu thuyết trinh thám của Keigo thì hay khỏi bàn, Bạch Dạ Hành cũng nổi tiếng quá rồi. Tiki giao hàng đúng hạn, đóng gói cẩn thận, shipper cutiii 🌷, bìa đẹp quá trời quá đất luong ạ, Bìa đẹp lắm kdnskskks có một chút xước với bong xíu xiu ở gáy nma ko sao Nội dung thì thực sự là top 1 trong lòng mình, Cứ tưởng Phía sau nghi can X là tác phẩm hay nhất của bác Keigo nhưng hoàn toan thay đổi khi đọc Bạch Dạ Hành. Câu truyện khá dài nhưng sau mỗi đoạn thời gian lại tìm được thêm một mảnh ghép về Yuhiko và Ryo. Nếu chỉ thiếu một có lẽ ko bao giờ hoàn thiện hành trình trong Đêm trắng. Kết thúc truyện cảm thấy một nỗi buồn, day dứt thật khó tả. Vẫn sẽ tìm đọc hết các tác phẩm của bác 🙂, Hành văn rất hay dễ đọc, cốt truyện không quá khó đoán. Chỉ 1 điểm trừ duy nhất là truyện nói về từng mẩu chuyện nhỏ của từng người rồi sau đó xâu chuỗi tất cả nên mỗi chương có nhân vật mới xuất hiện nên tên tiếng Nhật hơi khó nhớ., Mình đặt mua BDH một cách không suy nghĩ và không ngờ nó dày đến vậy=)))) Mong là sẽ hay như lời đồn :v
Giao hàng rất nhanh, mình đặt hôm qua mà sáng nay đã có rồi, Sách hay, Giao hàng siêu nhanh luôn, đặt 1 ngày đã có sách mà trong mùa dịch này. Mình đặt 2 quyển, hộp ko bị móp méo, sách không bọc nhưng còn nguyên vẹn. Rất ưng !, quyển này to, dày và khá nặng nữa nma đây có lẽ là quyển mình khá thích trong đơn hàng lần này tại trinh thám của bác Keigo thì kh bỏ qua được hehe, sách vẫn còn đẹp, không bị móp méo, mình mua combo lúc sale nên là thấy khá ưng! Trải nghiệm dần dần 3 tác phẩm này thui!, Giao hàng siêu nhanh, đặt chiều hôm nay mà trưa ngày mai đã có hàng rùi. Bảo quản cẩn thận đẹp đẽ, nội dung sách thì đỉnh của đỉnh 🥴 Đáng đồng tiền bát gạo lắm lắmmm ý >, Giao hàng nhanh, nhân viên thân thiện, đóng gói tốt. Bạch dạ hành là 1 tác phẩm trinh thám hay, nên tìm đọc nhé mọi người, Đóng gói cẩn thận, sách mới nên sờ vào rất thích. Giao hàng cũng nhanh., Sách mới tuy nhiên ko còn seal. Nội dung chx đọc nên chưa thể review đc. Hình ảnh chỉ mang tính chất, Sách mới, giao nhanh mình rất hài lòng, Cuốn này của bác Keigo nên có trên kệ sách, vì nó hay nên cũng đã được chuyển thể thành phim. Sự đấu trí của cảnh sát và 2 đứa trẻ tưởng như không có mối liên hệ nào., 1 quyển sách rất đáng để đọc. Cái hay của Keigo ko phải là những vụ án hóc búa hay logic cao siêu mà là nội tâm của nv cũng như giá trị cs sau mỗi tác phẩm, Cuốn này của bác thì đỉnh khỏi bàn rồi, cái kết day dứt khiến mình kh thoát ra đc, xuyên suốt mạch truyện cũng mng lại cảm giác tò mò và kích thích. Mọi người nên đọc lắm luônnnn, sách dầy gần 600tr đọc bao phê
Giao hàng siêu nhanh 1 ngày là có hàng dù đag dịch
Nội sung nghe review thì thấy hay nên mua về đọc, Sách đẹp giao nhanh, chx đọc nên chx đánh giá đc, Sách đóng gói cẩn thận nhưng mà vẫn bị cong, sách mới, đóng gói cẩn thân., Sách mới cứng luôn không bị cong.Rất tuỵt, Đóng gói cẩn thận, giao hàng nhanh., sách đẹp, chắc chắn, đặt sách tiki thì không lo về chất lượng rồi ạ, giao hàng nhanh, quá okkkkkkk, Sách khá dày, đọc cuốn, Keigo tuyệt vời... từ thik ""nghi can x"" mà làm tiếp cuốn này, phải canh off đúng 5/5 mới được giá tốt vậy...giao hàng nhanh lắm👍, mình mong shop sẽ bổ sung thêm một lớp chống va đập nữa chứ sách về toàn bị móp thoi huhu, sách rất đẹp, truyện này thấy review khá hay nên rất háo hức mua, tưởng đang giãn cách sẽ giao chậm, ai ngờ vẫn giao đúng lịch, nay bắt đầu đọc. chắc 2 hôm cuối tuần là luyện xong., Thật sự tuyệt vời, đọc liền một mạch gần 600 trang sách nhưng không thấy dòng nào là thừa. Đọc xong mà tâm lý vẫn cứ lạc ở Ryo với Yukiho. Xuất sắc lắm huhu, Tiki giao hàng không bọc chống sốc, sách móp méo hết cả. Vì shipper giao hàng thân thiện nên mình vẫn để 5 sao nhé. Rất mong Tiki có thể cải thiện khâu gói hàng chứ thế này thì chán lắm ạ, Lôi cuốn tới tận những trang cuối cùng, kết truyện mang đến nhiều sự day dứt cho độc giả, tuy nhiên cái kết có thỏa mãn hay không thì tùy thuộc vào cảm nhận của mỗi người., sách đẹp ko cấn móp, Hay
Đọc cuốn.
Nghe mn báo hay nên săn sale
Khá là rẻ
Nên mua nhé mn ơi, sách cuốn, Thích bạch dạ hành từ lâu mà giờ mới dám mua, bìa đẹp chất lượng sách tốt, Sách hay, tiki ship nhanh trong ngày như đã hẹn, không có lỗi xuất bản gì, ncl rất ưng tiki vs nhã nam, nội dung thì siêu thích quyển này, giao hàng cũng ổn, có điều góc sách có móp méo một chút, nhưng ổn nha., Mê lắm ý ahuhuu một tuần mua 2q sách . Ko mua là ko chịu đc :(((( giao hàng nhanh chuẩn đúng giờ. Ko chê đc điểm gì ở tiki, Sách siêu đẹp, mới. Theo ý kiến cá nhân thì đây là cuốn đỉnh nhất của Keigo, Cuốn sách dày dễ sợ. :D, Cuốn này cực kì đỉnh, tưởng như là những mẩu chuyện lắt nhắt k liên quan, tưởng như hai mảnh đời riêng biệt. Nhưng hoá ra chúng song hành cùng nhau, bao bọc nhau gây ra những tội ác khó tưởng, Sách hay, Ship siêu nhanh
Vừa đặt sáng chiều đã có rồi 
Nội dung thì đọc rồi sẽ quay lại update bình luận nhưng chắc là hay😁😁😁, Các tác phẩm của bác Keigo luôn để lại ấn tượng và bất ngờ cho người đọc. Chất lượng sản phẩm tuyệt vời, Tiki giao hàng nhanh và sách còn nguyên seal !!!, Sách mới, giao hàng nhanh, lại được sale nữa. Mn nên mua nha, Giao nhanh nhưng đóng gói chưa cẩn thận lắm, Xuất sắc hơn những gì mong đợi, có lẽ sẽ mua thêm phía sau nghi can x cho đủ bộ, Các tác phẩm Kego đỉnh thật! Cuốn này khá là nhiều nhân vật và Kego miêu tả tâm lí thật sâu sắc! Đọc xong mà day dứt, cũng bần thần mất mấy ngày, Nhân dịp dọn kho của Nhã Nam thì đã hốt vài cuốn của Keigo sensei về tết đọc 🤣 Truyện của sensei thì hay khỏi phải bàn gòiii, Giao hàng nhanh, sách ko bị quăn góc, mua sale rẻ mà chất lượng, Đơn hàng giao hàng nhanh.shop gói hàng rất cẩn thận. Mình cảm ơn shop ạ. Mình sẽ dùng sản phẩm rồi review thêm. Cảm ơn, Sách mới, đóng gói kỹ càng., 
Trung lập: Mình đã đọc được khoảng 1/4 và quyết định drop. Mình ở SG bạn nào cần mình để lại 90k ko freeship nhen. Không phải do truyện dở hay văn phong của tác giả có vấn đề, chỉ do cá nhân mình ko tiếp nhận được tội phạm tình dục nên mình nghĩ là mình không xem tiếp được. Logic và cấu trúc truyện rất chặt chẽ, đảm bảo quyển này ko phải lỗi tác giả mà mình drop nha 🫣🥶
Liên hệ mình *** bên zalo á., Theo mình nhớ thì đây là lần đầu đặt sách của tiki trading mà nó trục trặc hết sức. Giao hàng cho mình thì lâu, mà sách giao đến đựng trong cái hộp carton móp rách và dán keo niêm phong không cẩn thận. Xong sách ở trong cả 2 cuốn đều cong và hư góc, mua bookcare mà bìa rách, rồi thấy bụi quá trời lun. Nhưng cũng may sau đó mình có nhắn tin muốn đổi hàng thì nhân viên tl rất nhanh và nhiệt tình, đổi hàng cho mình cũng rất nhanh, đánh giá cao khúc này. Hôm nay mình mới nhận dc hàng đổi trả, sách dc đổi mới và đẹp hơn rất nhiều nhưng thực sự vẫn chưa làm mình hài lòng lắm, vì bìa sách có vết dơ, mình có lau thử nhưng không ra. Lần đầu mua tiki trading nhưng thực sự phải làm mình suy nghĩ lần sau có nên mua tiếp hay không, Mình không ngờ sách không được bọc bởi một thứ gì cả, kể cả bọc chống sống cũng không. Chỉ là bỏ vào cái hộp rồi gửi đi. Bị quăn góc, và vài chỗ bị xước. Mình khá thất vọng. Mong shop gói hàng cẩn thận hơn., Buồn quá đi sách mình bị cong tùm lum hà hic, Tiki giao mà không có bubble wrap, chỉ để trong thùng thôi nên sách móp méo quá huhu. Hơi bụi nữa nhưng mà không sao. Sách này nổi quá rồi hen nên mình hong review chất lượng làm gì. Sách dày cầm đã tay thiệt nha., Giao hàng nhanh, đủ nhưng trang bìa cuối và một vài trang sau cùng bị gấp. Mình ở xa nên vận chuyển đường dài, đến lúc nhận được hàng thì thấy hộp đã bóng tróc, rách các góc rồi. Mong Tiki lần sau đóng gói kĩ hơn. Ngoài ra thì mọi thứ đều ổn, sách đẹp, nội dung thì mình chưa đọc nhưng hy vọng là nó hay như mọi người review. Cám ơn Tiki về những món quà xinh xắn mình nhận được trong dịp Hội sách cuối năm này nha, mình rất thích chúng., Huhu đây là cái đơn sách đau tym nhất của mình từ trước tới giờ
Sách bị cong bìa, móp góp nhìn tả tơi quá😭😭
Tiki giao hàng thì vẫn rất nhanh nhưng nhìn em nó  mà đau lòng lắm luôn ấy😭, Có một chút hối hận khi mua cuốn này.
Trước khi mua thì tôi đã tìm hiểu một chút (tại vì cuốn này đắt và dài quá mà). 
Bạch Dạ Hành được đánh giá khá cao, từ người Nhật, người Việt đến một số nước phương Tây, không những thế, nó còn được dựng thành phim Hàn, phim Nhật. Ấy thế mà cảm giác mà nó mang lại cho tôi chỉ là sự buồn đau, tiếc nuối và hơn hết là cảm giác ớn lạnh xuyên suốt câu chuyện, đọc cứ như truyện kinh dị ấy, còn yếu tố trinh thám thì chẳng có bao nhiêu. 
Nhiều lần khi đang đọc tôi muốn gấp sách lại rồi để vào một xó cho xong, nhưng vì đã lỡ đọc rồi nên cố gắng đọc cho hết.
Tôi không hiểu sao mà nó lại được đánh giá cao như thế nữa, hoặc cũng có thể là do tôi không hợp lắm với lối xây dựng nhân vật chính kiểu như thế này.
Đúng là đọc các tác phẩm của Keigo thì đừng mong chờ kết thúc có hậu mà làm gì, tôi đã đọc 9 cuốn rồi mà cuốn nào cái kết cũng làm người phải ta day dứt hết., Mình đặt giao trong 2H tầm 4h30 thì nhận được. Hơi lố giờ so với dự kiến mà mùa dịch nên cũng thông cảm. Sách ở ngoài trầy nhiều nhưng không đến nỗi. Bị cong ở mép trên. Và có dấu hằn ở phần ruột sách. Chưa đánh giá phần nội dung sách nhưng tổng thể bề ngoài không được hoàn thiện như mong đợi., Giao hàng đúng thời gian dự kiến nhưng Tiki gói hàng không kỹ, không có chống sốc, sách bị móp các góc làm mình khá buồn, sách cũng không có seal hơi dơ một tí. Nội dung thì rất hay, rất đáng đọc., Tiki thường không bọc lót thêm xốp khi giao sách nên mình rất hồi hộp khi nhận sách. Nói chung tới giờ mình vẫn may mắn là sách không bị hư hại nặng như 1 số trường hợp khác. Nhưng thi thoảng vẫn gặp 1 chút bẩn. Cuốn này cũng vậy, trừ 1 sao cho NCC., Bạch dạ hành lôi cuốn ai mê trinh thám thì cũng nên trải nghiệm một lần., Sách giao đúng hẹn, có điều bọc cái lớp giấy bóng quá ẩu.
Cốt truyện giống giống với ""Dạ ảo""
Nhân vật cũng nhiều nhưng so với ""Trăm năm cô đơn"" thì tên nhân vật vẫn còn dễ nhớ., Mình không phải là người nhạy cảm df nhưng mua sách mới mà bị cấn rách hẳn hai đường như thế này thì thực sự rất xót. May mắn là mua combo 2 cuốn, cuốn còn lại không bị, sách giao nhanh lắm luôn, nhưng mà vì k có bookcare nên giao về bị móp và nhìn k đc như mới nữa, về ndung thì mình mới đọc đoạn đầu nma cực kì cuốn luôn, khuyên mng nên mua nhé, Giao hàng nhanh nhưng chất lượng không ổn lắm
Đóng gói sơ sài, không có lấy 1 cái túi bóng hay chống xốc :( 1 vài chỗ khá bẩn
Sp tạm , nội dung hay, Cách viết của bác Keigo thì khá hay, nhiều chi tiết lồng vào nhau, nhưng kết thúc thì hơi lửng lơ xíu, mình không thích cái kết này cho lắm, cảm thấy chưa thỏa đáng, Sách tuy là mình chưa đọc, đọc ý kiến của mn thì thăy sách rấy hay, cơ mà điều khiến mình đánh giá có 4 sao thôi, thì là vì sách ko đc đóng gói cẩn thận (kiểu như là bỏ sách vô hộp xong lấy băng keo dán lại thôi ấy) cho nên sách có vài góc nó nhăn tí xíu vs lại rách 1 tí xíu á (chỉ tí xíu thôi, chứ cũng ko ảnh hưởng đến sách đâu), vs lại sách cũng hơi bụi nữa. Còn lại thì mình thấy okeeee, Sách không còn seal, bìa bị ảnh hưởng nhưng không vấn đề lắm. Nội dung thì không phải bàn=))), Lần này tiki giao hàng tệ thật sự, hộp móp tè le, sách ko seal, dơ nhìu (trg hình là đã đc lau), Cạnh hơi quăn, đây là lần 2 mình mua ở tiki trading nhưng tình trạng này chưa đc cải thiện. Với những ng quý sách sẽ chẳng ai vui về điều này cả, chỉ cho sách vào họp r giao, chả có sự bảo vệ cho mỗi quyển sách. Mong có sự cải thiện vào lần sau. Xác nhận đơn hàng nhanh, giao hàng nhanh. Thanks, Sách đẹp, nd thì khỏi bàn r. Mê trinh thám nên mik mua về đọc nhưng sách ko đc bọc kĩ nên cs chỗ hơi móp., Không có bookmark😅 Lần đầu thử đọc trinh thám xem như nào. Có vẻ cách viết dễ đọc hơn light novel á, Sách về nhanh, hơi bụi, nhưng lí do mình cho 4 sao là do sách không ổn ở góc gáy sách, nhìn không được thẩm mỹ cho lắm., Hình như giao cho mình sách cũ thì phải, bìa nhìn cũ với xước nhiều, phần gáy dưới bị tróc ngược lên một chút, khi gấp sách lại phần bên hông sách bẩn rõ luôn, hơi thất vọng, 3 sao nhé, bỏ 150k mua cuốn sách nhưng khi nhận sách thì hơi buồn, bìa sách gây thất vọng , bìa bị dơ vài chỗ và đặc biệt là bìa bị rách 1 chỗ nhỏ , để soi dưới ánh sáng thì thấy bìa khá dơ, Mình là người khá dễ tính, đó giờ nhận sách có nhăn hay cong 1 chút cũng không phàn nàn. Tuy nhiên đơn này mình đặt từ tháng 8 mà giờ gần cuối t9 mới nhận, thông cảm vì dịch giãn cách ở HCM. Tuy nhiên mình biết TIki đó giờ gói hàng khá ẩu, chỉ bỏ sách vào hộp chứ không bọc hay chèn. Nhưng bình thường giao trong 1 2 ngày thì không sao, nhưng dịch thì cái hộp hàng nó sẽ bị quăng quật cả 2 tháng trời nên hư hết sách. Hy vọng tiki cải thiện điều này vì trong dịch đơn hàng sẽ rất lâu mới đến tay khách nên bọc cẩn thận sẽ tốt hơn., mua 2 quyển nhưng quyển kia đjep mới, còn bạch dạ hành thì bị gập góc, quăn gáy rất k hài lòng chứng tỏ đóng  góp sách xấu cho mình. tiki k gói hàng cẩn thận hộp móp hết cả. rất k hài lòng, truyện quá nhiều nhân vật, tên họ của họ đôi khi còn na ná nhau nữa khiến truyện có phần dài dòng và khó nắm bắt. Nhiều nút thắt và điểm bất thường nhưng chỉ được nhắc đến để tăng kịch tính chứ ko hề giải thích rõ ràng. Động cơ và cách thực hiện vụ giết người thiếu thuyết phục. Bi kịch trong truyện ấn tượng để lại nhiều suy nghĩ. Tóm lại là nếu càng đòi hỏi sự logic và càng khắt khe trong các tình tiết thì sẽ càng thấy truyện ko hay, Tiki quá tệ trong khâu đóng gói hàng và giao hàng. Không bao bọc hàng, cũng chẳng có bọc chống sốc, bìa sách bị cấn, góc sách móp, nhìn khá cũ kĩ. Thùng hàng thì lỏng lẻo, thủng lỗ ngay góc thùng., Tiki giao hàng rất nhanh ngày hôm sau đã nhận được nhưng mà mình khá buồn khi truyện bị cũ bẩn xước móp như này :(((, hàng bọc ko kỹ, trời mưa mà ko bọc sách lại. may chỉ bị ướt ở vỏ ngoài chưa ướt bên trong. mong shop gói hàng kỹ hơn. sách còn bị nhăn 1 trang, bị gấp lại. hic, khá ổn, nhưng giấy hơi cong, Sách đẹp, đúng hàng, chất lượng tốt. Điểm trừ là kg có bm. Nhưng đáng mua, chất lượng sách tương đối tốt, giá rất rẻ nhưng đọc đc tới nửa quyển thì gáy sách hằn lại vết nhăn hơi khó chịu., sách khá mới và đẹp  nhưng chắc do quá trình đóng gói nên bị móp góc sách và nhăn 1 trang sách., Không biết do bên vận chuyển hay bên Tiki mà sách kiểu xước với va đập nhiều 🥲, Bìa phần gạc sách có một vệt như lằn sách, Sách hay. Con người và Xã hội nhật hiện lên tương đối trong 1 thời gian dài. vận chuyển thì quá chậm. cần chú ý, Sách được giao nhanh nhưng do vận chuyển mà bị móp ở phần gáy sách, 
Tiêu cực: Tôi cảm thấy thất vọng các bạn ạ, sách chắc là được để dưới mặt sàn, lê lết xước xát. Nhiều lần mua kiểu gì cũng phải có cuốn bị quăn queo hay bị xước. Shop như đang bảo rằng k mua bookcare thì ráng mà chịu đi vậy, Quá thất vọng Tiki về khâu giao hàng. Thực sự mình đã rất hâo hức khi mua cuốn này tới giờ cầm nó trên tay thì mép của sách cong hết và dính nhiều bụi. Nhiều lần mình đặt đã bị vậy và cũng đã đánh giá lại nhưng vẫn không thay đổi. Mình thực sự thất vọng 😔, nội dung sách thì mình không bàn tới, giao hàng thì siêu nhanh
nhưng mà tiki có thể giao cuốn sách như vậy cho khách sao? mấy trang đầu không hiểu keo từ đâu chảy ra làm dính hết mấy trang giấy lại, làm mình không biết xử lý sao luôn
biết là tiki giao sách hay bị móp này nọ lắm nhưng mà đến thế này luôn thì chịu rồi. Quá là thất vọng, Thất vọng, sách ship về cứ như là hàng tồn trong kho, bìa bị xước xước, rìa và gáy sách bị quăn quăn, phải ép mãi nó mới thẳng được, mong tiki và Nhã Nằm cẩn thận hơn trong việc chọn và đóng gói hàng tại mọi lần tôi mua đều không bị như vậy và đây là lần đầu tiên đánh giá 2 sao cho chất lượng của Nhã Nam ạ 😕😕, tất cả sản phẩm khác trong đơn thì không sao nhưng trúng 2 quyển giá cao nhất lại bị df nặng nề như thế này. Trước giờ mình chưa từng đánh giá đơn nào vì df nhưng lần này phải vào đánh giá để báo Tiki giải quyết vì mình rất mong chờ nội dung từ 2 cuốn trên. Shock!, Tiki giao cho em cuốn bạch dạ hành bìa bị gãy, cũ và bị dơ  giống như sách cũ đã qua sử dụng rồi , lần này thất vọng nhiều ạ., Quá thất vọng về Tiki. Đơn hàng đặt được hơn 1 tháng mới được giao, nhưng mình cũng thông cảm là do dịch. Nhưng khi giao hàng đến thì cực kỳ thất vọng, sách rất dơ và bụi bậm, cong góc, mòn góc rất nhiều. Chưa kể quyển Bạch Dạ Hành còn biến dạng cả quyển sách, thật không chấp nhận được. Mong Tiki xem lại cái giao hàng và tôn trọng hàng hoá của khách hàng. 3 đơn hàng gần đây của mình thì chẳng có đơn nào còn nguyên vẹn hết, quá thất vọng!!!!!!, Mình khá thất vọng vì sản phẩm bị móp méo, Sách bị rách giao hàng mà còn không có bọc chống sốc😃, Tiki đóng hàng cực kì cẩu thả, đáng lẽ nên lót thêm một miếng xốp hay muốn bảo vệ môi trường gì gì đấy thì ít nhất lót thêm cho mặt trước mặt sau hộp miếng bìa carton hay  keo kiệt nữa thì miếng giấy lộn cũng được để người ta khui hàng k bị rạch phạm vào sách. Mình nghe phàn nàn việc này nhiều rồi nên không dám lấy dao khui mà chỉ dám lấy bút bi mở hộp, cẩn thận hết sức vậy mà rốt cuộc vẫn nguyên đường bút bi vào sách, vì sách quá sát hộp, mở đầu nào cũng dính vào sách, tiki bỏ thêm miếng giấy lộn vào đơn hàng cho khách thì đã không hỏng quyển sách rồi ạ.  Không hiểu sao hộp thì khô ráo mà sách bên trong thì ẩm ướt quặt quẹo, sách lại còn giống như là đã đọc qua rồi, sách đổi trả lấy giao cho khách khác vậy, chán thật sự., Tôi xin đổi lại vì khi bán các anh nói quà tặng khuyến mãi mấy món. Khi nhận lại ko có. Làm ăn kì quá vậy? *** đảo hay gi vậy mấy cha, tui nhớ là tui hủy đơn rồi mà sao vẫn giao, đã z trong quá trình giao hàng, tiki ko hiện thông báo là đang giao tới đâu hay gì cả, kiểu bị ép nhận luôn á, ko hiểu, Mình mua sách về sưu tầm nhưng khi mở ra thì thấy rách + bẩn như hình, thất vọng thực sự, Khoan bàn đến nội dung nhưng về hình thức thì sách bị móp và trầy xước khá nhiều do đóng gói không một miếng chống sốc nào., Giao sách chậm rồi mà còn ướt hết cả nửa cuốn, chịu thua với tiki., "
10383904,"## Tóm tắt feedback về cuốn sách ""Tôi là Bêtô""

**Phần tích cực:**

* **Đóng gói:** Sách được đóng gói cẩn thận, tuy không quá kỹ nhưng đủ để bảo vệ sách không bị trầy xước.
* **Giao hàng:** Giao hàng rất nhanh, chỉ trong vòng 2-3 ngày.
* **Nội dung:** 
    * Sách được đánh giá là hay, dễ thương và ý nghĩa.
    * Câu chuyện kể về cuộc sống của hai chú cún với những suy nghĩ sâu sắc về cuộc sống, tình bạn, tình yêu thương.
    * Lời văn nhẹ nhàng, dí dỏm, mang nhiều triết lý nhân sinh.
    * Tác giả sử dụng ngôi thứ nhất để nhân hóa nhân vật Bêtô, tạo nên sự gần gũi và dễ thương cho câu chuyện.
    * Sách phù hợp với mọi lứa tuổi, đặc biệt là những người yêu thích động vật.
    * Rất nhiều câu nói hay và ý nghĩa trong sách.

**Phần trung lập:**

* Một số người nhận xét sách được đóng gói đơn giản, không có giấy chống sốc.
* Một số người nhận xét sách bị bẩn, bìa bị cong hoặc rách, nhưng không ảnh hưởng đến nội dung.
* Một số người nhận xét sách không có bookmark.

**Phần tiêu cực:**

* Một số người nhận xét sách bị dơ, bẩn, giấy bị nhăn, rách hoặc có nếp gấp.
* Một số người nhận xét sách bị hỏng hoặc ẩm.
* Một số người nhận xét sách bị cong, bìa bị lem màu.
* Một số người nhận xét sách cũ.
* Một số người nhận xét giao hàng chậm, bị nhỡ hẹn.

**Tổng kết:** 

Hầu hết khách hàng đều hài lòng về nội dung của sách. Tuy nhiên, một số khách hàng không hài lòng về chất lượng sách và dịch vụ đóng gói, giao hàng của Tiki. 
","Tích cực: Sách được đóng gói kỹ càng, đây là lần thứ 2 mình mua sách trên tiki, trải nghiệm mua đều rất ưng ý, sách được giao rất nhanh tầm 2-3 ngày, ngoại trừ việc đặt hàng trên app đôi lúc có trục trặc. Tôi là bêtô của bác Ánh là một cuốn sách khá mỏng, tầm 230 trang thôi. Mình rất hào hứng để đọc thử, mọi người đều khen nó rất hay, dễ thương, và ý nghĩa nữa. Sách của bác Ánh viết về động vật, đây là cuốn thứ hai mình đọc, cuốn đầu tiên là chú *** nhỏ nang giỏ hoa hồng, và mình rất thích nên cũng đặt kỳ vọng vào quyển thứ 2 này., Câu chuyện kể về cuộc sống của 2 chú cún - là bạn thân của nhau trong một ngôi nhà. Tác giả vào ngôi thứ nhất để nhân hóa nhân vật Bê tô - chú cún đơn thuần, tinh nghịch. Được may mắn có chú cún Bi nô dọn vào ở cùng nhà. Bi nô trầm tĩnh và có phần uyên bác. Những câu dẫn chuyện hết sức đời thường, nhưng không phải ai cũng đủ tĩnh tâm nhìn nhận lại mọi thứ:
- Đôi khi bạn yêu mến một ai đó đơn giản chỉ vì người đó thật lòng yêu mến bạn. Tâm hồn chúng ta được sinh ra là để chờ đáp lại niềm yêu mến từ một tâm hồn khác. Nó giống như chiếc ống sáo, sẵn sàng reo lên khi ngọn gió mùa hè thổi qua.
- Một ngày nào đó bạn sẽ nhận ra ý nghĩa của ước mơ không phải ở chỗ nó có phù hợp với khả năng thực tế hay không. Điều quan trọng là nó cho phép bạn sống thêm một cuộc đời nữa nữa với cảm xúc của riêng bạn, bạn trong một thế giới mà bạn có thể hóa thân một cách hồn nhiên nhất vào đấng toàn năng. Như vậy, ước mơ không chỉ là chiếc bàn là tinh thần giúp bạn ủi phẳng những nếp nhăn của số phận mà còn là cách để bạn bắt gặp hình ảnh của Thượng Đế trong bản thân mình.
- Những gì tôi kể ra thật nhỏ nhặt. Nhưng phải chăng quy luật cuộc sống cũng không có gì to tát: khi bạn thay đổi một góc nhìn, bạn sẽ thấy thế giới mà bạn đang sống hiện ra dưới một thứ ánh sáng khác, và biết đâu nhờ vậy mà quan niệm của bạn về thới giới cũng khác đi!
- Tôi từng nghe người ta bảo trong cuộc sống tiền bạc không phải là thứ quan trọng nhất nhưng điều đó không có nghĩa là bạn cho phép mình nhìn tiền bạc với thái độ rẻ rúng.
- Có những người tỏ vẻ coi khinh tiền bạc, như là coi khinh những gì thuộc về vật chất. Họ làm ra vẻ đồng tiền là thứ gì bẩn thỉu, bởi vì thực sự đó là những đồng tiền họ kiếm được bằng những cách bẩn thỉu.
- Những người lao động chân chính và lương thiện bao giờ cũng quý trọng tiền bạc, giống như những người làm vườn cần mẫn luôn yêu quý hoa trái được sinh ra dưới bàn tay chai sạn của mình.
- Khóc, đôi khi là một kiểu cười, và ngược lại.
- Bạn cũng thế thôi, có những chuyện bạn đinh ninh chỉ có một mình bạn biết nhưng sự thực thì bạn không phải là người duy nhất nắm giữ chìa khóa bí mật của cuộc sống.
- Chị không nghe được, nhưng chị thấu hiểu. Cảm thông cũng là một cách nghe. Trái tim có lỗ tai của nó, bạn tin không?
- Có thể bạn không tin những gì tôi nói nhưng nếu bạn biết rằng trong vương quốc của tâm tưởng, nơi con người ta không cần phải vót nhọn thái độ theo hoàn cảnh, không cần phải thu xếp lời ăn tiếng nói để sự thẳng thắn khỏi bị đánh lưới thì bờ cõi của sự chân thật được mở rộng đến vô biên và mỗi ý kiến cá nhân đều có một ngai vàng tráng lệ của riêng mình.
- Bạn cũng biết rồi đó, cái tên đôi khi được cha mẹ đặt cho một cách ngẫu nhiên, nhưng chính cách sống của bạn đã không ngừng chưng cất cái tên của mình qua năm tháng, giúp cho nó tỏa hương.
Câu chuyện như đang viết rõ về con người, thông qua cách nhìn nhận vô tư, thản nhiên của một chú cún - một người ngoài cuộc lúc nào cũng có cái nhìn chung nhất đối với người trong cuộc!
Cảm ơn tác giả đã mang lại nhiều kiến thức, cảm xúc, và cho tôi trân trọng nhiều hơn các con vật xung quanh mình., -không phải bàn về thời gian giao hàng nữa,giao nhanh cực kỳ 🥰
- sách dc bọc khá cẩn thận,không quá kĩ nhưng cx đủ để không bị sách trầy xước 
- nội dung sách thì suất sắc thật sự, có nhiều câu khá tâm đắc.., Truyện rất hay. Rất thích hợp khi cả gia đình cùng đọc vào buổi tối. Những suy nghĩ của anh chàng cún Bêtô rất dễ thương và ngộ nghĩnh. Các bạn nhỏ sẽ thấy nhiều tính cách qua các nhân vật là những ""người bạn"" cún và những con người trong gia đình của Bêtô. Truyện gây cười khi Bêtô bất ngờ có những câu kết luận rất già dặn so với tính cách hồn nhiên, con nít của mình. Rất đáng để đọc!, Đóng gói của FAHASA thì tuyệt vời xưa nay rồi. Sách có màng bọc và chống sốc cẩn thận hết. Chứ đặt Tiki Trading tuy rẻ hơn nhưng mà bên đóng gói chưa được cải thiện lắm. Còn về nội dung sách thì dí dỏm, hài hước và cũng có nhiều điều để chiêm nghiệm khi bản thân là những đứa trẻ ""già""🤣, Ok, Quá trời dễ cưng luônnn! Đọc xong quyển này thấy yêu mấy em *** nhà mình kinh khủng. Truyện nhẹ nhàng,  dễ thương được kể dưới một góc nhìn thú vị của chú *** Bê Tô. Sách phù hợp mọi lứa tuổi luôn nghen,  đặc biệt là thím nào mê cúnnnn như tui., Truyện hay, giao nhanh,, Sản phẩm rất xinh đẹp tuyệt vời, tôi không thể trông đợi gì hơn. Cảm ơn nhà cung cấp, nhà sản xuất, cảm ơn người bán hàng, cảm ơn sàn thương mại điện tử, cảm ơn người vận chuyển để tôi có cơ hội dùng sản phẩm tốt như thế này., Truyện khá hay, nội dung đơn giản,  giản dị. có tranh trắng đen minh họa nữa. Nên mua về đọc nha mọi người. Mà Con *** đỏ mang giỏ hoa hồng, 4 con *** trong đó có liên quan 4 con trong đây không nhỉ? Cuốn 2 con mèo ngồi bên cửa sổ nữa. Trong truyện từng nhắc tới 2 con mèo., Một tác phẩm nhẹ nhàng.  Giữa 2 cuốn sách viết về loài vật, cá nhân mình lại thích cuốn “ Có 2 con mèo ngồi cửa sổ” hơn.:). Tiki giao hàng nhanh, sách có bookcare, Một câu chuyện rất dễ thương dưới góc nhìn của bạn Bêtô, những hành động hư hỏng của Bêtô qua cách kể của tác giả lại trở nên đáng yêu, khi mình đọc xong quyển sách này mình cũng k cảm thấy tức giận nhiều khi cún nhà mình nghịch phá nữa. Và hơn hết là tình bạn thật đáng trân quý giữa Bêtô và Binô. Mình rất thích sách của bác Ánh 😀😀, Mình rất hài lòng về chất lượng sản phẩm của Tiki, dù đây là lần đầu tiên mua hàng, mình chưa thể đánh giá là những lần khác hàng có tốt hay không, nhưng lần này sách chất lượng rất tốt, giao hàng nhanh, 20h hôm qua đặt mà 12h hôm nay đã giao tới. Nội dung thì khỏi bàn rồi, về hình thức, sách là sách thật, bìa in rõ nét, cứng cáp, có tem, sách thơm mùi giấy mới, đáy sách dán gọn gàng, chữ in bên trong rõ nét, giấy mịn. 
Tính ra sách nếu tính giá bìa và tiền ship thì sẽ mất hơn 100k, nhưng mình mua trên Tiki và nhập mã giảm giá *** pay nên chỉ còn hơn 50k, quá lãi. Theo mình đánh giá thì sách của mua trên Tiki ( Tiki Trading phân phối ) chất lượng tốt hơn, rẻ hơn và ship nhanh hơn sách trên Fahasa.com!, Nguyễn Nhật Ánh là một nhà văn thiếu nhi gắn liền với tuổi thơ của nhiều người và mình không ngoại lệ. Có thể nói Nguyễn Nhật Ánh là nhà văn Việt Nam có tác phẩm mình tìm đọc nhiều nhất. Khi quyển Tôi là bêtô sale 50% mình đã mua. Thật sự, Tiki giao hàng chưa bao giờ khiến mình thất vọng luôn, giao hàng thì nhanh kinh khủng luôn. Nội dung thì hay ơi là hay. Mọi người nhớ mua đọc nha, không phí đâu. Bọc sách thì gọn gàng và khít lắm, cẩn thận nữa. Đây là lí do khi mua sách mình chọn Tiki là lựa chọn đầu tiên. Chúc mọi người đọc sách vui vẻ nha!?, Giao hàng nhanh, sản phẩm tốt, chất lương rất đáng tiền. Đặc biệt những sách của nhà văn Nguyễn Nhật Ánh rất hay, Sách rất tuyệt, giao hàng nhanh. Tuy nhiên bìa sách bị nhăn một xíu mong Tiki sau này đóng gói cẩn thận hơn là tuyệt., Cuốn này mình có đọc rồi luôn, ưng lắm. Tiki giao sách mà tầm 4-5 ngày trong dịch như này mình cũng vui lắm ạ. Sách nhận được mới và đẹp., Tuyệt vời lắm, Ngôn từ đơn giản, dễ hiểu nhưng có nhiều điều suy ngẫm về tâm tư tình cảm của con người, tình bạn, tình cảm của cha dành cho con gái, sự tinh tế của người vợ, kỉ niệm về quê nhà & người thân trong gia đình, Ok, Đóng gói cực kì tệ sách thì oke nhma cách đpois thịt mk chê nha sách thì may ko sao vânc oke nhma giao nhanh vừa đặt tối trc chiều sâu giao luôn, Sách được bọc cẩn thận, vận chuyển nhanh, giá cả hợp lý. Nội dung cũng hay nhức nách, Trời ơi thích ghê lun, thích cuốn này lắm, trang sách cũng sang xịn mịn hơn hẳn. Mở sách ra đọc mà chỉ sợ làm gãy gáy sách thôi, Một câu chuyện xúc động về động vật, tác phẩm này đúng là dành cho những ai yêu thích thú cưng. Và tôi là một trong số đó. Người ta nói người yêu động vật là người sống rất tình cảm. Đọc quyển sách này giúp tôi càng yêu chú cún của mình - người bạn trung thành không bao giờ phản bội chủ!, Quyển sách mỏng, nhẹ và nội dung nhẹ nhàng sâu sắc dù mới đọc được những trang đầu, cuối. Nhà văn Nguyễn Nhật Ánh không hổ danh là Nhà văn của Thiếu nhi :))), giấy vàng đẹp, đọc không bị nhức mắt. chữ và hình in rõ nét chất lượng. bìa dày dặn, mới, sạch sẽ. 
đợt này mình mua 7 quyển thì đây là quyển mà mình hài lòng nhất. xứng đáng nhận 5 sao, Chắc mình mua đến lần thứ 5 rồi, tặng cho bạn bè xung quanh. Nhẹ nhàng thư giãn nhưng lại rất nhiều bài học tuỳ vào tư duy người đọc. Rất nên mua và đọc qua nhé., Sách hay nên mua mọi người nhé! Giao hàng nhanh đóng gói cẩn thận, giao hàng nhanh, sách hay, Đặt tối hqua hôm nay nhận đc luôn, giao sớm hơn 2 ngày lận ưng ghê. Sách rẻ hơn mua ở nhà sách rất nhiều. Bùn là sách không đc bọc bookcare, nhưng sách cũng kh móp méo hư hại gì hết., đẹp đẹp đẹp ko ngôn từ nào diễn tả chất liệu giấy đẹp giao hàng nhanh hơi tiếc chútlaf ko có bookmark, Đọc xong ngộ ra được rất nhiều điều,câu truyện nào cũng thấm thía,sách nên được dịch ra nhiều thứ tiếng hơn ạ, sp tốt, Sách ý nghĩa, hay, Bìa sách đơn giản nhưng đẹp, đóng gói vận chuyển rất cẩn thận. Nói chung là OK!, Nội dung hay, Mình rất thích truyện của NNA nên mình săn sale được cuốn này rất rẻ luôn. Bao bì TiKi bao rất kĩ theo chủ đề giáng sinh làm mình không muốn xé rách luôn TvT, Truyện có nội dung rất hay và ý nghĩa. Sách truyện chất lượng tốt. Tiki giao hàng hơi lâu do bị lỗi., Nhận sách thì chim ưng liền.Giấy chất lượng cao,shipper thân thiện,giao hàng nhanh,gáy sách ko bị gãy.5 sao lun, Gói sách rất cẩn thận, sách mới. Đọc nội dung rất chân thật, giàu cảm xúc., Sách của bác Ánh lúc nào cũng vậy, đọc cực kỳ lôi cuốn và hấp dẫn, khiến cho mình luôn luôn muốn đọc lại thêm nhiều lần nữa, Sản phẩm giống hình, giao hàng nhanh. Còn nội dung mình nghĩ là hay chứ mình chưa đọc ღ🥰ღ, Rất hài lòng vận chuyển sách không bị méo mó, và giao hàng cực kì nhanh ạ, Truyện hay, văn phong nhẹ nhàng; mặc dù không có bọc chống sốc nhưng may là truyện không bị ảnh hưởng gì, Hay và sâu sắc. Những bài học về đạo đức không bao giờ là thừa trong bất kể thời đại nào. Cảm ơn Nguyễn Nhật Ánh. Cảm ơn tiki., Cảm xúc trong trẻo của 1 chú cún nh lại chứa đựng đầy những triết lý nhân sinh trong đó, đọc & cảm nhận để gạt bỏ đi xô bồ của cuộc sống, sống chậm lại để biết yêu thương luôn bên ta, Truyện phù hợp với tất cả mọi lứa tuổi, mỗi người sẽ có 1 cảm nhận riêng khi đọc quyển sách này. Lời văn nhẹ nhàng, dí dỏm nhưng mang rất nhiều ý nghĩa. Mọi người nên mua đọc thử nhé., Tiki giao hàng nhanh, chiều hôm trc đặt mà sáng nay đã nhận đc r. Một vài chỗ hơi bụi bẩn do ko đc bọc nilon. Nội dung hay, đọc để thư giãn rất hợp ?
NÊN MUA ?, Sách đẹp, nên mua, sách chất lượng giấy bìa siêu đẹp nha bìa cứng giấy cứng đủ đóng gói cẩn thận giao siêu nhanh 2 ngày nội dung thì khỏi bản đáng tiền nha, Giao hàng nhanh có bọc sách cẩn thận, Chất lượng sách khỏi bàn, tiki giao siêu nhanh. Nội dung thì mình đọc 3 lần vẫn thấy hay, đang suy ngẫm. Có nhiều câu nói rất hay. Mọi người nên đọc thử. Một trong những cuối mình thích nhất của NNA., ""Nhiều khi chúng ta yêu thương một người chỉ vì người đó thực lòng yêu mến ta"".
Quyển sách mang lại cho mình nhiều cảm xúc tuyệt đẹp 🌼, xời, TUYỆT VỜI, câu chuyện dưới ánh nhìn của một chú *** nhưng sâu sắc, độc đáo và thú vị., Nếu bạn là một người thích động vật, cuốn sách này dành cho bạn. Mình đọc cuốn sách này trong 1 ngày. Câu chuyện cực kì ý nghĩa., Sách hay khỏi bàn. Giao nhanh nữa mà bị cái k có bọc sách lại chỉ sợ lỡ hôm nào mưa hay sao thì ướt sách :*, thích cách đóng gói hàng của fahasa ghia á. kiểu nâng niu từng quyển sách luôn. truyện của nna thì ko cần nói nữa rồi, vừa hay vừa có ý nghĩa?, Chưa bao giờ thất vọng khi mua sách tại Tiki Trading luôn. Đóng gói rất đẹp và cẩn thận, sản phẩm mới, đẹp, tuyệt vời 💯💯💯💯, đỉnh luôn ạ. Mua vì bìa xinh thôi ai ngờ bị cái nội dung làm đổ đừ. rcm mạnh mn nên mua nhé, Giao hàng nhanh (mới đặt hôm qua, hôm nay có hàng rồi ?), chỉ tiếc là ở góc bên trên của sách bị móp và hơi lem. Nhưng vẫn cho Shop 5 sao nè :>, Hôm nay mình vừa đọc xong Con *** nhỏ mang giỏ hoa hồng thì chiều nhận đc Tôi là Bê tô luôn nên mình đọc ngay. Sách bị rách chút xíu ở gáy nhưng mình thấy không sao cả, vẫn thích lắm., Sản phẩm giao nhanh vừa đặt hôm trước hôm sau đã nhận được hàng. Dạo này khá bận nên vẫn chưa có thời gian đọc để góp ý cho các bạn về nội dung truyện được., Sách của chú Ánh thì hay khỏi bàn rồi. Tiki đóng gói cẩn thận. Giao hàng nhanh. Mới đặt hôm trước hôm sau giao rồi nè. 5 sao + nha, Giao nhanh, giấy in đẹp, sờ rất thích, không có bọc sách nhưng cũng không bị sao hết. Nội dung chưa xem nên chưa nhận xét., Không thể chê vào đâu được quá tuyệt vời, sách đóng gói bảo quản kĩ. Rất đáng mua., Sách đẹp, Đúng chuẩn sách mới. Đóng gói kỹ., giao hàng đúng ngày, nội dung lẫn hình thức sách đều tuyệt, fahasa giao hàng nhanh, đóng gói kỹ, sách đẹp, truyện của Bác Ánh thì khỏi phải bàn rồi rất hay, gần giũ, Quá oke lun nhe, ở tỉnh nhưng giao nhanh 1 ngày là tới roài. Nhưng ko có chống sốc, nội dung hay, tiki giao hàng nhanh và đúng giờ. rất thích khâu bọc sách bảo vệ sách của tiki, Sách bọc hơi sơ sài nhưng vẫn không bị móp, bìa cứng đẹp, Tuyệt vời. Giao nhanh ghê. Mình mua tặng bạn. Gói rất cẩn thận luôn. 5 sao cho dịch vụ, Giao hàng nhanh, sách không bị gãy góc, sách hay, giao nhanh, đóng gói kỹ nội dụng hay tình cảm, giao hàng rất nhanh.Tiki ko bao giờ làm mình thất vọng , chất lượng sách chả khác gì ngoài tiệm mà lại còn rẻ hơn , được bọc kín cẩn thẩn .nên mua, Hay lắm, tuyệt, sách mới bọc kĩ càng ship nhanh 2 ngày có rồi, Sách đáng yêu và nhiều những suy nghĩ của bác Ánh., Tiki giao hàng đúng nhanh, hẹn thứ 2 giao mà hôm nay đã có rồi. Mình vừa nhận được đã bay vào đây đánh giá ngay^^ đóng gói chắc chắn không bị trầy xước. Rất hài lòng vs tiki luôn anh giao hàng vui tính nx không như mình mua trên ***, người bán hàng k uy tín mấy con shiper thì ăn nói coi thường khách-_-, thấy mọi người review nhiều trên youtuber nên mua về đọc thử đọc cũng khá hay tiki giao hàng về nhanh nên cũng ổn mình mua có bọc sách nên rất bóng và đẹp nói chung hài lòng?, Sách đẹp, giao hàng nhanh hơn dự kiến, không méo, móp, rách, nhàu, nát cũ. Còn nguyên tem nói chung là mới 1000%. (Nếu bạn thấy bình luận này của mình thì bạn sẽ nhìn thấy một quyển sách như miêu tả, chỉ là mình lười chụp ảnh.), Sách đẹp. Giao hàng đúng hẹn. Mình rất hài lòng., Shop đóng hãng kỹ, giao hàng nhanh, sách siêu xinh đóng gói cẩn thận, Bạn bé rất thích những mẩu chuyện nhỏ trong sách!, Beto biết tuốt mọi thứ đấy mn ạ
Đọc nhẹ nhàng và sâu lắng

Chất lượng sách tốt, tiki giao nhanh,sách đẹp mik là fan bác Ánh nên không có gì để chê r ,giọng văn vẫn vậy vô cùng lôi cuốn thích hợp vs mọi độc giả mọi lứa tuổi, Một cuốn sách mang nhiều dư vị…, Truyện của NNA thì bao giờ cũng hay rồi. Hồn nhiên lắm. Sách giao nhanh và chất lượng tốt nha, Sách đẹp lắm nha, Vừa nhẹ nhàng nhưng lại ý nghĩa, cảm giác rất healing, sách thơm mà còn xịn nx giao nhanh nhe, sách đẹp lắmm, giao hàng nhanh, giá rẻ nữa, ưngggg, Sách mới, chất lượng ^^, ko có bao nhưng lại rất sạch, ko móp méo, 5 sao, giao hàng nhanh, giấy ổn, rất thích bìa sách vì cái tiêu đề làm óng ánh đẹp., Sách đẹp, giao hàng nhanh. Nội dung thì hay khỏi bàn rồi. Rất thích câu nói này : "" Bạn cũng biết rồi đó , cái tên đôi khi được cha mẹ đặt cho một cách ngẫu nhiên nhưng chính cách sống của bạn đã không ngừng chưng cất cái tên của mình qua năm tháng, giúp cho nó toả hương. "", sách hay,giao hàng nhanh chắc chắn mới đặt hàng 17h hôm qua mà 9h hôm nay đã có hàng., Sách giao nhanh hơn thời gian dự kiến. Sách đẹp, không nhăn hay quăn góc., sách bác Ánh thì khỏi phải bàn cãi rồi.
nội dung thú vị, lôi cuốn. sách mỏng nên đọc nhanh lắm, chừng 1 tiếng là xong thôi, nguyên seal nha mn, Sách bìa đẹp, ko bị sờn hoặc hỏng. Nội dung của sách đánh giá tốt, 10 điểm cho chất lượng, Sách tốt , đóng gói sơ sài, Hơi móp méo tí tẹo nhưng sách còn đẹp, chất lượng tốt, giao nhanh, mưa tầm tã nên góc sách có hơi ướt một xíu, nhưng hem sao hết, Mình mua sách để tặng nên khá nín thở chờ đợi. May quá cuốn nào cũng mới tinh tươm, phẳng phiu không móp., 
Trung lập: Giao hàng nhanh
Sách mới nguyên
Nhân viên giao hàng lịch sự, nhanh nhẹn.
Chưa đọc chưa nhận xét nối dung được.
Đóng gói chỉ có hộp, ko chèn, may mà ko chuyển xa nên sách ko sứt mẻ gì., sách ok ạ. 
Điều tuyệt đẹp ở *** là nó không đứng im. Trâu bò thong thả nhai cỏ, còn *** thong thả đi. *** đi hoài, đi hoài, không đi quá nhanh, hẳn rồi, nhưng bao giờ cũng tới đích và đi nhiều lắm thì cũng thành nhanh., Sách được đóng gói cẩn thận, giao hàng nhanh., Mình đặt cùng các quyển khác. Quyển tôi là Beto bị bẩn đen ở bìa, dùng khăn ướt lau thì lại sạch, bị rách gáy:(( mong Tiki chú tâm trong khâu gói hàng hơn vì hộp về tay mình rách hết. Đây không phải phải là lần đầu tiên mình mua hàng ở Tiki và mình cũng không phải là người đầu tiên góp ý cho Tiki về việc đóng gói hàng. Mong Tiki ghi nhận ý kiến và cải thiện❤️, Hay tuyệt vời, ko hợp gu mình, nhưng đọc cảm thấy cũng ok👍, Truyện của bác Nguyễn Nhật Ánh từ trước tới nay thì không có gì phải nói, nhưng cuốn sách mình nhận được bìa hơi cong không biết do khâu để hàng hay vận chuyển làm cho cuốn truyện không được đẹp. Mình mong các đơn hàng sau Tiki sẽ chú ý hơn trong việc khâu lấy hàng và đóng hàng có thể mỗi cuốn sách có túi chống sốc hay bọc hộp cho vừa cuôn sách để cuốn sách đến tay những người mua không còn trong tình trạng rách, cong .., đóng gói sơ sài, k có giấy chống sốc và sách k có siêu, nội dung thì hay miễn bàn rồi, lần đầu mua hàng trên tiki, sau đây là những điểm tôi chưa hài lòng về sản phẩm. Cái thứ nhất không có bao bọc ni lông cho sách , cái thứ hai bìa sách bị lem màu và bị dơ nhiều chỗ và không có bookmart ☹, Giao hàng nhanh , hqua mình đặt hàng hnay đã có rồi . Tuy nhiên cuốn sách bị xước vài chỗ ở mặt trước nên hơi tiếc ?. Mong shop cẩn thận hơn với những sản phẩm khác về sau!??, Nhận hàng nhanh nhưng có 2 quyển bị móp méo chút, quyển Tôi là Bê Tô thì bị góc dưới của bìa sau. Rất mong Tiki bọc sách cho cẩn thận nhìn đỡ sót ruột, Giao nhanh anh shipper thân thiện dễ thương nhưng sản phẩm hơi bẩn và cũ, Sách được đóng gói cẩn thận, dịch vụ bookcare bao bì của tiki làm mình rất hài lòng, không có bookmark kèm theo hơi tiếc tí, Sách đẹp, Không bị hư hỏng gì. Tuy nhiên gáy của sách hơi giơ một chút xíu. Cũng không quá dễ nhìn thấy. Rất hài lòng, 
Tiêu cực: Không bàn về nội dung nhưng những lần gần đây mình cực kỳ khó chịu về chất lượng sách bên tiki. Một cuốn thì gáy sách dơ, một cuốn bìa bị cắt một đường, mình đã không yêu cầu đổi trả nhưng lần này lại bị nữa, bìa thì không sao, chỉ hơi bụi có thể lau được, nhưng mở ra bên trong thì tá hoả, giấy vừa nhăn vừa rách, keo cũng dỏm, chục trang đầu hầu như đều nhăn rất khó coi, phần còn lại thì bị nếp gấp.tiki liên hệ mình để đổi cho mình nhé. Lần này tiki làm thất vọng quá, Sách bị dơ phần gáy, do không có giấy bao ngoài nên bìa sách bị trầy nhiều, số seri phía sau bị cào mất, mua cùng lúc với nhiều quyển khác nhưng cuốn này với cuốn Cây chuối non đi giày xanh đều khiến mình không hài lòng. Bù lại, giao hàng rất nhanh, đặt hôm qua, tối nay đã giao rồi. Cho 2 sao vì tốc độ giao hàng chứ chất lượng sản phẩm khiến mình không mấy hài lòng, Sách cũ, bị hỏng và ẩm hết nửa cuốn. Rất thất vọng., Những cuốn khác mua của tiki rất ok nhưng riêng cuốn này thì rất cũ và bẩn, giấy bên trong còn bị cong như kiểu bị đè nén lâu ngày. Cảm thấy hụt hẫng, Giao hàng quá chậm. Nhỡ hẹn hai lần. Đặt hàng từ 17/12, lịch giao là 19/12 mà đến 23/12 mới nhận được, Rất tệ mik cực ghét dù nó  chỉ nhăn 1 miếng mik rất bực còn  đằng này rách cả 2trang 1 trang không  nói  mà  rách 2 trang mất hết cả chữ. Thật sự nó rất tệ . ?, "
104074997,"## Tóm tắt feedback về cuốn sách:

**Phản hồi tích cực:**

* **Nội dung:** 
    * Hay, thay đổi cách nhìn về nghề bán hàng. 
    * Thực tế, hữu ích, giúp xây dựng tư duy bán hàng tốt.
    * Phù hợp với sale trực tiếp sản phẩm.
    * Dễ hiểu, chi tiết, ngắn gọn, xúc tích.
    *  Có động lực, truyền cảm hứng.
* **Sản phẩm:**
    * Sách mới, chất lượng tốt, in đẹp.
    * Bìa đẹp, dày dặn, có bookmark.
    * Đóng gói cẩn thận.
    * Giao hàng nhanh.
* **Tổng quan:**
    * Đáng để mua.
    * Rất hữu ích cho dân sale.
    * Sách hay, đáng đọc.

**Phản hồi trung lập:**

* **Nội dung:**
    * Bình thường, thiếu thu hút.
    * Không hay.
* **Sản phẩm:**
    * Sách đóng gói cẩn thận.
    * Sách hay nhưng có nhiều lỗi chính tả.

**Phản hồi tiêu cực:**

* **Giao hàng:**
    * Không đúng hẹn.
* **Sản phẩm:**
    * Sách bọc không kỹ, nhìn cũ.
    * Shop không bọc sách.

**Kết luận:**

Hầu hết người đọc đánh giá cao cuốn sách về nội dung và chất lượng sản phẩm. Tuy nhiên, một số người nhận xét nội dung bình thường,  và có trường hợp gặp lỗi về giao hàng hoặc đóng gói. 
","Tích cực: Nội dung sách hay, thay đổi 1 số cách nhìn thông thường về nghề bán hàng. Mình thấy thích hợp cho các bạn sale trực tiếp sản phẩm đến khách hàng hơn là kinh doanh trên sàn thương mại, Sản phẩm tốt. Đáng để mua nha các bạn
Ocean Smart
Mang tiện nghi đến gia đình bạn
oceansmart.vn, Mới đọc sơ thôi, tác giả này bán theo phong cách tấn công, hardsell, tư duy của ổng phản ánh điêu này. Mình thì thích phong cách zig ziglar hơn, Sách rất thực tế và hữu dụng để có thể bán bất cứ thứ gì . Không phải bạn sẽ có 1 kịch bản y khuân mà là một hệ thống tư duy giúp xây dựng kỹ năng mind set tuyệt vời về bán hàng ., Nội dung sách hay phù hợp về marketing, sale... rất đáng để đọc. Lần này giao không có bọc giấy kiếng cho sách nên sách bị trầy nên hơi thất vọng., Nên mua đọc nha các bạn. Rất hữu ích cho dân Sale, Sách... Những điều mà ta nghĩ là thế nhưng thực chất nó không phải là thế./, Sách mới, bản tái bản 2022, có bookmark. Chưa đọc nội dung. Yêu thích từ cuốn Nguyên lý 10X  Grand Cardone., Mình muốn nghiên cứu thêm về sales nên mua khá nhiều sách về chủ đề này. Cuốn sách này được đánh giá cao và mình rất kỳ vọng về cuốn sách này, sách mới, in đẹp. Nội dung chưa biết., Sách đẹp, tiki đóng gói cẩn thận. Nội dung thì xem mới biết được, Sản phẩm tốt, đóng gói cẩn thận, trình bày bố cục dễ hiểu, chi tiết. giao nhanh, rất hài lòng. Sẽ tiếp tục ủng hộ., Sách mới k cong, k gãy bìa, chống sốc., Giao hàng nhanh, đóng gói cẩn thận và sách rất hay, Sách mới , giao hàng siu nhanh
Chưa đọc nên chưa đánh giá đc ndung, mong sẽ hữu ích trong cv của mình, Sách đẹp, nội dung hay., Giao hàng nhanh, đóng gói ok sách vận chuyển ko bị vấn đề gì. Chưa đọc hết nên chưa có cảm nhận. Mọi người đọc rồi cùng cho ý kiến nhé!, Sách hay., Rất thích luôn, Sách đẹp , nội dung chưa đọc qua nên chưa có đánh giá, nghe êm, chất lượng hài lòng, Một cuốn sách cực hay, giúp nhắc lại rất nhiều những điều mình biết mà không biết 😅 cám ơn, Sách hay, giao hàng nhanh., Mình chọn sách này theo sự gợi ý của 1 tiến sĩ giáo dục . Mình đã không chọn nhầm , sách quá hay !, Sách bìa đẹp dày dặn, nội dung phong Phú và rất hay ạ, Sách hay, sát với thực tế, Cuốn sách hay...Ai làm nghề bán hàng nên đọc!!!, hàng đóng gói rất kỹ lưỡng, sách mới không lỗi gì, mua tận 2 quyển rất ok, cảm ơn shop đã có tâm bán., chất lượng tốt, nội dung bổ ích, sách hay, Giao hàng nhanh, đóng gói cẩn thận. Nội dung sách hay, ai làm nghề sales nên tìm đọc nhé., Giao hàng nhanh, Sách hay giao hàng nhanh :) đóng góp chắc chắn, sản phẩm này rất hưu ích giúp tôi trao dồi thêm kĩ năng bán hàng, sách mới, nội dung hay, ngắn gọn xúc tích, ko quá lý thuyết và cũng ko khó để áp dụng, Sách hay và Dịch Vụ OK., Sách đẹp, in ấn rỏ ràng, Sách đẹp mới cứng giá tốt!, sách đẹp, đóng gói cẩn thận. Nội dung sẽ bình luận sau, Giao nhanh sp ok, GOOD 👍, okee, Đã nhận sách. Giao trễ hơn dự kiến. Chưa hài lòng về dịch vụ., Sách đẹp, Thiết thực Hay, Sách còn ok mặc dù ko bọc lại trong quá trình đóng gói, Rất hay săn sale nên giá tốt, Sách dc bao bì cẩn thận, Sách tốt, Sách hay, Y, nội dung sách trọng tâm, cô đọng, súc tích, Okp, Sách đẹp giao nhanh ạ, nội dung rất hữu ích, tác giả có kỹ năng tạo động lực tốt. sách đẹp và giao hàng nhanh!, ☺️, giao nhanh, sách đẹp, Sách hay mọi người nên mua ạ, Sách hay, Sách mới đẹp ủng hộ shop, Đóng gói cẩn thận, Rất ok, giao hàng nhanh, đóng gói sản phẩm đẹp, Great 👍, Cuốn sách bổ ích dành cho dân sale, Ok, 
Trung lập: Nội dung bình thương, thiếu thu hút, nội dung không hay, sách đóng gói cẩn thận, Sách hay nhưng sai chính tả nhiều., 
Tiêu cực: Giao hàng ko đúng hẹn!……., Sách bọc ko kỹ. Nhìn cũ .., Shop không bọc sách, rate 1 sao, "
104611536,"## Tóm tắt Feedback:

**Tích cực:** 

* Sách rất hay, nội dung hấp dẫn, triết lý sâu sắc và nhẹ nhàng.
* Sách mang đến cái nhìn đa chiều về cuộc sống.
* Giao hàng nhanh chóng.

**Trung lập:**

* Cảm nhận của người đọc là bình thường, không sâu sắc, không thấy hay.

**Tiêu cực:**

* Chất lượng giấy in kém, màu đen thô, không đẹp mắt. 
","Tích cực: Một quyển sách rất hay! Với những triết lý nhẹ nhàng và sâu lắng, giúp cho người đọc có cái nhìn đa chiều hơn về cuộc sống này!, sách nội dung hay, giao hàng nhanh nữa, Tuyệt vời, 
Trung lập: cảm nhận của riêng mình là bình thường, ko sâu sắc, mình ko thấy hay, 
Tiêu cực: Ruột sách là giấy đen thô, rất không đẹp mắt., "
104769768,"## Tóm tắt feedback về máy tính Casio fx-580VN X

**Phản hồi tích cực:**

* **Chất lượng sản phẩm:**
    * Máy chính hãng, hoạt động ổn định, nhiều tính năng hữu ích.
    * Bàn phím nhạy, màn hình rõ nét, hiển thị nhanh.
    * Thiết kế đẹp, màu sắc đa dạng, đặc biệt là màu pastel.
    * Máy bền, có bảo hành 7 năm.
* **Dịch vụ:**
    * Giao hàng nhanh, đóng gói cẩn thận.
    * Tiki và Fahasa hỗ trợ khách hàng tốt, xử lý đơn hàng hiệu quả.
    * Giá cả cạnh tranh, thường có chương trình khuyến mãi.

**Phản hồi trung lập:**

* Máy tính có thể bị lỗi nhỏ như bị trầy xước, nút bấm bị mòn.
* Nắp máy có thể bị vênh, nút on/off có thể bị thấp hơn các nút khác.
* Một số khách hàng cho biết màu sắc thực tế có thể khác so với ảnh trên website.

**Phản hồi tiêu cực:**

* Có trường hợp khách hàng nhận được sản phẩm đã qua sử dụng.
* Một số khách hàng nhận được máy tính bị lỗi như không lên nguồn, tem chống giả giả.
* Một số khách hàng nhận được máy tính bị trầy xước, hở, hoặc có dấu hiệu đã qua sử dụng.
* Một số khách hàng phản ánh về vấn đề hóa đơn, thời gian giao hàng, và thái độ của shipper.

**Kết luận:**

Hầu hết khách hàng hài lòng với sản phẩm Casio fx-580VN X. Máy tính có chất lượng tốt, nhiều tính năng hữu ích, giá cả phải chăng. Tuy nhiên, cũng có một số trường hợp sản phẩm bị lỗi hoặc không đúng như mô tả.  Khách hàng nên kiểm tra kỹ sản phẩm trước khi nhận và liên hệ với Tiki hoặc Fahasa để được hỗ trợ nếu gặp bất kỳ vấn đề gì.
","Tích cực: Rất tốt, chính Tiki bán thì ko cần check chính hãng luôn, đã kích hoạt bảo hành thành công. Giá giảm về 630k rẻ hơn mua nhà sách (trên 750k). Giao hành nhanh và đúng hẹn, chỉ gần 3 ngày từ lúc đặt hàng., Đã nhận được hàng đóng gói chắc chắn cẩn thận hàng chuẩn chính hãng nhập khẩu Thái Lan rất cảm ơn TIKI nhiều Mua hàng tại đây rất yên tâm về chất lượng sản phẩm mong mọi người ủng hộ, ưng lắm ạ. Lúc mới nhận hàng có *** đến câu 35 của đề thi thptqg, thấy oki lắm mng, kết quả hiển thị nhanh. Mình có thử bấm shift solve của mấy công thức dài ngoằn của Lý thì cũng hiển thị nhanh lắm. Bàn phím cũng nhạy, lướt như gió luôn í hihi. Màu máy thì đẹp cực :33 Có thử *** tem chống giả và kích hoạt bảo hành được ạ. Không biết dùng lâu thì như thế nào, nma hiện tại thì thấy rất hài lòng ạ, màu pastel xinh cực kì. mình thấy nhiều ảnh đánh giá rồi cơ mà thấy tận mắt màu lại xinh hơn mình nghĩ. Mình đã dùng bản màu đen thì mình thấy phím bấm của bản màu xanh mới ra bấm đầm tay hơn màu đen, phím chắc chắn hơn ấy. Nhưng độ hoàn thiện chi tiết về con số in trên phím chưa thật sự hoàn hảo như màu đen., Giao về hộp rất đẹp luôn, không hề có móp méo gì hộp ở bên ngoài đâu. Nếu ai đang muốn mua em này vì nghĩ màu hồng phớt thì dẹp đi, màu hồng ""mắm tôm"" bên ngoài và bên trong thì màu sẽ nhạt hơn. Shipper không thân thiện lắm, hẹn chiều quay lại nhưng shipper không chịu mà tới mấy ngày sau mới quay lại. Nhưng đó cũng không phải tại shop nên vẫn 5 sao ♡ nói chung là đáng mua trong tầm giá, Hàng chính hãng nhé mn, và giao rất nhanh 10h sáng hôm qua đặt sáng mai 8h sáng đã nhận được hàng rồi nè, Đây là đơn hàng đầu tiên mình mua ở Tiki cũng như là shop Fahasa  .Mình mua dịp 11.11 ,rất bất ngờ về bảo bì đóng gói ngay ngắn của shop nè, ko bị méo mó ,ngấm nước .Giao hàng trước dự kiến. Hàng chính hãng và mình đã kích hoạt bảo hành thành công .Cảm ơn Fahasa và Tiki nhiều, Máy nhận được ổn, đầy đủ, không trầy xước. Máy casio nên chắc là bền, mà được bảo hành 7 năm lận nên an tâm.
Duy có 1 điểm trừ, đơn hàng mình đặt từ *** nhưng đến ngày 10.10.2021 vẫn cứ đang chờ xác nhận. Sao đó mình gửi *** ý kiến thì bắt đầu duyệt hàng và giao. Nếu không phải mình trả tiền trước rồi thì mình đã hủy đơn rồi ấy., Giao hàng nhanh. Mua của tiki tranning thì cũng an tâm phần nào. Con mình sử dụng rất thích . Đóng gói rất cẩn thận., gói hàng gì nhìn thấy hàng bên trong luôn.  như kiểu bị khui rồi. nhìn cũng bất an, mình có ghi video lại. Mở ra thì cũng đúng hàng, có tem mác đầy đủ. nhưng cũng k biết đồ thật hay giả nữa. để dùng ít bữa xem sao, Vẫn ngon khi sau 1 năm ra mắt. Lúc đầu vẫn đắn đo trước fx580 với fx880 mà nghĩ qua, nghĩ lại vẫn chốt fx580. Vì sử dụng quen fx570, fx580 bạn bè và thầy cô có sử dụng nên có thể chỉ dẫn. Còn fx880 quá mới thầy cô và bạn bè chưa có nên phải tự mò cộng thêm fx880 thiết kế mới thường xuyên bấm nhầm. Nếu ai lớp cao và sắp thi chuyển cấp nên mua. Còn ai lớp thấp nên suy nghĩ fx880 để tập quen dần (Fx880 có nhiều nâng cấp đáng giá)., Những mẫu váy đầm đẹp nàng nên sở hữu trong năm 2020

Cùng thời trang K&K Fashion cập nhật thật nhanh nhé! 1. Váy đầm xòe đẹp trẻ trung. Khó có item thời trang nào có thể đạt được sự nữ tính, điệu đà theo ..., Giao nhanh hơn dự kiến, hàng ok, mình canh được sale nên giá rất mềm hơn, thích màu xanh nên thấy máy xinh lắm, mình đã dùng máy đen trắng rồi nên chắc máy này cũng tốt như thế., mình là con người rất hay hối hận , nhưng mua máy tính này thì là lựa chọn sáng suốt nhất cuộc đời mình . xài casio loại 570 quen rồi chuyển sang 580 có chút bất tiện nhưng siêng mày mò là oke liền , nhiều tính năng nữa 
chưa kể màu máy ở ngoài trầm hơn trong ảnh nhiều . kiểu mát mắt với sang lắm nhé nên yên tâm 
mình dán sticker Butter album lên là đẹp nhức nách rung động vũ trụ . còn không dán thì đẹp bình thường nhé , mình mua cũng 1 tháng rồi 
có mã code để các bạn check và bảo hành 😝😝, Hàng giao hỏa tốc đúng mẫu, có tặng kèm pin, chưa sử dụng nên chưa biết chất lượng thế nào, có bảo hành nên cũng yên tâm., U là tr, máy siêu xịn siêu đẹp luôn á mn. Mình mua đc với giá 520k thôi, đặt từ bữa thứ hai đến thứ 5 đã có hàng rồi. Mình kích hoạt bảo hành thành công ạ, có dùng cả bút laze để kiểm tra tem luôn. Cảm ơn tiki và nhà sách fahasa nhiều nhiều 🥰🥰, Máy rất oke nha, mới đầu *** seri ra 00C cũng rén nhưng mà không trùng với 2 mã kia thì là hàng real nha, fahasa luôn không làm mình thất vọng , máy rất đẹp và mượt , hàng chính hãng nha ,hơi thật vọng xíu là giao hàng quá nhanh làm mình không chuẩn bị tiền kịp 🤣🤣, Mặc dù chỉ thị 16 nhưng tiki vẫn giao trong 2h! Máy màu đẹp hơn trên hình! Loại siêu mỏng nên giá mắc hơn các dòng khác! Cực kỳ hài lòng! Sẽ giới thiệu cho mọi người
Bạn nhà mình là con trai nhưng bạn chọn màu hồng! Vẫn đẹp!, Màn hình rõ nét mượt mà, Sản phẩm đẹp, giao hàng nhanh lắm ạ mỗi tội nhân viên giao hàng làm mình hơi thất vọng rõ ràng là hàng dễ vỡ, mình đã đứng ra ngoài cửa, đeo khẩu trang để nhận hàng thế mà anh ấy thẳng tay ném luôn vào nhà mình:((, FHS đóng gói cẩn thận, giao hàng nhanh, hàng chính hãng có phiếu bảo hành và hướng dẫn sử dụng đầy đủ, máy tính cho ra kết quả nhanh, chính xác, Mình đã *** thử thì thấy máy tính nhanh,nhạy. Cũng do là trc mình dùng fx570 nên giờ qua máy này nên hơi bất ngờ
Toán có thể áp dụng đc rất nhiều thủ thuật casio để tiết kiệm thời gian tính toán, là trắc nghiệm.
Ngoài ra mình còn khám phá ra fx580 còn cân bằng pthh đc cơ ạ :v đổi các đơn vị ở Tin học ra nữa. Nói chung là đáng mua ạ, Mình mua giá sale có 459K thôi, mình ko nghĩ là mua đc rẻ vậy luôn. Máy ok, giao nhanh, sp chính hãng, nên mua nha mn, Máy cứng cáp mẫu mã đẹp đa dạng , giao hàng nhanh, đóng gói chắc chắn, chinh hãng, có HDSD tiếng Việt. Tuy nhiên, nên tặng kèm một cuốn sách HDSD, các mẹo hay của máy thì càng tốt hơn. Cho 5 sao nhé!, Hàng siêu xịn mint nhaaa. Ban đầu băng khoăn ko biết hàng thật hay giả khi mua về kiểm trả các mã thì đó là hàng thật nên các bạn yên tâm, lúc đầu mình đắn đo lắm luôn. nhưng mà lúc nhận được hàng thật sự rất hài lòng. cái xanh siêu dễ thương, máy chất lượng, không biết nói sao, mình cực thích và m.n nên mua nha. đóng gói kĩ giao hàng nhanh nữa, Máy có giảm, có tem chống giả, nhìn rất uy tín, máy nhẹ tiện,  màu đen đẹp wa tr, ốp trắng dễ decor :>
Mây 580 chất lượng khỏi bàn cãi, đẳng cấp mới so với 570 luôn ý
Có giải pt bậc 4, Máy tính đẹp, em mình rất thích. Nhiều tính năng, lên đại học vẫn dùng được vì có cả thống kê, phân phối, xác suất, Máy tính đẹp, chắc chắn, giao hàng siêu nhanh.
Chất lượng máy thì khỏi phải bàn rồi. Con nhà mình và các bạn trong lớp đều dùng loại này.
Sẽ tiếp tục ủng hộ tiki, -Nếu mọi người muốn mua nhưng không an tâm thì hãy nhìn cmt này:
+Hộp vận chuyển đóng gói kỹ càng, chắc chắn.
+Đằng sau máy tính có mã QR-vào app Bitex download-Quét qr để kiểm tra hàng thật hay giả.
+Hộp đẹp đóng gói kỹ càng, bọc máy tính bằng 1 lớp nilon bóng khí.
+Phiếu bảo hành, thông tin sản phẩm, hdsd đầy đủ.
-Mn cứ an tâm mà mua nhé, hàng thật mình đã mua đã qua kiểm tra, Máy mượt bấm kqua nhanh màu hồng k giống ảnh lắm kiểu hồng mắm tôm 🥲, Máy màu đẹp tui có *** thử nút bấm thấy khá là nhạy máy kích hoạt đc mã bảo hành nên chắc là hàng real rồi còn độ bền thì phải dùng mới bt đc, Máy tính Casio fx-580VN X thuộc dòng máy tính khoa học ClassWiz của hãng máy tính CASIO. Máy được trang bị màn hình LCD có độ phân giải cao. Casio fx-580VN X là bước tiến đột phá, mang công nghệ đến gần hơn với lớp học. Độ phân giải của màn hình của Casio fx-580VN X được tăng gấp 4 lần, hỗ trợ tăng lượng thông tin hiển thị cũng như cải thiện tính tiện dụng của sản phẩm. Đây là chiếc máy tính khoa học có hiệu suất cao, tốc độ tính toán nhanh; phù hợp với nhiều cấp học từ học sinh, sinh viên
-Về sản phẩm : 10/10
-Về dịch vụ :10/10 giao hàng rất nhanh, Giao hàng nhanh trong một nốt nhạc, hàng đẹp, tem mác đầy đủ. Đã kiểm tra và kích hoạt bảo hành đầy đủ. Chất lượng thì phải có thời gian để đánh giá!!!, Giao hàng nhanh. Đóng gói cẩn thận. Dùng thử mấy hôm thấy rất ổn. Có phiếu bảo hành đầy đủ. Hàng mua của Tiki trading nên thấy cũng yên tâm, Giao hàng đúng thời hạn cam kết. Đóng gói cẩn thận. Sản phẩm đúng như mô tả., sản phẩm chính hãng, đẹp, mua được giá săn sale nên rất rẻ, nhà sách tư vấn nhiệt tình❤️❤️
mỗi tội ship rất lâu, hơn 1 tuần mới nhận được, nhà sách nên book ship bên j&t chứ không nên book ninjavan thì ninja ship rất lâu ạ, Hàng chính hãng, mình đã check và kích hoạt đc bảo hành. Giá rẻ hơn những chỗ khác nhưng chất lượng vẫn ok. Nên mua nha mn, Hàng chính hãng, giao nhanh, đóng gói siêu kỹ, máy tính chính hãng, kích hoạt bảo hành đc luôn nha. màu siêu cấp dễ thương, cho 5 sao còn thấy o đủ ;))), Giao hàng nhanh, máy tính đẹp, kích hoạt được bảo hành online, mình Sài được 2 hôm rồi thấy rất ok nhưng khi đóng máy thì phần nắp ko khích lắm🥲, Hàng chuẩn xịn chính hãng, Máy tính xinh, xịn nha, gói hàng cx kĩ :))). Mình thấy dễ dùng hơn so với 880, giá rẻ hơn mà còn đc giảm thêm tiền với màu hồng cx đẹp nữa ấy:))
Rất đáng tiền, nên mua nhaa 🔥😘, Đóng gói cẩn thận, kiểm tra máy và kích hoạt bảo hành điện tử được ngay, ủng hộ shop., Máy đẹp , chưa sử dụng , nên chưa biết , tem bảo hành chính hãng , nên mua nha mọi người, Hàng Casio bền có tiếng rồi. Màu hồng bên ngoài trầm hơn màu trên hình đăng bán, không bị choé loé. Đẹp. Phím bấm rất êm. Chạy mượt. Nhiều chức năng, dùng cho môn toán bậc phổ thông, đại học hay đi làm đều rất OK., Vì sản phẩm trẻ trung và xài rất oki ạ mình đang học 12 nên máy rất cần cho mình ạ, Đẹp, ổn, đúng hãng, phù hợp, giá ổn., sản phẩm chính hãng
đóng gói cẩn thận
đặc biệt là giao hang siêu nhanh
đánh giá 5 sao, phép tính chính xác.tu tín khí làm bài tập, Ok nha, Máy mới, giao nhanh, rất ok hơn mong đợi!!!, Hàng chính hãng bảo hành đầy đủ *** qua thấy ổn. Giao hàng cực nhanh ưng ý lắm luôn.Màu xinh xỉu❤️, Giá rê hơn so với các nhà bán khác, sản phẩm chất lượng, màu hồng siêu xinh, Máy nhẹ, cầm thích tay lắm ạ. Đóng gói cẩn thận, đủ mã cà hdsd. Lần đầu tiên mình mua nên cũng khá e ngại, nhưng Fahasa thì mọi người cứ yêm tâm nhé!, Máy tính màu xanh bên ngoài thì giống với fx570, nhưng mặt trước thì màu rất đẹp
Mua về thì tự minh kích hoạt bảo hành cx dễ
Máy tính  fx580 là 1 máy tính ko thể thiếu cho thi thpt và học đại học nên là mọi người nên mua nhé, Máy hàng chính hãng nặng tay, tem mác đầy đủ. Giá tốt. Lần sau sẽ ủng hộ shop tiếp, Mình không nghĩ đây là hàng real luôn á, nhưng mà hàng real luôn nha m.n, cheat trên Bitex bảo hành được luôn. có người thắc mắc là nút on nó bị thấp hơn cái nút khác thì cái này là đặc trưng mà, không phải lỗi đâu., Tốt và đẹp mắt, Màu hơi khác so với ảnh, mặt sau và ốp hơi đậm nhưng mà k sao =))) Chất lượng dùng rất tốt, không bị trầy xước, đóng gói rất kĩ càng, ngoài ra còn có giấy hướng dẫn bảo hành rất chi tiết. Cảm ơn nhiềuu❤️, chính hãng máy đẹp nhưng máy đóng bị hở :((( nút on bị lún k bt máy ban đầu là như vậy hay như nào ? 
đáng ra cho 4sao :))), Đẹp lắm nha .Còn có bảo hành trên app nữa.Màu nhìn không sáng như trên hình nhưng rất đẹp .Khuyên mọi người nên mua nhaaaaaa, Giao nhanh đủ giấy bảo hành :>> đúng giá nữa, Tem chống giả oki , chắc hang thật nhập khẩu thailand cám ơn tiki trading. Khi mua hàng xịn đảm bảo chi dám mua tiki trading thôi, màu xanh ở ngoài nhìn rất xinh lunnn mua xong ko hề hối hận, tiki lại giao hàng nhanh nữa mình đặt đêm qua xong chiều hôm sau có hàng luônn ncl là rcm mng nên mua, Chất lượng sản phẩm tốt, máy nhẹ, bấm êm, có phiếu bảo hành, giao hàng chậm hơn dự kiến 1 ngày (do dịch bệnh)., Máy dùng tiện, màu đẹp, giao nhanh, giá quá tốt sau khi trừ kmai còn 584, Máy đẹp, hàng chính hãng, giao hàng nhanh, rất chắc chắn 10đ, Máy màu pastel nên nhìn mê lắm luôn 🥰 
Shop đóng gói rất cẩn thận giao hàng đúng hẹn mn nên mua nha nhất là ai thích tông pastel á 🤩, Máy tính đẹp, giao nhanh không móp méo, Đóng gói cẩn thận, giao hàng nhanh hơn dự kiến 1 ngày.
Màn hình rõ nét, nút bấm nhạy, quan trọng là hàng chính hãng, Hàng chính hãng, máy đẹp đầy đủ chức năng, Tiki giao hàng siêu nhanh. 10 điểm., Tốt, Mới nhận được máy.  Giao hàng rất nhanh sáng đặt chiều giao tới máy rất là ưng luôn đẹp cực, Tốt, hàng chính hãng nha mình về có thể quét qr code để nhận bảo hành, giao hàng nhanh và nhờ tiki xu nên giảm đc nh lắm á, Giao hàng nhanh, đóng gói cẩn thận. Chưa dùng nhưng tem mác đầy đủ, hy vọng là ổn, mới  nhận  hàng,đóng gói cần  thận,nhưng chưa dùng nên  chưa  biết  độ  bền  ra sau  thank tiki, Màn hình hiển thị rõ nét, hàng chính hãng nên mua sớm, chất lượng khỏi bàn bêbf, cần chắc tay, Ban đầu nhận hàng bật không lên. Tuy nhiên Tiki đã hỗ trợ đổi trả rất tốt. Máy sau khi đổi trả dùng mượt., Màn hình rõ nét, hiển thị mượt mà, dùng thử xài tốt ạ!, Máy tính xài tốt nha, đẹp và cầm chắc tay. Săn sale được giá khá ổn luôn. Em cảm ơn Tiki, Hàng chính hãng. Giao hàng nhanh.   Giá hợp lý, mÀu xanh đẹp lắm nha, nút bấm mượt hơn loại cũ màu đen. Hàng chính hãng, giá rẻ hơn chỗ khác. Vote 5 sao, sản phẩm xước nhận về tem ở máy bị bung như đã có ai động vào có vết bẩn kh hiểu lí do, Sản phẩm chất lượng giá tốt hơn so với mua ở ngoài tiki giao hàng nhanh, Màn hình rõ, phím nhạy, dễ bấm, sản phẩm tốt, giao hàng đóng goi cẩn thận, giao hàng rất nhanh, Giao hàng siêu nhanh luôn, đóng gói kĩ cẩn thận lắm. Máy tính xài êm màu đẹp, giấy tờ, hộp đầy đủ 🥰🥰, Hàng chính hãng nhe mọi người, có phiếu bảo hành đồ đầy đủ, Máy tính rất đẹp. Mình mua cho con gái học nên chọn màu hồng. Tiki giao hàng nhanh đúng thời gian dự kiến. Luôn tin tưởng gian hàng tiki👍, hàng rất đúng cơ mà nắp đậy hơi vênh. nhưng tải app kích hoạt bảo hành thì vẫn kích hoạt được vâyn chắc vẫn đúng hàng chính hãng, -Về thời gian giao hàng :khá nhanh(khoảng 2 ngày từ kể từ lúc nhận hàng ).
-Về sản phẩm:Gói hàng khá kĩ,có chống sốc,được kiểm tra hàng trước khi nhận.
-Về shipper:Khá vui vẻ,thoải mái., Sản phẩm tốt. Tiki giao cho Best vận chuyển quá lâu, mua cần dùng gấp mà đợi 2 tuần mới nhận được. Nhắn bên vận chuyển thì hẹn tới lui, phản ánh Cskh của Tiki thì giao ngay sau vài giờ:))), máy đẹp, nhẹ, tính nhanh. Nhưng sao nó bị hở với lại KÍCH HOẠT BẢO HÀNH không thành công ạ..., đúng sản phẩm giao siêu nhanh hai ngày là tới , giá thì miễn bàn áp mã giảm giá còn có 540k dùng app hoàn tiền đc hoàn thêm 50k nữa là còn có 490k quá đã , đóng gói xịn cho fahasa 5*, Mua được giá sale nên rất thích. Màu rất xinh nha, máy tính không bị lỗi gì cả. Giao hàng cũng khá nhanh, nói chung là ưng., Đây là hàng chính hãng, rất đầy đủ giấy tờ, giao hàng nhanh đặt tối qua mà trưa nay đã ship r, uy tín nhé
nên mua,lần đầu dùng tiki mua hàng rất ưng, nói chung là tốt mọi người nên mua ạ, Giao hàng siêu nhanh đầy đủ phiếu bảo hành, tuy mở ra thì máy tính ở mặt mở nhưng ko ảnh hưởng gì, Đóng gói cẩn thận, giao nhanh, 2 ngày đến tay rồi. Máy chính hãng, kiểu dáng xinh ghê luôn. Máy nhẹ với giải phương trình nhanh nữa. Học sinh hay sinh viên nên mua nha., máy đẹp, Giao quá nhanh luôn, rất hài lòng với dịch vụ của shop, Chất lượng ok, mình mua bên Fahasa nên chẳng lo hàng pha kè, bấm máy nhanh, phù hợp cho các bạn thi tuyển sinh vào 10 và THPTQG, sẽ ủng hộ Fahasa lâu dài 💓💓, Đã mua lần 3 uy tín., nhận hàng đã lâu, mình thích nhất màu này vì không bám bẩn và chờ đợi 1 thời gian đề mua giá tốt, ok thật sự, Dùng thích lắm nha, Hôm bữa mình mua lúc sale nên giá rẻ hơn rất nhiều, còn 494k à. Mình kích hoạt bảo hành thì đúng là hàng chính hãng. Màu máy rất xinh nhìn sang nữa., Giao hàng nhanh, Sp đóng gói bên ngoài hơi xơ xài nhưng bên trong bọc khá kĩ. Là hàng chính hãng nha. Màu khá đẹp.  Nói chung là nên mua, Giao hàng phải gọi là quá nhanh luôn á . Hàng chats lượng ạ tại mình cũng tin tưởng fahasa á mọi người mua nhé hjji, Giao đúng mẫu,  máy nguyên seal, Máy đẹp, nút bấm êm, màu nhìn xinh cực, Đẹp, chính hãng, kích hoạt BH điện tử, Good, Máy chính hãng, đẹp, đã kích hoạt bảo hành ok. Shop đóng hàng cẩn thận, giao hàng nhanh!, Đúng hàng, đóng gói đẹp chuẩn , cẩn thận!, máy tính xinh xịn, có giấy bao, tem chống giả đầy đủ hết á mn. Màu hồng của máy ở ngoài k tươi và sáng như hình mà pha nhìn hơi tím tím xíu, không tím lắm đâu., Màn hình hiển thị rõ nét, nút nhạy, Sản phẩm tốt giá lại ổn nữa, mình mua 2 cái cho ny mình lun nên mua nha, Con này màu rất đẹp nha cả nhà, Hàng thật, trông rất đẹp, chất liệu tốt, gia công tốt, dễ sử dụng. Giá chưa thực sự tốt, Ngon, kích hoạt bảo hành ok, Đóng gói kĩ, hàng ko lỗi, đẹp, giao nhanh, giao hàng sớm hơn dự kiến,màu máy đẹp lắm .mình cũng kích hoạt được bảo hành máy tính trên app rồi, Sp đẹp, hài lòng với màu máy tính, Hàng chuẩn, màu đẹp, đóng gói rất cẩn thận và giao hàng nhanh., 
Trung lập: Máy đẹp. Chuẩn hàng chính hãng. Xuất xứ Thái Lan. Có điều mới mua 1 tháng đã phải mang đi BH vì không lên nguồn. Và được bên BH báo lại do phần tiếp xúc pin bị oxy hoá nên tiếp xúc kém.  Không hiểu máy mới mà sao lại bị oxy hoá nhanh vậy không biết nữa. Không hài lòng lắm., nắp máy tính bị vênh
chất lượng tốt giải có vẻ nhanh hơn 570vn plus  
màu sắc đẹp dịu mắt
đáng để mua với cả mua ỏ shop này có lẽ là rẻ nhất rồi 
nếu ai có ý định mua máy tính thì nên chọn loại này vì nó bảo hành đến 7 năm (có ngôn ngữ tiếng việt) và cách dùng thì cũng không khác nhiều so với 570vn plus .Thế nên là nếu có thể thì hãy chọn máy 580 nhé và mua càng sớm thì sẽ tốt hơn. Đừng nghĩ rằng lớp 12 rồi mua làm gì nữa hay không có em mà để lại cho. Mình có thể không dùng nhưng đâu phải không thể bán lại cho đứa em họ nào đó., Máy không lên nguồn. Tiki đã cho đổi lại cái khác. Mất thêm thời gian., Đóng gói rất chỉnh chu, rất ưng bụng cho tới khi mở ra
--> Cái nút on/off bị mòn sần lên như ai sài rồi vậy :)))) thêm nắp cũng trầy 1 xí nữa :)) máy mới chưa khui kh bao giờ như vậy
Thất dọng :))), Thân máy ổn, kích hoạt được bảo hành, nhưng nắp máy bị trầy một mảng lớn, Nhận được hàng rất trễ so với dự kiến nhưng sau khi phản hồi qua tổng đài thì ít ngày nhận được hàng nên cũng thông cảm, hình thức ổn, chất lượng thì sử dụng sau thời gian mới đánh giá được., Cạnh trên máy tính xước cứ như là hàng cũ vậy, Tôi đã nhận hàng, khi mua có yêu cầu xuất hóa đơn. Nay hàng nhận lâu rồi mà chưa thấy hóa đơn. Yêu cầu shop vui lòng kiểm tra lại và xuất hóa đơn sớm gửi qua email giúp. Cảm ơn., Mới nhận được hàng, chưa dùng nên chưa biết chất lượng. Nhưng thoạt nhìn hàng oke nha, có tem bảo hành 2 mặt trước sau đầy đủ., em chưa sd nên chưa biết nhưn thấy bàn phím bị mất nét ngay số 4 ạ, nhìn cái tem chán thật sự, hàng real kích hoạt được bảo hành nhưng mà nhìn cái tem bảo hành thật sự là mình k mê nổi, 
Tiêu cực: Sản phẩm đã qua sử dụng! 
Đây là chiếc thứ 4 tôi mua, và sản phẩm này gây thất vọng cả về người bán và về phía Tiki, cụ thể: 
- Tem trên máy trầy xước
- Vỏ hộp cũ mèm (để so sánh tôi đã mua thêm 1 sản phẩm khác để so sánh thì vỏ hộp và sản phẩm mua sau khác hoàn toàn, mới hơn, có video so sánh)

Tôi đang đợi phía TiKi phản hồi v/v tại sao có sản phẩm đã qua sử dụng bán cho khách. Ngày phản hồi 14/4/2023, Sản phẩm vừa khui mà thân và vỏ đều có vết trầy xước, thân máy hở ở cạnh. Sp này đã qua sử dụng rồi, không còn nguyên mới. Mình muốn đổi trả sản phẩm này, Máy tính kênh hẳn như này kbt có ai bị giống em không, nvien tư vấn nói là do thiết kế nó vậy nhưng trước đó máy 580 màu đen trắng của em không bị hở đến mức thế này, Mình nhận được hàng giả nhé mn ơi, tem chống giả làm fake. Tốc độ tính chấm hơn 5s so với máy cùng dòng., Mua hàng mới mà tem bong tróc như thế này thì có phải là hàng cũ ko 😫, Dùng bước đầu cũng ổn, hình thức đẹp, Vấn đề hoá đơn không được giải quyết, Cho mình hỏi máy mới nhận có pin trong máy không ah, hay phải xả ốc ra để gắn pin. Vì mình bật On máy ko lên, "
105663942,"## Tóm tắt Feedback về cuốn ""Hành Trình Về Phương Đông"":

**Phần Tích Cực:**

* **Nội dung:** 
    * Cuốn sách mang nhiều giá trị về tâm linh, giúp độc giả tìm hiểu về bản thân, cuộc sống và thế giới xung quanh.
    * Nội dung sâu sắc, dễ hiểu, phù hợp cho những ai mới bắt đầu tìm hiểu về tâm linh.
    * Được đánh giá là ""hay nhất mọi thời đại"" và rất đáng đọc.
    * Nhiều người đọc cảm thấy cuốn sách giúp họ suy ngẫm và hiểu thêm về cuộc sống.
    * Có nhiều độc giả mua thêm sách để tặng cho giáo viên hoặc bạn bè.
* **Hình thức:**
    * Sách được in ấn đẹp, chất lượng giấy tốt, font chữ dễ đọc.
    * Bìa sách cứng cáp, chữ in nổi đẹp.
    * Có những trang giấy có màu nhìn đẹp mắt.
* **Dịch vụ:**
    * Giao hàng nhanh chóng, đóng gói cẩn thận.
    * Phản hồi tích cực về dịch vụ của Tiki, Fahasa, TikiNow.

**Phần Trung Lập:**

* **Nội dung:**
    * Một số độc giả cho rằng nội dung sách có phần tâm linh, khó kiểm chứng.
    * Giọng văn của tác giả Nguyên Phong được đánh giá là hay và cuốn hút.
* **Hình thức:**
    * Chất lượng giấy tốt, font chữ hợp lý. 
* **Dịch vụ:**
    * Một số trường hợp sách bị lỗi in, giấy mỏng, chữ lem.
    * Một số trường hợp sách bị cấn, rách hoặc bìa cũ.

**Phần Tiêu Cực:**

* **Dịch vụ:**
    * Một số trường hợp Tiki không bọc sách theo yêu cầu, đóng gói ẩu, sách bị lỗi in.
    * Khách hàng bày tỏ sự thất vọng về dịch vụ của Tiki. 

**Tổng kết:**

""Hành Trình Về Phương Đông"" nhận được nhiều phản hồi tích cực về nội dung, hình thức và dịch vụ. Tuy nhiên, cũng có một số trường hợp sách bị lỗi in, dịch vụ giao hàng chưa tốt. 
","Tích cực: Mình đã đọc xong cuốn này và lần này mua thêm để tặng quà 20-11 cho Giáo viên.với mình thế hệ con em chúng ra có tốt đẹp hay tệ hại hơn là do một phần ảnh hưởng rất lớn từ môi trường học tập ,sống của các con và cả do thái độ ứng xử của cha mẹ .những người xung quanh
Trong đó quan trọng hơn hết là.các thầy cô giáo có tầm  ảnhhưởng rất lớn đến nhiều thế hệ.vì thế cha mẹ .các thầy cô giáo .... Phải là những người có đạo đức có trí tuệ thì mới có thể dạy được cho thế hệ trẻ biết sống có đạo đuc trí tuệ.....tất cả những điều đó xuất phát từ tâm linh của mỗi người ( không có sự phân biệt tôn giáo).sách của tác giả nguyên phong rất phù hợp cho những ai bắt đầu đi trên hành trình biết quay về tìm hiểu cái bên trong bản thân mình-hành trình tâm thức- bất kể bạn là tôn giáo nào- không mê tín, TikiNow giao hàng rất nhanh. Sách thì vẫn chuẩn như đa số các lần, mặt cắt giấy tốt, sách in trên trang giấy vàng nhạt, chất lượng giấy tốt nên đọc ít mỏi mắt (nghĩa là có lần vẫn giao sách bị lỗi bìa, các trang giấy bị dính vào nhau), Chưa đọc nên chưa biết nội dung ntn nữa, nhưng mà nghe nói hay nhất mọi thời đại nên chắc đỉnh lắm :))) 
Về hình thức thì trang giấy có vài trang có màu nhìn xinh lắm, giấy hơi vàng chứ ko phải trắng tinh nha nên đọc ko có mỏi mắt !!!
Chụp mn xem vài trang để tham khảo nèee, Sách có lẽ là một trong những phát minh quan trọng và vĩ đại nhất của con người. Mỗi cuốn sách là kết tinh từ tri thức và cuộc sống, đọc sách không chỉ là một sở thích mà còn là con đường ngắn nhất để tiếp cận với nền văn minh của nhân loại., Hành trình tìm về với thế giới tâm linh chân chính. Những điều vượt ngoài sức tưởng tượng của con người, những điều người ta nghĩ rằng không thể làm được, không thể xảy ra...Tất cả đều có thể nếu niềm tin của bạn đủ đầy., Sách in ấn đẹp. Để hiểu rõ và sâu về nội dung của cuốn sách này, bạn có thể tìm hiểu thêm về ""Tứ diệu đế"" trong đạo phật. Những điều chia sẻ trog cuốn sách này đi theo Phật giáo nguyên thuỷ., Dịch vụ của FAHASA rất tốt, giao hàng ngay trong ngày, sớm hơn dự kiến 1 tuần. 
Sản phẩm được đóng gói cẩn thận, chuyên nghiệp, cực kỳ đề cao tính chuyên nghiệp của FAHASA về khoản này.
Nội dung sách thì không cần phải bàn, mình đã đọc khổ nhỏ rồi, thấy rất trân trọng tác phẩm này nên mua thêm khổ lớn về. Chất lượng 5 sao cho cả dịch vụ giao hàng và quyển sách này., Giao hàng nhanh, đặt hàng đêm hôm trước chiều hôm sau đã nhận được hàng. Sách không được bọc nilong nhưng không bị móp méo. Nội dung thì không cần phải bàn. Rất đáng đọc và cung cấp nhiều tri thức tâm linh khoa học nhưng rất dễ hiểu. Vừa đọc vừa ngẫm ra được nhiều điều trong cuộc sống., Sách mua từ Tiki nên khỏi cần đánh giá nhiều về chất lượng, Sách First new thì ko phải bàn rồi, đẹp, mới, Sách in rất đẹp. Nội dung đọc cực kì lôi cuốn mình. Chữ “Hành Trình Về Phương Đông” được in nổi lên, sờ rất thích tay. Bìa sách cứng cáp khong mềm., Giao hàng nhanh, tối hôm trước đến hiểu hôm sau đã có. Sách này mình đã nghe audio trước rồi, rất hay, mua để sưu tầm và thi thoảng đọc lịa để chiêm nghiệm, ngẫm nghĩ những dòng trong tác phẩm, sách này mình đã đọc ebook nên chỉ muốn sưu tầm để đọc lại, gặp ngay lúc giảm giá mình đặt ngay ,sách đẹp nội dung hữu ích cho những ai mới khai sáng con đường tâm linh, Sách rất hay và cực kì bổ ích. Đây thực sự là cuốn sách hiếm hoi mà nội dung cuốn sách là những tri thức được tiết lộ từ các bậc Giác ngộ, vô cùng uyên thâm về sự tương thông giữa sinh mệnh con người với vũ trụ huyền diệu., Một cuốn sách vô cùng cuốn hút và sâu sắc cực kì nên đọc ! Thiết kế sách, chữ giấy in cũng vô cùng đẹp. Cảm ơn tác giả và NXB !, Nội dung hay, Sách rất hay và khơi mở nhiều thứ cho người đọc về sâu trong nhận thức, Sách đẹp quá. Tiki giao nhanh kinh khủng khiếp. Love love love, Mình rất thích những cuốn sách có chất lượng giấy như cuốn Hành trình về Phương Đông này.
Tiki giao siêu nhanh, Sách đẹp giao hàng nhanh chóng. Chỉ có 1 điểm trừ là có 1 nếp gấp ở góc, Chất lượng sách của TIKI trước giờ rất ổn định. Còn về nội dung thì đâu là cuốn sách ai cũng nên đọc ít nhất 1 lần trong đời nhá, Một cuốn sách hay, giao nhanh, sách đẹp, mua hàng ở tiki luôn yên tâm về chất lượng. đầu tư cho tri thức là khoản đầu tư đúng đắn, có lẽ mất cả đời chưa chắc đã ngộ ra những điều trong những cuốn sách trên, và thật hạnh phúc khi đã bén duyên và đọc cuốn sách này, Nói chung là Màu sắc, chất lượng giấy tốt, nội dung cũng hay nữa ae ạ, ❤️, Hay nghiệm ra được nhiều điều hay, Sách hay, đóng gói giao hàng tuyệt vời. Mắc cái bị lỗi đánh máy trang 88 và 101... Có lẽ nào vì vậy nên được giảm giá đậm 😅😅, Sách đẹp lắm, Đóng gói cẩn thận, giao hàng nhanh., Chưa đọc nhưng nhìn in ấn rất đẹp, Đóng gói cẩn thận, ship nhanh lắm, Cảm ơn Tiki về cuốn sách hay mà giá phải chăng, Màu sắc rõ nét, chất lượng ổn, Sách hay tìm hiểu về tâm linh, Nội dung hay, sách in tốt, đáng đọc, Sách in rất đẹp, mua giúp bạn nên nội dung mình không rõ nhma hình thức thì rất đáng mua, Vì cuốn này mà m đã mua cả bộ ^^, Sách đẹp, Sách hay, Hay, Đẹp, đóng gói cẩn thận, giao hàng nhanh, sach mới và đẹp. thực sự rất thích cuốn sách này. sẽ ủng hộ tiki dài dài, Rất hay. Đặc biệt nên đọc kèm cuốn muôn kiếp nhân sinh. Sách giao nhanh, Ok, Nội dung tốt, đóng gói đẹp, giao hàng nhanh. Hài lòng về nhà bán!, Sách tốt, không có vấn đề. Vận chuyển nhanh., Hay. Giao nhanh. Gói hàng hơi kém, Chất lượng sách ổn, bìa nổi khá đẹp. Gáy sách dán keo trông có vẻ dễ bung. Nội dung thì ko bàn cãi rồi, tiki giao hàng nhanh, sách đẹp nội dung rất hay, bác Nguyên Phong phóng tác rất hay., Giao hàng nhanh, sách không bị hỏng khi giao, Nội dung sách rất hay, khai mở nhiều điều về thế giới tâm linh,, Sách rất chất lượng, Chất lượng giấy tốt. Tựa sách in chữ nổi rất đẹp. Cực kỳ hài lòng, Sách hay nhé! Mọi người nên đọc. Rất ý nghĩa. nghe sách từ lâu rồi mà chưa đọc. Nay đọc rồi thấy ý nghĩa ghê, Nội dung hay, Sách hay nên đọc!, Sách đẹp, đóng gói kỹ. 
Dịch vụ Tiki Mình lúc nào cũng an tâm, hài lòng, Giao hàng nhanh chóng, đóng gói cẩn thận., Sách rất đẹp và hay, Chất lượng tốt. Nội dung hay, Okie, Giao hàng nhanh, đóng gói ok, Đọc thấy thấm nhiều điều, Nội dung hay, chất lượng tốt, mua dịp sale nữa, cảm thấy hài lòng, Ngẫm, Sách hay, tìm hiểu về tâm linh, Một cuốn sách thực sự rất nên đọc, Giao hàng nhanh, đóng gói cẩn thận, sách đẹp lắm nha,  nội dung cũng rất cuốn., giao hàng rất nhanh và có bao bọc cẩn thận. Nội dung sách thì rất hay, hàng nhận nguyên vẹn, nội dung hay, ý nghĩa,rất đáng mua,giao hàng nhanh, Giao hàng nhanh, đóng gói cẩn thận, nội dung mình chưa xem, Sách hay, rất ý nghĩa. Không có gì phải bàn, Giao hàng nhanh, bọc hàng rất cẩn thận. Cho 5* ạ!, OK, Sách đẹp. Giao hàng nhanh., Sách mới, giao hàng nhanh, Đọc đi đọc lại và nghiền ngẫm 🌺, Sản phẩm rất đẹp, đóng gói cẩn thận, giao hàng nhanh chóng. Mình rất ưng ý, Tốt, Bọc kỹ, giao nhanh, 
Trung lập: Sách in lỗi mất khoảng 20 trang ( in nhầm nội dung lặp lại của chương phía trước). Yêu cầu ktra lại bản này để khắc phục cho các bạn độc giả tiếp theo, Nhiều nội dung rất tâm linh, nhiều điều mình còn tự hỏi là có thật hay không ( ví dụ như chiếc áo được thiêu bởi một nhân vật vô hình nào đó, etc)
Giọng văn của tác giả Nguyên Phong hay, cách kể chuyện cuốn hút.
Chất lượng giấy tốt, font chữ hợp lý., Đã từng đặt rất nhiều sách từ Tiki nhưng lần này phải chê nhé. Sách in lỗi ở khá nhiều trang. Giấy mỏng và chữ in lem rất nhiều., Đóng gói kĩ, giao hàng nhanh, in ấn đẹp,, Sách bị cấn một lỗ ở trang bìa và ảnh hưởng đến các trang sau, Shop đóng gói nhanh, giao cẩn thận, nhg sách bị rách một phần, và bìa có vẻ hơi cũ, nội dung thì khỏi phải bàn caiz rồi, tiếc 1 chút vì sách hơi cũ th ạ, Nội dung bình thường, đọc hơi nản. Không hay như Nhà Giả Kim, chất lượng sách thì ok nhưng đóng gói sơ sài, Sách đẹp quá mà hơi lỗi tý. Không hiểu sao cuốn này tiki lại không cho bọc bookcare hơi  buồn, Bìa sách hơi lỗi 1 tí ạ nhưng vì là giá sách đã sale nên chấp nhận ạ, sách vừa mở đọc vài trang đã ra bị rơi vài trang sách ra r, k hiieu sao sách đóng bị lỏng lẻo v lun, 
Tiêu cực: K bọc sách bookcare nhưng vẫn trừ vào bookcare mình đã mua, đây không phải là LẦN ĐẦU TIÊN! Cực kỳ thất vọng về dịch vụ xuống dốc không phanh, phiền & tốn tg này của Tiki!!!, Khâu đóng gói rất ẩu và tệ luôn ạ. Sách k quấn màng bọc hay bao bì chống thấm. Chỉ có đóng thùng giấy bên ngoài thôi. Quá tệ. May mà sách không bị ướt mưa nhiều. Chấm 2 sao cho khâu đóng gói, Sách in bị lỗi, đen trang giấy mặc dù giao nhanh. Tki xem thế nào nha!, Sao không bọc Book care vậy Tiki Trading?, "
10581200,"## Tóm tắt Feedback về sách ""Dế Mèn Phiêu Lưu Ký"":

**Phản hồi tích cực:**

* **Hình thức:** Bìa đẹp, minh họa phù hợp cho trẻ tiểu học và đầu trung học cơ sở, giá cả hợp lý.
* **Nội dung:** Tác phẩm kinh điển, câu chuyện hấp dẫn, lôi cuốn, mang nhiều giá trị giáo dục và văn hóa. 
* **Dịch vụ:** Đóng gói cẩn thận, giao hàng nhanh chóng.

**Phản hồi trung lập:** 

* **Hình thức:** Một số người cho rằng hình minh họa không hấp dẫn trẻ nhỏ, sách có khổ nhỏ, chất lượng giấy bình thường. 
* **Nội dung:**  Một số ý kiến cho rằng hành văn khó đọc, từ ngữ địa phương nhiều, có thể gây khó hiểu cho trẻ nhỏ. 
* **Dịch vụ:** Một số khách hàng nhận xét dịch vụ đóng gói không hiệu quả, sử dụng hộp quá lớn so với kích thước sách.

**Phản hồi tiêu cực:** 

* **Dịch vụ:** Đóng gói sơ sài, sách bị rách bìa, nhăn nheo, không được bọc chống sốc.
* **Dịch vụ:** Giao hàng chậm, giao nhầm sách lỗi.

**Tổng kết:**

Phần lớn khách hàng đánh giá tích cực về nội dung, hình thức và dịch vụ của Tiki. Tuy nhiên, cũng có một số ý kiến phản ánh về chất lượng giấy, hình minh họa, đóng gói và giao hàng. 
","Tích cực: Sách có phần bìa đẹp, bên trong có một số tranh minh họa mình thấy phù hợp cho trẻ tiểu học hoặc đầu trung học cơ sở. Giá 50k/quyển rất hợp lý, không quá đắt với nội dung nhận được. Mình mua hai quyển tặng cháu học lớp 2 và lớp 6. Cảm ơn NXB Kim Đồng vì đã ra bản in này., Cuốn sách Dế mèn phiêu lưu ký của nhà văn Tô Hoài là một tác phẩm văn học thiếu nhi kinh điển của Việt Nam. Được viết và xuất bản vào năm 1941, cuốn sách đã trở thành một trong những tác phẩm được yêu thích nhất của thế hệ trẻ Việt Nam. Dế mèn phiêu lưu ký kể về cuộc phiêu lưu của một chú dế mèn tên là Dế Mèn, khi anh ta rời khỏi quê hương để tìm kiếm sự nghiệp và những trải nghiệm mới. Trong cuốn sách, Dế Mèn gặp rất nhiều nhân vật khác và từng trải qua nhiều khó khăn và thử thách để đạt được mục tiêu của mình. Với ngôn ngữ đơn giản, dễ hiểu và hình ảnh sinh động, tác giả Tô Hoài đã tạo ra một câu chuyện thú vị và lôi cuốn. Cuốn sách cũng mang lại cho độc giả nhiều bài học về lòng can đảm, sự kiên trì và tình bạn. Ngoài ra, Dế mèn phiêu lưu ký cũng được đánh giá cao vì nó mang nhiều giá trị văn hóa và giáo dục. Cuốn sách giúp trẻ em hiểu rõ về cuộc sống và tình bạn, cũng như giúp trẻ phát triển khả năng ngôn ngữ và tư duy. Tóm lại, Dế mèn phiêu lưu ký là một cuốn sách tuyệt vời cho trẻ em và cả người lớn. Cuốn sách mang lại nhiều giá trị văn hóa và giáo dục, đồng thời cũng là một câu chuyện thú vị và lôi cuốn. Tôi khuyên bạn nên đọc cuốn sách này và tìm hiểu thêm về cuộc phiêu lưu đầy thú vị của Dế Mèn., Dế mèn phiêu lưu ký là một phần tuổi thơ của mình. Chỉ là một câu chuyện ngắn thôi nhưng đem lại rất nhiều bài học. Sách phù hợp với cả trẻ nhỏ và người lớn. Đủ mọi cảm xúc vui, buồn trong cuốn sách. Mình sẽ chấm 5/5, mình nghĩ đây là cuốn sách mà ai cũng nên đọc vì nó quá hay, ngôn từ của bác Tô Hoài thì quá là đỉnh, Đặt sách ở Tiki thực sự rất yên tâm luôn. Đóng gói cẩn thận, giao hàng sách. Sách đẹp, nội dung của Dế Mèn phiêu lưu ký thì quá kinh điển rồi nên mk không nói về nội dung nữa. Sách thực sự rất đáng mua, giá cũng rẻ nữa🥰, Tiki đóng gói sạch sẽ, giao mất tầm 10 ngày do dịch :( về sách thì nội dung quá quen thuộc rồi, mình mua cho đứa em đọc, sách hình ảnh dễ thương, tuy nhiên chất giấy trắng tinh ko thích lắm, nếu có thể làm ruột giấy vàng chống loá mắt thì ok hơn, Sách giá rẻ, giao hàng tiết kiệm mà cực nhanh. Đặt 0h30’ đêm mà đầu giờ chiều hôm sau có luôn. Có điều mình muốn giấy màu ngả vàng sẽ đỡ loá mắt hơn. 9,5đ, Tiki gói kĩ vận chuyển k bị hư hại gì hết, Về nội dung, không quá chút nào khi nói Tô Hoài là khai mở với nhiều đóng góp to lớn cho nền văn học thiếu nhi Việt Nam. “Dế mèn phiêu lưu ký” được biết đến như tác phẩm tiêu biểu nhất của ông. Với lối hành văn sáng tạo, khéo léo nhưng không mất đi nét hồn nhiên, mộc mạc, trong “Dế mèn phiêu lưu ký” Tô Hoài đã khắc hoạ nên thế giới đồng quê, nơi các loài vật, côn trùng tồn tại, sinh hoạt như thế giới loài người với đầy đủ các tập tục, nếp sống, văn hóa riêng, được miêu tả đầy sinh động, hấp dẫn. Thông qua đó thể hiện cái nhìn nhân văn về con người, lồng ghép các giá trị, bài học giáo dục đầy sâu sắc gửi gắm đến thiếu nhi.

Về hình thức, ấn bản minh họa màu đặc biệt “Dế Mèn phiêu lưu ký” bìa mềm do Nxb Kim Đồng phát hành, có kích thước 13x19 cm, với phần tranh ruột được in hai màu xanh - đen ấn tượng, gợi không khí đồng thoại., Sách rất hợp để cho thiếu nhi đọc và người lớn cũng thế . Nếu có ý định , hãy thử mạnh dạn mua để đọc một lần bạn nhé ! sách rất hay và được giao trong tình trạng mới toanh , giá lại siêu hời ạ 👍, Sách in ro rang. chất lượng giấy tốt. Đáng mua., Sách đưa mình về lại tuổi thơ, ngày còn nhỏ cũng đã đọc Dế mèn phiêu lưu ký của Tô Hoài. Mình mua về cho con đọc, bé rất thích, Giao hàng nhanh. Đóng gói kĩ, giấy in khá tốt. Nội dung sách thì không cần phải bàn rồi Cho 5 sao là xứng đáng., Sách hay mà giá rẻ. Chất lượng giấy tốt. Con mình rất thích, Dế mèn phiêu lưu ký có nội dung quá quen thuộc với chúng ta. Sách được tái bản nhiều lần cho thấy rằng nội dung và tình tiết câu chuyện hay và phù hợp với tư duy cuộc sống. Tiki có giá hợp lý và giao hàng nhanh chóng lắm nhé., Nội dung sách hay, phù hợp lứa tuổi, kênh chữ dễ xem, sách in rõ nét., Tiki giao hàng quá nhanh luôn. Đóng gói tốt. Chất lượng in sách tốt, rõ ràng., Lần này đóng gói không làm cong bìa sách hay gì nên khá hài lòng. Mong tiki có thể khử mùi bookcare trước khi sử dụng nữa thì chất lượng sẽ tốt hơn nhiều ạ., Về hình thức: giấy đẹp, size chữ dễ đọc, trình  bày rõ ràng, tên từng chương được thiết kế nguyên một trang giấy, tiki giao hàng cẩn thận. 
Về nội dung: cuốn sách đã gắn liền với tuổi thơ của nhiều người, truyện lôi cuốn, văn phong nhẹ nhàng nhưng nhiều bài học để giáo dục trẻ., Đọc cho con nghe, mà mình lại được học những bài học mà thuở bé mình bỏ sót. Giờ tất cả nhưng bài học ấy, lại xuất hiện ở đời thường. Xứng đáng là 1 tác phẩm kinh điển của VHVN, Sách hay , phù hợp với mọi lứa tuổi , giúp người trẻ nhận ra những bài học, kĩ năng sống một cách nhẹ nhàng mà sâu lắng, Truyện rất hay,  hồi nhỏ chỉ được đọc trích đoạn trong sách tiếng Việt cấp 1. Giờ có con học cấp 1 rồi mới sực nhớ lại khát khao của thời bé và muốn được đọc hết tron quyển truyện. Nhân tiện cho con đọc luôn. Nhưng giọng văn hơi có vẻ như truyện kiếm hiệp, nhiều từ ngữ hơi khó hiểu cho 1 cậu bé lớp 3, Con mình rất thích, Rất phù hợp cho các em nhỏ để cùng phiêu lưu với dế mèn, khám phá về thiên nhiên và các loài côn trùng, động vật. Rất nhiều bài học giáo dục nhẹ nhàng và ý nghĩa về tính tự lập, những nông nổi, ân hận của tuổi trẻ, tình yêu thương bạn bè, biết học hỏi, khám phá cuộc sống mới, không an phận...Sách được tác giả viết từ những năm 1940 nhưng giá trị giáo dục vẫn phù hợp cho hiện tại ngày nay., Tác phẩm kinh điển của Tô Hoài. Giá trị   cùng năm tháng. Rất bổ ích cho trẻ em, Sách in rất đẹp, hình minh hoạ vẽ và mầu sắc cũng đẹp. Ngày xưa mình đọc toàn tự tưởng tượng. Nói chung là nên mua cho bọn trẻ con đọc, thi thoảng mình đọc ké :), Tiki giao hàng rất nhanh. Về nội dung thì không cần giới thiệu quá nhiều, mọi người đều biết đây là cuốn sách gối đầu tuổi thơ của mỗi người. Nhân dịp sinh nhật mình mua tặng cho em gái đang học lớp 3 của mình. Chất lượng sách từ giấy in hay hình thức đều rất bắt mắt. Sách không mắc lỗi bị ép gãy lúc bọc. Luôn ủng hộ Tiki, Truyện hay. Giấy đẹp, Mình mua cuốn này để đọc dù mình cũng khá lớn tuổi rồi, nhưng mà vẫn cảm thấy khá thư giãn và thoải mái khi đọc cuốn truyện này.
Đây là ấn phẩm kỷ niệm 100 năm ngày sinh của nhà văn Tô Hoài nên cuốn này có màu xanh nhìn rất thích, Sách đẹp như hình 
Còn về nội dung thì cá nhân mình thấy hơi nhiều từ ngữ địa phương và câu được viết quá rút ngọn , mặc dù cách viết này giúp đưa câu chuyện gần gũi nhưng gây nên sự khó hiểu cho người đọc, Bìa mới kỷ niệm nên chất lượng in rất đẹp.  Chữ in to rõ dễ đọc. Còn về nội dung thì ko cần nói thêm vì tựa sách này là kinh điển với trẻ em Việt Nam mình rồi., Giao hàng nhanh, sách được đóng gói đẹp và cẩn thận, dễ thương ý nghĩa cách dùng từ vô cùng độc đáo, những từ ngữ như là lấy ra từ một quyển từ điển riêng mang tên Tô Hoài, dùng độc lạ nhưng mà diễn tả được rất hay ạ, đóng gói cẩn thận, giao hàng nhanh, sach mới và đẹp. thực sự rất thích cuốn sách này. sẽ ủng hộ tiki dài dài, Bìa đẹp, giấy chất lượng, truyện hay chắc mình khỏi phải bàn. Không bị bong tróc gáy. 
Giao hàng thân thiện, khá nhanh và nhiệt tình., Bé trai nhà mình rất thích quyển truyện này, hãy tạo cho bé thói quen đọc truyện thay vì ngồi trước màn hình TV quá nhiều,, Sách hay và bổ ích, cho mình học hỏi đuọc nhiều điều bổ ích, Giao hàng thân thiện. Sẽ ủng hộ tiki trong thời gian sắp tới!, Cuốn sách theo mình những năm tháng tuổi thơ. Do thất lạc nên giờ muốn mua cho các con đọc. Rất hay và bổ ích, giúp các con hiểu sâu và rộng hơn về thế giới xung quanh., Một cuốn sách tuyệt vời về cả hình thức và nội dung.Mình đã mua với giá 32k. Cháu Minh rất thích. Cảm ơn Tiki., Giấy trắng đẹp, chữ in nét, có trang mầu, có tem NSB KĐ.
Cỡ chữ to, đễ đọc, cầm vừa tay, rất phù hợp cho trẻ em đọc.
Rất đáng tiền để bổ sung vào tủ sách gia đình., Sách đẹp, giao nhanh, giấy và chữ in rõ, Bìa sách bóng, trình bày rất đẹp. Nội dung thì khỏi phải bàn, đây là cuốn sách gối đầu giường của mọi lứa tuổi rồi., Sách rất đẹp, sách đẹp, có tranh hình sinh động. 
thật sự thấy cuốn sách rất hay, ngay cả trong thời điểm hiện tại vẫn mang tính thời sự và chân thực. Cách hành văn rất ổn và mình rất thích những đoạn mô tả cảnh sắc thiên nhiên, mỗi lần đọc lại là mình vẫn thấy thích thú như lần đầu đọc tác phẩm này., Ok, sách trình bày đẹp,bé nhà mình rất thích, nội dung hay thì khỏi phải nói rồi. ship hàng thì nhanh mới đặt sáng hôm qua nay đã có, sách thì đẹp xúc động lòng ngưòi hmu hmu., hshsh, Đây là một trong số những cuốn sách mà mình rất thích. Nội dung phù hợp với các bạn nhỏ và hình thức thì khá bắt mắt. tiki giao hàng rất nhanh, đóng gói cẩn thận., In đẹp, truyện hay, có ý nghĩa giáo dục cao., sách hay. in màu đẹp. giá quá oki làm quà thưởng các con hay mang đi tặng thì hợp lí lắm. k mua tiếc nha, Sách cực kì phù hợp để tập cho trẻ đọc sách có nhiều chữ. Sách có cả hình minh họa sau mỗi chương nhỏ, từ ngữ bác Hoài dùng rất gần gũi nên kích thích trẻ đọc nhiều hơn! Sản phẩm đáng mua!, Sách đẹp, giao hành nhanh, cho các bé đọc khá ok!, Về tác phẩm thì khỏi phải bàn rồi vì là một trong những tác phẩn cực kì nổi tiếng của Tô Hoài mà.Còn về dịch vụ của tiki thì khá là tốt, giao hàng nhanh và sách cũng mới và hông bị gì hết chơn., quyển này nổi tiếng của bác Tô Hoài rồi. Đọc lại sau bao nhiêu năm vẫn thấy hay mọi người ạ. Nên mua cho con cháu trong nhà đọc nha, Sách đẹp, giao hàng nhanh, nên mua., Rất có ích, Học đưỡ rất nhiều điều hay, sách tiki thì khỏi bàn. quá đẹp. nên mua, Sách đẹp, Sách chữ nhưng có kèm theo vài tranh minh hoạ đẹp đẽ, giấy ổn. Gía mình mua là 37k. Quá được., Tiki giao hàng siêu nhanh luôn ý ❤️❤️
Truyện khá hay, cơ mà hơi nhiều chữ kiểu địa phương ý, nên là có hơi hông quen ??
Cơ mà nội dung siêu hay luôn ??, mik may mắn đc tiki tặng phiếu xem phim trên galaxy play miễn phí :))) cói đã luôn :>> sách rất hay shop gói kĩ mua từ shoppe qua tiki luôn nè shop biết em ko :>, Cảm ơn tác giả, cảm ơn nhà xuất bản!, hàng giao nhanh hơn dự định rất nhiều. Sản phẩm rất tuyệt. Shop đóng gói rất cẩn thận không bị móp.Giá cả lại rất chi là hợp lí luôn.Yêu shop. mình sẽ ủng hộ shop nhiều nữa nha, Giao hàng nhanh gọn lẹ sách đẹp đóng gói cha của cẩn thận, sách đẹp, đóg gói đẹp, giao hàng nhanh, Sách đẹp, giao hàng Nhanh, Truyện yêu thích của mình, sách in cũng rất đẹp, sản phẩm đúng hình, in ấn cẩn thận, chất lượng tốt, Tiki giao hàng nhanh lắm lun á. Về phần Dế mèn phiêu lưu kí thì cũng ko phải nói gì nhiều nữa, Bé nhà mình rất thích. Chất liệu giấy đẹp, in sắc nét, sách đẹp, nội dung hay trẻ rất thích, Sách đẹp, Nội dung thì mình đã từng đọc qua trước đây nên k có gì mới,tiếc là sách ít minh họa và minh họa cũng k sinh động lắm nên k hấp dẫn các bé lắm, mình mua tặng nên chưa bóc nhưng thấy đóng gói cẩn thận cho 5*, Sách nhỏ nhắn, giấy in tốt, bên trong có một số hình minh họa, về nội dung chưa đánh giá vì chưa đọc, giao hàng nhanh, sản phẩm tốt., Hình thức sách đẹp y hình nhé. Tuy k có bookcare nhưng sách k bị móp hay gì. Giao hàng nhanh. Nói chung là ok, Sản phẩm giao hàng nhanh, chất lượng bìa, giấy tốt, Giao hàng nhanh, Con trai Tôi rất thích, truyện hay, đẹp, nội dung phù hợp với thiếu nhi, Hay, Cuốn này quá kinh điển rồi , cụ Tô Hoài miêu tả quá tinh tế. Cuốn này cực hợp với những bạn nhỏ yêu thiên nhiên, Sách đọc cực kỳ hay,có đầy đủ 10 chương.Rất okkkkk???????????❤️, Ok, Tiki giao hàng siêu nhanh, vừa đặt hôm trước hôm sau đã có. Sách mới, đẹp, Rất hay mua ngay không mua hối hận cả đời, Rất tuyệt, nên cho các bé đọc, sách đẹp❤❤❤❤❤
giao hàng nhanh . 
mn nên thử., Sách hay, đẹp, rất hay và ý nghĩa ......, Bạn bé nhà mình rất thích. Cả bố mẹ cũng thích nữa. Đọc chung nhau. Hồi ức của tuổi thơ lại trở về... chắc chắn sẽ mua thật nhiều sách của TiKi., truyện kinh điển mà, Bọc cẩn thận, vận chuyển nhanh. Tối qua đặt, nay có luôn, Fahasa lúc nào cũng đóng gói cẩn thận. Có màng bọc xốp bên ngoài. Shipper dễ thương., Phiên bản rất đặc sắc. Sách mới cứng., 
Trung lập: Giao hàng rất chậm đạt hàng từ ngày 7/6 mà ngày 16/6 mới nhận được hàng., Lúc đầu tưởng truyện tranh nên đặt mua cho con trai 4 tuổi đọc, ai dè là truyện chữ thì tủ sách ở nhà đã có. Hình minh họa cũng không hấp dẫn trẻ con. Mua quyển sách này hơi phí không cần thiết., Sách in ổn, hình minh họa hơi Creepy với trẻ nhỏ, thà vẽ đen trắng còn tốt hơn hình vẽ xanh đen., Người lớn đọc thì được, trẻ em thì nên tìm quyển có nhiều hình minh hoạ, vì phiên bản này chủ yếu là chữ, Sách giao đúng với mô tả. Nói chung là khổ sách sẽ hơi nhỏ nên phù hợp với những bạn nhỏ đọc hơn. Chất lượng giấy bình thường không đẹp lắm. Nhưng bên trong trình bày xinh xắn và hình minh hoạ đẹp., Tiki giao hàng nhanh và cẩn thận. Sách in rõ đẹp, có hình minh họa. Mình đọc truyện từ hồi còn nhỏ xíu, học trong nhà trường chu cũng chưa mua về đọc cả quyển. Giờ mua về để đọc cho bé nghe. Tuy nhiên mình có cảm giác một số chỗ hành văn hơi khó đọc, ko thật xuôi câu, chưa chắc các bé lớn hơn đọc có thể dễ dàng hiểu ngay được duf biết rằng là đây là một tác phẩm kinh điển, tiêu biểu của văn học VN ta., sản phẩm khá tốt giao nhanh hơn hạn 2 ngày, Khâu đóng gói quá tệ, giao hàng nhanh hơn dự kiến, Đóng gói sản phẩm rất là khó hiểu, thay vì chồng 2 quyển sách lên nhau thì sẽ dùng cái hộp theo kích thước của quyển sách to, còn ở đây mấy nhân viên lại xếp hai quyển sách nằm cạnh nhau kết quả dùng cái hộp rất là to gấp 2 lần quyển sách luôn, thật khó hiểu, mình mua nhìu lần rồi đều bị như thế, không biết tiết kiệm bao bì hả, lãng phí quá,, tốt hay ý nghĩa đẹp cho các Em nhỏ, 
Tiêu cực: Đây là đánh giá về trải nghiệm mua sắm. Sách được giao cho khách mà không có bọc chống sốc hay nilong bao quanh, mua 4 quyển tất cả được để trơ trọi trong hộp cácton, hộp đến tay khách thì bị rách góc hở sách.
rất may quyển nhỏ này không sao., tạm ổn. chất lượng giao hàng hơi tệ 1 chút. đóng gói hàng qua loa lắm nhé. tiki 2 năm gần đây ko chăm chút lắm mấy cái này nhỉ? đồng ý các bạn là trang bán hàng trực tuyến lớn nhất nhì việt nam bây giờ nên có nhiều đơn hàg cần giải quyết và ko thể chăm chút cho từng đơn được nhưng với những mặt hàng như sách vở nó cũng giống bát đĩa vậy, đồ dễ vỡ dễ hỏng khó phục hồi được thì nên lưu tâm hơn nhất là khi sách nó là mặt hàng rất quan trọng và quí giá mà., Gói hàng rất sơ sài làm cho cuốn sách bị rách bìa và nhăn, nhìn rất là xót, Đóng gói cẩn thận. Giao nhanh. Nhưng không hiểu sao Tiki có thể lấy 1 cuốn sách bị hỏng ngay trang bìa đem đi giao cho khách hàng. Nếu hàng bị lỗi ở bên trong sách thì có thể mình xui, nhưng này là bên ngoài, ngay trước mắt. Rõ ràng là cố tình nhắm mắt cho qua, giúp tiêu thụ hàng lỗi không bán được ngoài hiệu sách., "
106225662,"## Tóm tắt feedback:

**Tích cực:**

* Sách mới tinh, giấy đẹp và dày dặn.
* Màu sắc in rõ ràng, sắc nét.
* Giao hàng nhanh chóng, đóng gói đẹp.
* Chất lượng sản phẩm tốt, phù hợp cho việc học ngoại ngữ của bé.
* Nội dung hay, sách đẹp.
* Sách nhìn màu rõ nét, in rõ nét, màu sắc thu hút.

**Trung lập:**

* Giao đúng sách.

**Tiêu cực:**

* Không có feedback tiêu cực. 
","Tích cực: Sánh mới tinh trong bọc. Giấy đẹp và dày dặn. Màu sắc in rõ ràng, sắc nét. Đặc biệt điểm cộng cho shipper của Tiki: giao hàng nhanh như một cơn gió. Đặt lúc 11g trưa thì 12g15 giao., Đóng gói đẹp, sách mới, giao cực kì nhanh, Giao hàng nhanh, chất lượng sản phảm tốt, phù hợp với việc học ngoại ngữ của bé, Nội dung hay, sách đẹp, Sách nhìn màu rõ nét, sách in rõ nét, màu sắc thu hút, Chất lượng, ok, 
Trung lập: Giao đúng sách, 
Tiêu cực: "
106225670,"## Tóm tắt feedback:

**Tích cực:**

* Nội dung sách hay, sách đẹp, màu sắc tươi sáng và hài hòa.
* Nhà bán đóng gói cẩn thận, giao hàng nhanh chóng.
* Sách mới, giấy tốt, in đẹp.
* Nhiều bài tập thú vị và đa dạng.

**Trung lập:** Không có phản hồi nào thuộc loại này.

**Tiêu cực:** Không có phản hồi nào thuộc loại này. 

**Tổng kết:** Khách hàng rất hài lòng với sản phẩm và dịch vụ, đánh giá cao nội dung, chất lượng sách, tốc độ giao hàng và cách đóng gói. 
","Tích cực: Tuyệt vời, Nội dung hay, sách đẹp, Sách đẹp lắm, màu tươi và hài hoà. Khi giao, nhà bán còn bọc kỹ lưỡng như trong hình mình chụp. Cho 10 điểm., Giao nhanh, đóng gói đẹp, sách mới. Rất hài lòng, Tốt, Giấy tốt, in đẹp. Mình hài lòng, nhiều bài tập thú vị, đa dạng, Tốt, ok, ok, 
Trung lập: 
Tiêu cực: "
107802183,"## Tóm tắt Feedback về sách ""Sức mạnh tiềm thức"":

**Phản hồi tích cực:**

* **Nội dung:** 
    * Sách giúp người đọc hiểu rõ nguyên nhân và cách khắc phục stress, lo lắng.
    * Kiến thức tâm lý hữu ích, đáng để đọc.
    * Nội dung cuốn hút, hấp dẫn.
    * Giúp thay đổi góc nhìn và giải quyết khó khăn trong cuộc sống.
    * Nhắc nhở về sức mạnh của suy nghĩ, hành động và lời nói.
    * Mở ra tư duy mới, giúp ứng dụng tiềm thức để đạt được mục tiêu.
    * Cung cấp kiến thức về tiềm thức và cách khai thác nó.
    *  Là cuốn sách cơ bản về self-help mà mọi người nên đọc.
* **Chất lượng:**
    * Sách mới, chất lượng tốt, giấy in đẹp, chữ rõ nét.
    * Bìa sách đẹp, chắc chắn.
    * Đóng gói cẩn thận, an toàn.
* **Dịch vụ:**
    * Tiki giao hàng nhanh chóng, hỗ trợ tốt.
    * Fahasa đóng gói kỹ, có tâm, thái độ nhân viên tốt.
    * First News đóng gói kỹ và đẹp.

**Phản hồi trung lập:**

* Đóng gói sách đơn giản, không bắt mắt.
* Nội dung sách có phần nhàm chán.
* Giấy bìa trong bị rách, gãy nếp.
* Nội dung sách tập trung vào lý thuyết, có phần khô khan.
* Sách không có tem truy xuất nguồn gốc.
* Sách bị bong, rách trang.

**Phản hồi tiêu cực:**

* Đóng gói sơ sài, bìa hộp cũ nát, băng dính bung, sách không được bọc kỹ.
* Sách bị móp, xước do đóng gói và vận chuyển không cẩn thận.
* Sách bị lỗi nhảy trang.
* Tiki chia nhỏ đơn hàng, gây bất tiện cho khách.
* Shop giao trùng hàng.

**Tổng kết:**

Hầu hết người đọc đánh giá tích cực về nội dung và chất lượng của sách ""Sức mạnh tiềm thức"".  Nhiều người cho rằng cuốn sách giúp ích cho họ trong việc hiểu bản thân, quản lý stress, và đạt được mục tiêu. Về dịch vụ, Tiki và Fahasa được đánh giá cao về tốc độ giao hàng và sự chuyên nghiệp. Tuy nhiên, một số người nhận xét tiêu cực về cách đóng gói của Tiki và First News. 
","Tích cực: / Mình cũng là 1 ng hay lo lắng và dễ bị stress mỗi khi gặp những áp lực lớn. Sau khi đọc ""Sức mạnh của tiềm thức"", mình hiểu đc những nguyên nhân tới đâu và cách khắc phục. 1 cuốn sách tâm lý với những kiến thức hay đáng để đọc. Sản phẩm mới hoàn toàn và tiki giao hàng nhanh., Chất lượng tốt, sách hay vô cùng, mọi người nên mua nhé. Cảm ơn và sẽ ủng hộ dài dài, Giao hàng hoả tốc nhận trong 2 tiếng kể từ lúc đặt. Đóng gói ổn áp, sách còn nguyên bìa bọc. Nội dung thì khỏi phải bàn., Sách được đóng gói cẩn thận
Bìa sách dù mình đặt mua bùa mềm nhưng cũng đẹp, chắc chắn. Nội dung sách hấp dẫn., Em mời mn tham gia môi trường đọc sách ạ.
Ứng Dụng Luật Hấp Dẫn và Sức Mạnh Tiềm Thức thu Hút Điều Mình Muốn 

🔰 Môi trường rèn luyện Trí Tuệ
🔰 Học Từ những Trang sách và Học Từ những người bạn.
🔰 Tăng khả Năng PHÂN TÍCH và HIỂU NHIỀU góc nhìn.
🔰 Luyện ĐỌC NHANH- HIỂU SÂU - NHỚ LÂU- ỨNG DỤNG RA TIỀN.

 ( HOÀN TOÀN MIỄN PHÍ )

Mọi người Tham gia Môi Trường đọc sách 19h00
    Tối nay Để có thói quen của người Thành Công nhé ! 🎁🎁
https://zalo.me/g/cwkkty977, Cảm ơn shop và tiki rất nhiều ạ! Giao hàng rất nhanh. Chất lượng sách rất tốt ạ, giấy in chữ rõ nét, đẹp y hình^^… rất hài lòng hihi 🫶 thank you for!, Mua tại Tiki thì giá khỏi phải bàn rồi, siêu tốt :D. Dịch vụ tiếp nhận-đóng & giao hàng rất nhanh/tốt luôn, ngoại trừ ở khâu đóng hàng thì Tiki nên đầu tư thêm lớp mút lót bao sách lại cho những người mua như mình an tâm hơn, may là sách không bị hư hại gì trong quá trình vận chuyển. 

Về nội dung sách thì mình chưa đọc tới nên chưa đánh giá được., Giáo hàng nhanh, đóng gói đảm bảo. Và nội dung xuất sắc. Biết ơn tác giả, nhà xuất bản và Tiki 🥰 Nếu có 1 phán xét nào đó về nội dung thì hãy nhớ rằng mỗi người có 1 góc nhìn khác nhau, tùy thuộc vào mindset của bạn. Vậy nên dở với 1 người, thì cũng bổ ích với ngàn người. Trong đó có tôi. ❤️Tôi đã nhận được nhiều bài học và giá trị từ cuốn sách., Cuốn sách nhắc nhở bản thân rằng- mọi thứ chúng ta nghĩ, hành động, nói ra đều quyết định  cuộc sống của chúng ta như nào., cảm ơn sách sức mạnh tiềm thức đã đến đúng thời điểm chỉ ra cho mình những điểm còn thắc mắc, làm thế nào để ước nguyện thành hiện thực hãy đọc sách sức mạnh tiềm thứ cuộc sống của bạn sẽ thay đổi tiến đến một đời sống bình an giàu có hạnh phúc thành công và haig hoà với tất cả mọi người. cảm ơn vũ trụ cảm ơn shop cảm ơn tiki đã giao hàng, Giao hàng nhanh, đóng gói chắc chắn. Mình đã đọc xong quyển sách và theo mình đây là một trong những quyển sách có thể làm thay đổi góc nhìn nhận của chúng ta về những vấn đề xảy ra xung quanh, cũng như làm cho chúng ta tự tin hơn trong việc giải quyết những khó khăn trong cuộc sống hằng ngày!, mình nhân được hàng rồi ,giao siêu nhanh nha mới đặt 1 ngày trước mà nay giao rồi . M
ình đặt có 1 cuốn 2 loại ""sức mạnh niềm tin "" vs ""sức mạnh tiềm thức"" mà shop giao nhầm thêm 1 quyển"" sức mạnh tiềm thức "" mình đã nói shiper gửi về lại cho shop rồi . Hàng chất lượng , shiper thân thiện, sách dành cho bạn nào đã và đang làm trong khoa tâm lý, ng nào hay đưa lời khuyên chữa lành hoặc phương pháp cho ng khác thì nên đọc để gom ít kỹ năng. 
còn lại thì k cần thiết để đọc hihi, sách mới, chuẩn, bọc nilon cẩn thận
nếu muốn nâng cao kỹ năng mềm cho bản thân thì mình rcm mn mua 3 quyển này ạ. đọc hết mình sẽ đặt thêm.
mình mới tập thói quen đọc sách nên bắt đầu với những đầu sách best seller như này, cực khuyến khích mn nếu cũng nhue mình tập tành đọc sách thì nên bắt đầu với những cuốn như này nhé, rất dễ đọc và nghiền ngẫm., Giao hàng nhanh
Tiki luôn tuyệt vời, gói đẹp
chất lượng sách Tuyệt vời ông mặt trời
Về nội dung sách: toàn những tác phẩm bán chạy toàn cầu thì chất lượng không phải bàn.
Về giá cả: rẻ không tưởng

Xin cảm ơn TIKI ❤️❤️❤️, Sách đẹp, nội dung mới lạ với mình nhưng chiêm nghiệm từ cuộc sống của bản thân thì thấy khá đúng. Mình sẽ ứng dụng vào cuộc sống để thử thay đổi cuộc đời mình xem sao., Sách đẹp, nên đọc. Nhưng lần này Tiki đóng hàng trong hộp không chắc chắn như thế này thì hơi buồn. Mong những lần sau Tiki đóng hàng đẹp như những lần trước nhé, Hay lăm nha, Sách hay nên mua nha mn, ở đây mình thấy sách rẻ hơn chỗ nhà sách khác. Sách giải thích cho chúng ta hiểu thế nào là tiềm thức và tiềm thức ảnh hưởng đến cuộc sống chúng ta ntn
Biết cách vận dụng “Sức mạnh tiềm thức” có thể mang đến cuộc sống bình yên và tràn đầy hạnh phúc. Trái lại, cứ than vãn, trách móc cuộc sống, nó sẽ xảy ra theo những gì mà bạn nghĩ. Vì thế hãy học cách xây dựng những ý nghĩ tốt đẹp, bạn sẽ gặt đc quả ngọt trong tương lai, Rất hay tư duy của tôi được mở ra, Mình định mua quyển sức mạnh ngôn từ,nhưng mua nhầm quyển này,shop hỗ trợ mình đổi được không,vì cuốn sức mạnh tiềm thức này mình cũng mới vừa đọc xong.(***), fahasha làm việc đúng là rất tuyệt vời nhiệt tình lắm.  làm việc nhanh chóng, thái độ của nhân viên khi chat với khách có thái độ ân cần tạo . mua đồ qtrong là cách cư xử của nhân viên với khách. nói chung cực kỳ hài lòng với fahasha. còn về sách thì đóng gói Rất kĩ miếng mút quấn quanh sách chóng chày sướt vào sách mặc dù đã có bọc bao quanh.  rất chu đáo có tâm.  bìa đẹp nội dung hữu ích hàng chuẩn 100% nên mng yên tâm đặt hết niềm tin vào fahasha rất là an toàn.  những sp khác thì kh biết nhưng với loại sách tư duy như vậy em hqy mua nên em biết đối với loại sách tư duy này thì fahasha có rất nhiều ưu đãi hấp dẫn luôn mà thường xuyên chứ không phải lâu lâu một lần. em đánh giá rất cao cách làm việc của nhà sách., Hay!
Như có một dòng năng lượng khổng lồ chạy trong người theo từng con chữ trong sách, Cuốn sách self-help cơ bản mà mỗi người nên có.
Đọc để mở rộng tư duy và hiểu thêm cơ chế hoạt động của tiềm thức., một khái niệm mới mẻ mà ít người bt tới
đây còn là căn nguyên của mọi cuốn sách
đọc cuốn sách này bạn sẽ phát hiện, dù đọc quyển sách nào về làm giàu, về phát triển bản thân đều sẽ có bóng dáng của quyển sách này, Sách mới. Giao hàng nhanh chóng. Mình được một bạn rất hay ho review cuốn này, hy vọng đọc xong mình thay đổi mindset để có thể thay đổi bản thân tốt hơn., Sách bọc cẩn thận, giao nhanh. Cám ơn Tiki, Chủ đề xuyên suốt của cuốn sách vẫn cứ là thay đổi tư duy, bạn chính là những gì bạn nghĩ. 1 cuốn sách nhẹ nhàng, Cảm ơn shop đã giao hàng nhanh và đóng gói cẩn thận cho mình, sách cực kỳ hay và có ích cho việc kinh doanh, phát triển bản thân, nhưng phải nói là nếu kết hợp với luật nhân quả thì cuốn này the best, Sách còn seal luôn á. Đóng hàng kĩ lắm, nhìn sách mà mê luôn. Mn nên mua nha. Mới đặt hôm trước, hôm sau là đã nhận được rồi, Sách in đẹp. Nội dung phong phú. Rất bổ ích, Sách bìa rất đẹp, nội dung thì chưa đọc nhưng chắc sẽ hay, đây là 1 trong những cuốn sách rất nổi tiếng về lĩnh vực tâm lý., sách bìa mềm in màu, bên trong sách toàn bộ đen trắng nhìn không được sinh động. 
nội dung rất đáng trải nghiệm, Chưa đọc nên chưa review nhé
Nằm trong 1 bộ combo sức mạnh ...
Nên chuẩn bị tinh thần vì nội dung hơi khác so với lối tư duy thường thấy., Sách đóng gói cẩn thận.có niloong bọc nên ko lo bị cong sách hay ướt.giao hàng nhanh.rất cẢm ơn nhà sách.minh sẽ ủng hộ nhà sách lâu dài❤️, Sách rất hay, đáng mua nha mọi người., Là loại sách hay-tuyệt vời👍👍👍😀😀😀😀😀, rất thích hợp vs bn nào vẫn còn mơ hồ chưa biết rõ bản thân mk cần làm gì để có một cuộc sống ý nghĩa . combo rất hay cho mn., Nội dung sách hay, đọc chậm sẽ hiểu sâu hơn
Có thể áp dụng vào chính bản thân mình
Hiệu quả không còn bị ám thị tiêu cực nữa, sách giao nhanh, mình đặt hôm qua hôm nay có rồi , về mặt đóng gói thì Fahasa rất kĩ  càng, sách được bọc lại , mình rất ưng cái bụng ạ.
Nội dung thì k bàn cãi, tuỵt vờiii. 
Chấm 10/10., Sản phẩm tốt, sử dụng khá hiệu quả, Trễ hạn hơn 11ngày cơ mà bị dịch nên k trách ad được giao hàng đầy đủ  tư vấn nhiệt tình lần sau e sẽ rủ thêm bạn bè vào mua💛💛, Sách rất bổ ích, Shop giao hàng nhanh, sách mới và in rõ nét 👍, Sách đóng gói cẩn thận. Nội dung hấp dẫn. Những bạn bắt đầu đi tiềm hiểu về bản thân, hướng vào bên trong con người mình có thể đọc cuốn này, Sách thật, giao nhanh. Nội dung vô cùng giá trị. Nên mua nha mọi người, Mình đặt sách lúc 7h30 sáng, đầu giờ chiều đã nhận được sách. Giao hàng nhanh, chất lượng sách tốt. Sau khi đọc sách xong, mình sẽ feedback tiếp., Chủ đề của sách mua là nội dung cần đọc, tìm hiểu
Gizo nhanh, đóng gói cẩn thận., Sách được gói ghém cẩn thận và được bọc thêm lớp nilong bên ngoài nên nhìn rất mới. Giao hàng cũng khá nhanh., Sách đóng gói kỹ, được bọc bằng 3 lớp luôn, giao hàng nhanh (trong vòng 1 ngày à), shipper có tâm, giấy cũng dày, không bị nhăn hay hư hại gì cả. Mình rất cảm ơn shop ạ., HAY LẮM, Fahasha giao sách còn nguyên seal luôn. Ship hàng cũng siêu lẹ. Tuyệt vời., Mua hộ nên chỉ biết giao hàng nhanh và sách còn nguyên vẹn, Sách đáng đọc, giúp bản thân mở ra những thế giới quan mới mẻ., Rất đáng mua, Biết đến sách từ rất lâu, nhưng giờ mới đọc và cảm nhận. Tác giả am hiểu về tâm thức con người, Sách hay., Sách rất tuyệt vời luôn shop ạ
Cảm ơn shop rất nhiều
Cùng nhau đọc sách mỗi ngày tạo môi trường thói quen đọc sách, tăng tư duy tăng chỉ số IQ về tài chính nhé cả nhà. Kết nối với e ***, Giao hàng nhanh.
First News đóng gói rất kỹ và đẹp, Giao hàng nhanh. Đóng gói cẩn thận., tuyệt, giao đúng hàng, Đã nhận được sách được bao bọc cẩn thận. Mỗi cái là hộp bị ép nhiều quá. Vì là sách nên không ảnh hưởng gì nhiều, Sách khá hay, khá nhiều bài học bổ ích được đưa vào trong sách về vận dụng tiềm thức để đạt được cuộc sống mà mình mong muốn., Đóng gói đẹp,nhưng do dịch bệnh vận chuyển hơi lâu thông cảm ,những là 1 shop uy tín, Giao rất nhanh, mình ở HCM đặt lúc 1g sáng  tầm trưa hôm đó đã đc giao rùi ấy. Sách đóng gói kỹ, có bao bì ngoài lun nha. 10 đỉm cho FAHASA 💖, Cuốn đáng học và đọc nhất là đây. Tại sao bạn chưa giàu? Làm sao giàu rồi mà giàu mấy đời? Câu trả lời trong sách mà ra., Sách hay. Mn nên mua về đọc để dung nạp kiến thức bổ ích, Cảm ơn Tiki đã giao hàng ạ.
Sách chất lượng, đóng gói cẩn thận, in ấn đẹp., Sách đẹp, còn màng co. Giao hàng nhanh và shipper thân thiện. Sẽ ủng hộ thường xuyên., Cảm ơn Shop., Sức mạnh tiềm thức giúp bạn hút được tất cả các nguồn lực trong vũ trụ để đạt được mục tiêu tài chính, mối quan hệ…
giao lưu Zalo ***, sách real 100%, nguyên seal luôn, giao hàng nhanh, nội dung thì chưa đọc, cảm ơn nxb. monhf đọc 2 lần rồi, Rất hài lòng, Rất đáng để đọc, Sách rất hay. Tất cả mọi người đều nên đọc., Sách in đẹp; tác giả cho chúng ta có nhiều góc nhìn về tâm thức. Cám ơn các bạn., Đọc để kiểm soát được những suy nghĩ bên trong giúp ta có những hành động tốt đẹp. sách thơm đẹp. tiki giao chuẩn luôn, Hấp dẫn, bổ ích, dễ ứng dụng, Nghe chị bạn gthieu sách này hay lắm ạ, c ấy ban đầu mua về đọc chưa hiểu lắm đâu, nh sau 1 tgian học số học c ấy đọc lại thấy rất thấm, Mình đặt dùm nên cũng không biết rõ như thế nào nhưng bạn mình bảo sách rất là ok, Chất lượng rất tốt, giao hàng rất nhanh, Sách hay lắm ạ, Vừa nhận hàng... Sách bọc nilon cẩn thận, đẹp đẽ chưa nỡ bóc nữa, nói chung là ưnggggg, Hay, nội dung phù hợp nhu cầu, đóng gói cẩn thận, sách về không bị df, mùi giấy thơm, lần sau sẽ ủng hộ (được tặng cả bookmark), Sách rất hay và nội dung dễ hiểu, Sách rất hay, có sự khen đóng gói lần này của tiki, chất sách tuyệt vời, Sách đc gói cẩn thận, Tiki gói hàng rất đẹp, giao hàng rất nhanh. Sách mới, đẹp, thơm tho. Về nội dung thì mình chưa đọc xong nên chưa đánh giá được., Mình nghe sách nói 2 lần mua về vẫn đọc đi đọc lại 2 lần vẫn thấy hay. Những điều mà mình chắc mãi mãi sẽ không biết nếu không đọc cuốn sách này., sách được đóng gói cẩn thận,chuyên nghiệp,rất hài lòng, Đọc chưa hết quyển sách giấy đã rơi rớt hết rồi Shop ơi, sách quá đẹp, có bọc sách, sách rất mới. tiki quá tuyệt vờii, Sách đẹp giao nhanh, Nội dung dễ hiểu, trang trí bìa đơn giản và ấn tượng, Sách giao nhanh mới, Tuyệt, good, Cuốn sách khai phá tiềm năng rất hay. Sách chuẩn đẹp giao hàng nhanh, Sách mới giao hàng siêu nhanh. Mình đọc 1 lần rồi sách rất hay nhưng bị mất nên mua đọc lại. Mn nên đọc nhaa, Sách chất lượng ok
Hình ảnh minh họa, Giao hàng nhanh, đóng gói cẩn thận. Cám ơn shop, Giao hàng nhanh, sách đóng gói rất kĩ, và còn mới tinh luon nha, Sách rất hay, mọi người phải đọc nhé, Rất thiết thực, Giao nhanh, sách được bọc rất cẩn thận. Mình cảm ơn nhé, Sản phẩm được đóng gói tốt, giao hàng nhanh, mọi thứ đều ổn. Còn nội dung thì chưa đọc nên mình chưa đánh giá…, Sách gối đầu giường, giao trong ngày siêu nhanh, Sản phẩm được đóng gói cẩn thận như mọi khi, sách được bọc kỹ,giao hàng rất nhanh chóng,cảm ơn tiki, 
Trung lập: Về dịch vụ giao hàng thì vô cùng hài lòng
Nhưng mà FIRST NEWS đóng sách nhìn chán quá. Chỉ sợ đọc nhiều lần thì phải ráp từng tờ lại mà đọc 
Nội dung sách rất hay. Nói về cách thức hoạt động của một năng lực phi thường bên trong bạn. Bạn có thể thoát khỏi mọi khổ đau và đạt được những gì bạn muốn. Quyển này rất đáng đọc, Nội dung quay xung quanh lý giải tiềm thức và cách để phát huy nó m thấy nội dung khá nhàm chán, Giao hàng nhanh, chất lượng sách ôn, Giao hàng nhanh, bìa sách rất mịn và mượt. Nhưng mà giấy bìa trong bị rách và gãy nếp, chắc do bookmark kẹp ngay đầu trang gây ra, Sách hay, Hữu ích để tham khảo và học hỏi, Nội dung sách hơi nghiên về nghiên cứu với phần đầu lý thuyết khá nhiều, Sách ko có tem truy xuât nguồn gốc, đọc xong sách bị bong, Sách bị rách vài trang ở mép, 
Tiêu cực: Mình mua sách trên tiki rất nhiều và khá hài lòng . Nhưng lần này thì THẤT VỌNG  thật sự 😞 
THẤT VỌNG vì cách đóng gói và vận chuyển sản phẩm :
- Đóng gói thì SƠ SÀI 
- Bìa cát tông đựng sản phẩm thì cũ , nát 
- Băng dính hộp đựng thì bị bung hết ra ngoài 
- Bên trong còn để mấy miếng bìa cát tông cũ ( cũng k hiểu tác dụng để làm gì ) 
- Mình mua 7 quyển mà bên trong cũng không được bọc , hay có lớp xốp gì cả , bìa hộp đựng thì mỏng nên khi vận chuyển sách có bị móp và bị xước  
 Mình là người rất giữ sách nên nhìn vậy thì rất chán , cảm giác như mua sách lướt vậy , chứ k được mới 100%  

Nói chung lần mua sách này mình cảm thất rất THẤT VỌNG về cách làm việc của tiki . Mong tiki hoàn thiện chỉnh chu hơn trong khâu đóng gói !, Không hiểu bị lỗi gì mà nhảy từ trang 64 sang đến tận trang 81, mất gần 20 trang sách, Muốn mua nhiều sách cùng 1 đơn để đỡ cước vận chuyển mà toàn bị chia nhỏ, Shop đã giao trùng cho tôi, đơn trước tôi đã nhận 1 quyển rồi.
Đề xuất được đổi cuốn khác. 
Mong được hồi âm.
Xin cảm ơn!, "
109017985,"## Tóm tắt Feedback về sách ""Thiên tài bên trái, Kẻ điên bên phải""

**Phản hồi tích cực:**

* **Nội dung:** 
    * Sách hay, kể về các trường hợp bệnh nhân tâm thần, cho thấy họ không hoàn toàn bị điên mà đôi khi là tài năng.
    * Nội tâm và nhân cách phức tạp, đa dạng, gây tò mò và ám ảnh.
    * Mở mang tầm mắt, cung cấp góc nhìn mới về thế giới và con người.
    * Cung cấp kiến thức về tâm lý học, vật lý lượng tử, không gian bốn chiều...
    * Rất thú vị, cuốn hút, đáng đọc.
* **Hình thức:** 
    * Chất lượng giấy tốt, mực in rõ nét.
    * Bìa đẹp, màu giấy ngả ngà, đọc lâu không nhức mắt.
    * Sách dày, nặng, khổ to.
    * Có bookmark và thư cảm ơn.
* **Giao hàng:**
    * Giao hàng nhanh, đóng gói đẹp.
    * Được giảm giá khi mua trên Tiki.

**Phản hồi trung lập:**

* **Nội dung:**
    * Không phải ai cũng hiểu được hết nội dung sách, có thể do kiến thức hạn hẹp hoặc chưa đủ sâu.
    * Cần đọc kỹ và tìm hiểu thêm kiến thức chuyên ngành liên quan.
* **Hình thức:**
    * Có một số lỗi hình thức: thiếu chấm câu, dấu, chữ cái.
    * Sách to, dày, không tiện mang đi nhiều nơi.
* **Giao hàng:**
    * Đóng gói hơi sơ sài.
    * Sách không có màng bọc ngoài.
    * Sách bị móp góc nhẹ.

**Phản hồi tiêu cực:**

* **Hình thức:**
    * Sách bị móp méo, gãy gáy, bám bụi, bìa xước.
    * Sách nhìn cũ như đã qua sử dụng.
* **Giao hàng:**
    * Gói hàng sơ sài, không có túi chống sốc.
    * Giao hàng chậm.
    * Hộp đựng sách bị móp méo, rách.
    * Thiếu bookmark, thiệp mừng.
* **Nội dung:** 
    * Nội dung không hấp dẫn bằng bản gốc.
    * Nội dung nhức đầu, khó hiểu.
    * Không rút ra được bài học nào.

**Kết luận:**

""Thiên tài bên trái, Kẻ điên bên phải"" là cuốn sách nhận được nhiều phản hồi tích cực về nội dung. Tuy nhiên, việc đóng gói và giao hàng của Tiki lại gặp nhiều vấn đề, khiến khách hàng cảm thấy thất vọng. Nhiều người đánh giá sách bị móp méo, bám bụi, bìa xước, cho thấy Tiki cần cải thiện chất lượng đóng gói và vận chuyển để bảo vệ sách tốt hơn.
","Tích cực: Sách hay lắm, kể về các trường hợp mà nv gặp phải từ đó cho thấy họ k hoàn toàn bị điên hay có bệnh, mà họ hoàn toàn bình thường đôi khi là tài năng. Nhưng nội tâm và nhân cách họ quá phức tạp, lo âu, phiền muộn, đa nhân cách, trầm cảm, điên loạn....dày vò họ.     Nòi chung đọc cuốn. Nhưng sao nay t đọc giữa đêm khuya tự nhiên thấy hơi sợ.😂😂😂, Sách không có màng bọc ngoài nhưng vẫn mới.
Sách có 1 bookmark và 1 thư cảm ơn.
Sách khổ to, dày và nặng, không thích hợp mang đi nhiều nơi bên mình.
Nội dung khá thú vị.
Đây là tiểu thuyết chứ không phải là sách nghiên cứu khoa học nhé.
Giao hàng nhanh (mình ở HN)., Tò mò đặt thử, đọc thử, phát hiện bản thân bị cuốn vào những câu chuyện ở trong sách khi nào không hay. 
Nội dung rất thú vị, tuy nhiên không phải câu chuyện nào cũng hiểu được, có lẽ do kiến thức bản thân không đủ, hoặc có lẽ chưa đủ sâu trong ý thức, suy nghĩ. 
Mn có thể tham khảo những bài review trên mạng để rõ hơn về nội dung sách. 
Màu giấy ngả ngà, đọc lâu không nhức mắt, chất lượng giấy cũng như mực in ổn áp. 
Tuy nhiên, mình có chút góp ý nho nhỏ về một số lỗi hình thức mình nhận thấy: thiếu chấm câu, thiếu dấu hay thiếu chữ cái. 
Hy vọng nhà xuất bản để ý và sửa chữa để sách được hoàn thiện kể cả nội dung và hình thức. 
Đáng mua!, _đóng hàng hơi sơ sài mà may sai 1 đóng sách của mik đều ổn, ko hư chổ nào cả. Mà sách to hơn mình tưởng tượng.
_Đúng thật là hơi khó hiểu nhưng rất thik cáu vibe của sách này, cứ cuốn sao ấy thấy giống mấy bn rewiew trên mạng.
( có mấy trang cho mn đọc thử), Cuốn sách là những câu chuyện phỏng vấn của tác giả với các bệnh nhân tâm thần, cũng có những người bị cho là tâm thần và những người không biết bản thân có tâm thần hay không. Khá là nhức não khi đọc nhưng thật sự là mở mang tầm mắt với những tư duy hoàn hảo của những người bị cho là bệnh tâm thần, Sách hay lắm. Đọc sách giúp mình có thêm nhiều quan điểm mới thú vị, các góc nhìn đa chiều. Ngoài ra còn truyền cảm hứng cho mình thích Vật lí lượng tử, Không gian bốn chiều và ti tỉ những thứ khác nữa. Có nhiều câu chuyện thú vị được kể dưới góc nhìn của bệnh nhân tâm thần, cực kì đáng tiền, đáng đọc., sách siêu đẹp , nội dung vô cùng quốn hút , giao hàng trong thời gian ngắn 
ko những thế lại còn đc tặng thêm bọc sách mà cái đánh dấu sách nx đóo
bật mí cho mn là mua trên đây mik đc giảm giá đó nha ( từ 179k còn có 125k hoi ), Sách về tâm lý rất hay. Giúp ta hiểu sâu hơn về thế giới của những con người bị coi là kẻ điên trong xã hội. Đọc cuốn sách này sẽ khiến ta tự hỏi liệu họ thực sự là thiên tài hay đơn giản là do định kiến của xã hội khiến họ bị coi là tâm thần trong một thế giới hiện đại đang mỗi ngày một phát triển hơn., Đây có lẽ là những minh chứng rõ ràng nhất cho thuyết tương đối, trên một góc độ mới mẻ và đầy hấp dẫn.Những lập luận của kẻ mang danh ""điên khùng"" thậm chí còn logic và chặt chẽ hơn của người bình thường thông minh. Nếu dùng thuyết tương đối vào trường hợp này thì có thể tất cả chúng ta đều bị ""tâm thần"" hoặc chẳng ai bị ""tâm thần"" cả. Cuốn này không khó đọc, nhưng cũng chẳng dễ. Dù những câu chuyện đều có ví dụ lý giải cụ thể nhưng mình cũng vẫn mơ màng mất 1-2 chương. Vấn đề do kho kiến thức hạn hẹp của mình thôi - Minh chứng cho việc ko phải cuốn sách nào cũng có thể đọc., Đọc khá cuốn mặc dù vài chương hơi rối não và nói toẹt ra là ko hiểu mấy=)) sách to hơn mình tưởng tượng, in ấn khá rõ. Có điều phần đóng gói hơi sơ sài, nhưng nếu bạn có ý định mua thì hãy mua đi vì quyết định đó sẽ ko khiến bạn hối hận., Đây là tiểu thuyết, đây là sách về tâm lý học, đây là sách về xã hội … bạn có thể tìm thấy rất nhiều sự ngạc nhiên ở đây tuỳ theo cảm quan của bạn. Mình thấy nó thật lạ lẫm và tuyệt vời, có lúc điên rồ, có lúc siêu phàm. Bạn thử đọc đi, với 1 tâm thế cực tò mò về 1 thế giới khác, thực hơn thế giới chúng ta luôn thấy trước giờ, Sản phẩm rất xinh đẹp tuyệt vời, tôi không thể trông đợi gì hơn. Cảm ơn nhà cung cấp, nhà sản xuất, cảm ơn người bán hàng, cảm ơn sàn thương mại điện tử, cảm ơn người vận chuyển để tôi có cơ hội dùng sản phẩm tốt như thế này.
Hàng đóng gói rất đẹp. Quả nhiên người bán đã gửi gắm rất nhiều tâm tư và tình cảm trong lúc gói hàng. Hộp không có dấu hiệu bị móp, chứng tỏ bộ phận vận chuyển đã nâng như nâng trứng, hứng như hứng hoa. Xin nghiêng mình cảm ơn vì tất cả.
Thời gian vận chuyển rất hợp lí., Sách bao gồm những câu chuyện nhỏ của nhân vật ""tôi"" (có thể là tác giả) về những cuộc gặp gỡ với những con người có tính cách và lối suy nghĩ từ lạ đời cho tới tuyệt vời và có chút khó hiểu nếu đọc không kỹ và tìm hiểu sâu kiến thức chuyên ngành liên quan trong các cuộc đối thoại, cũng có những chuyện kinh dị nhưng đa phần đều có liên quan đến tinh thần con người, nói chung khá thú vị. Đối với mình thì mình thấy khá sợ khi đọc vào buổi tối, hơi rùng mình nên mình sẽ chỉ đọc vào buổi sáng và không đọc quá nhiều, sợ bản thân sẽ bị 'nhiễm' nếu quá nhập tâm :))), - Nhược điểm:
   + Giao hàng chậm hơn dự tính (nhưng không quá lâu)
   + Một số chỗ bị quăn (không đáng kể, có thể phẳng lại bình thường)

- Ưu điểm:
  + Tiki vẫn thường đóng gói cẩn thận
  + Sách đẹp, chất lượng tốt
  + Mua đợt giảm 50% một cuốn quá chất lượng
  + Mới đọc nhưng nhìn chung nội dung rất hấp dẫn, Sách rất hay, mua bên tiki thì rẻ khỏi nói rồi. Được cái mua bên tiki cả chục lần (sách) mà chả lần nào thấy gói hàng ra hồn, đóng gói sơ sài nên vận chuyển bị móp méo sách, cấn tùm lum làm mất thẩm mĩ, người yêu sách nhìn rất ngứa mắt đấy. Gói hàng khong tôn trọng cuốn sách 😃, Bọc gói cẩn thận,, giao hàng siêu nhanh. Mà sách ko mới lắm, kiểu như để trưng bày. Đọc bản điện tử xong rồi mà thấy thú vị nên mua bản cứng đọc cho đã, Mua hàng thì cứ Tiki mà triển thôi ạ. Thời gian giao hàng siêu nhanh, sách về tay rất đẹp. Nội dung tuy chưa đọc nhưng mà nhận được rất nhiều phản hồi tốt nên mình chắc đây sẽ là một cuốn sách hay ❤️, Sách này mình hay đọc ké của chị mình, mà giờ chỉ chuyển lên tp học rồi nên tậu về đọc, bìa đúng đẹp luôn, nooik dung khỏi chê, Trời ơi phải nói cuốn này hay cực!!!
Mình đọc 1 lèo 6 7 bệnh nhân thôi, không dám đọc tiếp, đọc liên tục mấy chục bệnh nhân 1 ngày mình sợ mình tâm thần theo luôn á. Vì đôi khi 1 vài bệnh nhân có lối suy nghĩ dù lệch lạc nhưng nó lại giải đáp cho nhiều vướng mắc của bản thân, sợ bị kéo lệch lạc theo lắm 🥲
Nói chung cuốn này nên mua nha mọi người, mà mỗi ngày đọc 1 vài người bệnh thôi, đọc nhiều bệnh theo đó., Nội dung sách thì tùy mỗi người. Mình đọc, hiểu được chút chút những câu chuyện trong sách nên giờ đang nghi ngờ nhân sinh rồi. Nhưng có những câu nghe rất thấm. Cảm ơn người dịch đã dịch hay như vậy., Về chất lượng sách thì 10/10 không có gì chê. Từ in ấn đóng gói đến chất lượng giấy đều hoàn hảo
Sách thật sự rất hay, nó mở mang suy nghĩ của mình rất nhiều bằng cách trải nghiệm thông qua lối tư duy về sự vật của mỗi người. Đọc xong đúng kiểu cảng thấy thế giới quan được mở rộng hoàn toàn luôn ấy. Lói viết của tác giả thì siêu cuốn siêu hay. Rất recommend mọi người đọc nhé, Hàng giao đến rất nhanh, mình đặt trưa hôm qua mà trưa hôm nay đã có rồi. Riêng cuốn Thiên tài thì không được bọc seal, gáy và góc bìa hơi móp nhẹ. Về nội dung sách thì mình chưa đọc nên không thể đưa ra đánh giá, ai muốn mua thì hãy xem review trên mạng trước nhé!, Sách có chất lượng in tốt, giấy đẹp, cầm khá nặng tay. Mình cũng vừa mới mua về đọc và thấy khá thú vị, có liên kết với vài kiến thức mình biết. Mỗi tội lúc vận chuyển, sách của mình không có đồ giảm xóc nên bị cong mép sách. Còn lại mọi thứ đều tốt nên mình cho 5 sao., mình đặt ship 2h nên sách k bị quăn nhưng có một vấn đề là đằng sau sách có những vết mà mọi người thấy trong hình, không sao mình bỏ qua được. Về nội dung thì mình chưa đọc nên không biết ntn, thấy mọi người review hay nên mua thử về đọc, giao hàng nhanh bất ngờ luôn, mình ở tỉnh Khánh Hòa cách Sài Gòn gần 500km, mà đặt chưa được 3 ngày đã tới, cứ tưởng ít nhất 1 tuần, sách thiên tài bên trái kẻ điên bên phải ko có seal, nên phần bìa sau hơi bị cong nhưng ko sao., Giao hàng nhanh, sách đc đựng trong hộp, giao đến còn nguyên vẹn, ko bị móp méo j cả. Chỉ có điều là sách ko đựng bao kính bên ngoài nên nhìn cứ cảm thấy giống như sách cũ., Hỏi móp phần cạnh=((( sao không bọc xốp nhỉ, mua nhiều cuốn rồi cũng như 1. Dơ phần đuôi sách ạ=(
nhưng vì nội dung hay nên cho 5sao
sách to hơn mình nghĩ, chất giấy đẹp, hơi vàng. 
Shipper thân thiện., Mình đặt nhiều cuốn cùng 1 lúc may là tiki giao trong nội thành đóng gói ổn, tuy ko có bọc chống sốc nhưng có thêm mấy miếng bìa để sách ko bị va đập quá nhiều, nên thành phẩm nhận được ko bị cong sách. Rất thích tiki trading lẫn shipper dễ thương, Cuốn sách kể về những bệnh nhân mắc bệnh tâm lý, một bệnh nhân tưởng mình là nhân vật chính trong cuốn tiểu thuyết tự tạo, một bệnh nhân sống trong những giấc mơ, một bệnh nhân đa nhân cách vv, cuốn sách rất phù hợp cho những bác sĩ tâm lý, Thấy nhiều người review nên mk mua về đọc thử nhưng cảm nhận k hợp cho lắm. Sách đơn thuần kể lại những cuộc trò chuyện với các bệnh nhân tâm thần và mở ra cho chúng ta cách nhìn khác về thế giới. Tuy nhiên mình thấy câu chuyện chưa được sâu và nó được kể lại với một màu giọng bình bình nên đọc khá nhàm. Riêng những bạn có niềm say mê với tâm lý học chắc sẽ hứng thú với quyển sách này, In ấn tốt, nội dung thú vị, chắc mọi người đều biết rồi, tác giả cuốn sách đi phỏng vấn các bệnh nhân tâm thần để tìm hiểu về thế giới quan của họ. Nội dung rất thu hút, văn phong cũng hay, mình đọc hết từ đầu đến cuối.
Tóm lại là khen!, Giấy màu ngà đọc không bị loá mắt. Chữ hơi to so với mình. Bìa đẹp. Nội dung rất hay. Ai thích tìm hiểu về tâm lý học không nên bỏ qua cuốn sách này. Ngoài kiến thức về tâm lý, cuốn sách cung cấp khá nhiều nội dung về các ngành khoa học khác như vật lý, sinh học, hoá học,… rất bổ ích, Thấy đang sale nên mình mua nhiều để dành đọc tutu. Sách đóng gói chắc chắn, đẹp, mùi thơm nữa, Giao hàng nhanh, đóng gói cẩn thận, sách bám bụi bên ngoài cơ mà bên trong rất mới, màu sáng đẹp không bị nhòa chữ, sách dầy lắm chưa đọc nên chưa nội dung. Nói chung rất ưng ý, sẽ mua lại lần sau., Chỉ có một lỗi bé xíu ở đầu sách đó. Nhưng do cuốn này bán chạy quá, giờ mình mới thấy có hàng mà mua nên cho 5 sao vì sự chờ đợi đáng giá này. Lúc unbox thơm lắm luôn 😍, Một quyển sách khá thú vị, hơi hack não. Với những bạn yêu thể loại sách tâm lý thì đây là một đề xuất lý tưởng. 
Mình rất ưng ý trong khâu vận chuyển cũng như nội dung sách., sách không móp méo gì hết ạ, đầu tiên đặt em thấy dự kiến giao vào 16/2 nên hơi nản nhưng 1 tuần sau là sách về đến rồi. Quyển này thì quá nổi rồi không cần phải bàn nữa=)))) em mới đọc được một vài câu chuyện trong sách thôi mà cũng có thể hiểu được tại sao nhiều người rcm thế rồi. TRỜI ƠI THÚ VỊ VÃI CỨK, NHẤT LÀ CÂU CHUYỆN ""ĐIỂM KẾT THÚC CỦA SINH MỆNH"" ẤY, AAAAAAAAAAAAAAAAUHIYGFVRT68OGL, TẠI SAO MÌNH KHÔNG MUA NÓ SỚM HƠN!? Cảm xúc của em nó kiểu kiểu vậy=)))))). Ngoài ra thì cũng có vài cái em không hiểu lắm nhưng mà nói chung là sách đỉnk lắm. Cảm ơn sốp ặ, Đã đọc hết 6 quyển của tác giả này tại Việt Nam. Quyển này đúng gọi là thương hiệu của ông này luôn. Nếu bạn đã quá chán với cuộc sống thường nhật xung quanh mình, hãy thử thay đổi và tận hưởng quyển sách này xem, đảm bảo cho bạn những trải nghiệm và suy nghĩ ngất ngây luôn. Cứ thử là biết!! haha, giao hàng nhanh, shipper lịch sự. sách không bọc seal, bìa có vài chỗ hơi bẩn, bị móp chút xíuu ở phần bìa nhưng không sao vì nó nhỏ thôi. nói chung là ưng ỤwU, Mình cần pass bảng vẽ Gaomon M5 hình dạng quyển sổ màu xanh nha. Đầy đủ phụ kiện mới mua luôn ạ. 
Hộp bảng vẽ gồm:
1 Sketchnote tablet
1 bút kỹ thuật số
1 bút bi & 5 ngòi ( cái này chỗ khác ở sàn S, L không bán đâu ạ) 
1 cáp cắm máy tính
1 cáp cắm điện thoại (type C và micro usb)
10 ngòi bút kỹ thuật số
1 tháo ngòi bút

Mình pass 600k, Sách xinh cực, nội dung và độ nổi tiếng về quyển sách này thì khỏi bàn rồi, có rất nhiều Reviewer đánh giá sách này trên nhiều nền tảng nên mình không nói gì thêm(ảnh mang tính chất lười chụp), Có thể cho 4.5 sao được không, mình đã rất mong chờ khi bên az bảo sẽ có bookmark nam châm cho mọi đơn hàng nhưng mà khi nhận hàng mình không có :( Sách hơi cũ, mép sách bị bẩn xíu, bìa hơi xước chắc là hàng dọn kho, nhưng giá vầy mình không ý kiến gì cả. Còn nội dung thì vẫn vậy, nhưng mà mình thấy không hấp dẫn bằng bản gốc ??? Mình cũng chả hiểu mình bị sao nữa, mua về sưu tầm hoặc để con cháu anh chị em đọc cũng ok ạ., sách đẹp lắm, có điều đóng gói không ổn, một phần do hàng của mình bị để lâu ( về đến kho nơi mình ở từ ngày 14/12 nhưng đến 18/12 mình mới nhận được hàng ) nên nó bị bụi khá nhiều ấy, hộp hàng cũng không còn nguyên vẹn, nhưng sách chỉ cần lau tí là hết bụi, nhưng vẫn góp ý tiki sau này gói sách cẩn thận một chút, Hàng đóng gói rất đẹp. Quả nhiên người bán đã gửi gắm rất nhiều tâm tư và tình cảm trong lúc gói hàng. Hộp không có dấu hiệu bị móp, chứng tỏ bộ phận vận chuyển đã nâng như nâng trứng, hứng như hứng hoa. Xin nghiêng mình cảm ơn vì tất cả., Giao hàng rất nhanh nha, đóng gói cũng kĩ nữa, mk thấy cuốn này được rv rất nhiều nên mua về đọc thử. Rất hài lòng về bên ngoài của sách, rất đẹp, ko bị hư hỏng chỗ nào hết, có lẽ khỏi phải nói về nội dung của cuốn sách này nữa vì nó có quá nhiều lời khen r, thật sự rất đáng đọc. Bản in mới này có thay đổi đôi chút nhìn xịn sò thật. Thật sự hi vọng các tác phẩm của Cao Minh được xuất bản nhiều ở Việt Nam, Nội dung sách nói về tư duy, thế giới quan của những con người tâm thần, suy nghĩ không được bình thường. Nhưng theo một góc nhìn nào đó, tư duy của họ cũng rất logic vì lí giải dựa trên những nền tảng, sự tìm hiểu sâu sắc về khoa học. Đọc cuốn này mình có những cái nhìn khá là mới mẻ về thế giới xung quanh. Lời giải thích của những con người này cũng vô cùng thuyết phục, nếu không tỉnh táo chắc mình cũng cuốn theo hướng tư duy của họ mất. Nói chung là sách đọc vừa giải trí vừa có góc nhìn mới, mà những ""kẻ điên"" mang bộ óc khá là ""thiên tài"" này sẽ làm bạn đau đầu vì muôn hình vạn trạng của khoa học đấy., sách đẹp lắm luôn, giao cũng nhanh nữa, chưa đọc nên chưa biết nội dung nhưng về hình thức là mình thấy rất tuyệt rồi, thấy mọi ng bảo sách bị dơ với lại bị quăn này nọ nhưng mình k bị ( chắc do hên hihi) mọi ng coi hình bên dưới thử nha ( do thiếu ánh sáng nên chụp không đẹp chứ ngoài đời sách đẹp lắm), Sách cầm chắc tay, mực giấy in các thứ ok
Gáy sách có hơi chày 1 chút nh k đáng kể đâu
Trong sách có 1 cái bookmark vs 1 tấm thư nữa
Nên mua nha, Mình chưa đọc nên chưa đánh giá nội dung được. Giao hàng nhanh, mình đặt 2 quyển khác nhau chung 1 hộp, nhưng quyển này bị móp 1 góc thì chắc chắn không phải do quá trình vận chuyển rồi. Mong shop kiểm tra kĩ trước ghi giao hàng nhé, sách xịn lắm nha chất giấy cũng okela phết thấy mn review nhiều nên cũng mua về đọc thử nhưng mong shop chú í đóng gói hàng cẩn thận hơn nha sách của mình về hôm trời mưa hộp ướt hết bên trong có mỗi quyển sách nhưng may nó không ướt mong shop chú í thêm, trên mặt bị sướt một chút, góc bị móp một tí trong quá trình vận chuyển nhưng ko sao. sách tổng quan rất ok. mng có thể mua thử để trải nghiệm., Shop đóng gói kĩ luỡng, Sách ko bị móp méo gì, trước khi hàng được giao đến có trận mưa rất to nhưng sách ko bị ướt chút nào, Do kiến thức không đủ nên nhiều câu chuyện khiến mình không thực sự hiểu ý nghĩa, từng câu truyện đem lại những góc nhìn khác nhau, những điều tưởng chừng như rất nực cười nhưng khi cẩn thận suy nghĩ lại thấy được 1 quan điểm thú vị., Cuốn sách này rất hay. 
Nó không phải là một cuốn truyện trinh thám li kỳ hack não, cũng không phải là cuốn sách học thuật với hàng hà sa số những thuật ngữ định nghĩa rắc rối khó hiểu. 
Nó cũng không phải là cuốn sách giáo điều chỉ ra rằng bạn nên làm thế này thế kia. 
Nó chỉ là một cuốn sách ghi chép lại những quan sát và phỏng vấn của tác giả với những người bị cho ra rìa cuộc sống - những bệnh nhân tâm thần. 
Chúng ta gọi họ là những kẻ điên, vì họ làm những điều kỳ quặc không giống chúng ta. Nhưng biết đâu, họ cũng cho rằng chúng ta là những kẻ điên vì chẳng biết gì mà cứ cho rằng mình biết hết.  Ranh giới giữa kẻ điên và thiên tài rất mong manh. Thiên tài thì chứng minh được thế giới quan của mình là đúng, còn kẻ điên thì chưa.
Bằng giọng văn dí dỏm của mình, tác giả đã mô tả những cuộc đối thoại vô nghĩa, nhàm chán, nặng nề thành những mẩu chuyện rất thu hút và gây ra nhiều suy tư cho chính người đọc. 
Cái hay ở đây là tác giả không đưa thế giới quan của mình vào sau mỗi câu chuyện. Tác giả chỉ bỏ ngõ ở đó, để mỗi người đọc tự trải nghiệm ý nghĩa câu chuyện theo cảm nhận của riêng mình. Nội dung của nó hay và đặc sắc gấp ngàn lần cái bìa u ám và chán ngắt ở bên ngoài. 😂
Và cuối cùng là câu hỏi: Bản chất thật sự của cuộc sống là gì?, Rẻ hơn ngoài nhà sách 50 mấy nghìn, mình thấy sách hơi mỏng nhưng giá như vậy thì sách hơi mỏng tí cũng được:) giao hàng nhanh đặt hqua hnay đã coá, Mình nghĩ những bạn nào có thế giới quan vững thì hãy đọc. Vì khi đi qua từng góc nhìn ở mỗi câu chuyện trong sách sẽ khiến bản thân hoài nghi liệu là những gì mình biết trước giờ có thật sự chính xác. Hay vốn chúng ta chỉ thấy mỗi miệng cái giếng của mình thôi., Sách nên có trên kệ. Đọc xong mỗi câu truyện ngắn, phải dành cả một buổi suy nghĩ về cuộc sống, thế giới xung quanh mình. Dưới góc nhìn của những người trong trại tâm thần đều vô cùng rộng lớn, phong phú, mới mẻ., Giao hàng rất nhanh, mình đặt tối htrc hsau đã có. Sách đc bọc cẩn thận. Nhưng hình như cuốn của mình bị thiếu 1 cái bookmark, mình thấy các quyển khác đều có 2 bookmark nhg quyển mình chỉ có 1. Shop xem lại giúp mình, Bìa đẹp, nội dung cuốn hút, mình đọc một mạch 2/3 quyển không dứt được. Tuy nhiên khá nặng nề với những người tâm lý yếu, mình đọc xong mất ngủ hoặc mơ thấy éc mộng 🤪 Phù hợp với những bạn có hứng thú với chủ đề tâm lý, đa vũ trụ,..., Đóng gói kĩ, giao hàng nhanh, sách được bọc kĩ lắm nha. Shipper thân thiện, dễ thương, nói chuyện nhẹ nhàng lắm ạ., Sách như đúng mô tả, in ấn rất tốt, có thư cảm ơn, nên mua, eo ơi, shop giao nhanh cực ý, mình mới đặt tối hôm qua mà chiều nay đã có rồi, mình kiểu bị bất ngờ 🤣, đi kèm với giao nhanh thì chất lượng giao hàng siêu đỉnh, lấy hàng hộp không bị bóp méo hay trầy xước gì, dù không có lớp chống sốc bao quanh sách để nhỡ xảy ra vấn đề gì thì vẫn bảo vệ sách được nhưng sách ổn kinh khủng luôn, rất đáng mua mọi người ạ, cho shop 5 sao luoonnnnn, ưng quá, Sách mới nhưng vẫn còn nhiều chỗ bị bẩn. Có bọc bookcare, có bookmark, chưa đọc nên chưa đánh giá nội dung. Mỗi tội đơn mua mấy cuốn mấy trăm k mà. đến cái bọc xốp cũng k có tử tế. May mà sách không bị sao., sách in rất đẹp, chữ to.Thật ra mình thấy cuốn sách này được recommend rất nhiều trên trang về tâm lý học nhưng theo quan điểm của mình thì nó không quá liên hệ nhiều đến tâm lý học mà là những góc nhìn độc đáo mà đôi khi rất logic của những con người bị phán định là không bình thường hay điên ( nếu có kiến thức lượng tử chắc sẽ càng thêm tốt khi đọc nó😁), Okokokokoko,  sách đẹp  hơi bụi nhưng còn lại ổn hết, Sách đẹp, nặng tay, nội dung hay. Không nên đặt giới hạn khi đọc cuốn này. Ngoại trừ font chữ và khoảng cách sắp xếp các hàng/chữ nhìn khá dày, không được thoáng vs mình thì mọi thứ đều ổn. Rất thích tác giả này và các tác phẩm của ông., Đọc sách mà như đang dc trực tiếp đối thoại với những người điên (hay thiên tài) trong sách. Mình thật sự bất ngờ và khâm phục cách họ nhìn nhận thế giới, vì hệ thống logic của họ tuy điên rồ nhưng cực kì thuyết phục. Liệu họ thật sự điên, hay do họ dám đối diện với thế giới bằng một góc nhìn quá khác nên mới bị cho là điên? Nhưng nếu từ xưa ai cũng nhìn nhận mọi việc theo 1 cách ""bình thường"" thì liệu những công nghệ và phát minh như hiện nay có được ra đời không?, Tiki đóng gói luôn tệ, giao cả thùng mà cả miếng giấy chèn cũng không cho, cơ mà mình dễ tính, các lỗi df không nặng lắm nên cũng lười đổi.
Không muốn đánh giá kém ảnh hưởng sách, nd sách thì hay khỏi bàn. Thú vị là có tận 3 cái bookmark 😂, thật sự là sách cực kì đỉnh mặc dù đọc hơi khó hiểu,giao 3 ngày là có thui,sách mịn k vết xước gì hết,ai mua cuốn SILCBC thì mình rcm mua thêm cuốn hannibal lecter để đọc trọn vẹn nhất, Cuốn này xuất sắc tuyệt vời, nội dung đọc bị cuốn kinh khủng, mình thấy rất hài lòng, Không nói về chất lượng bề ngoài của sp, nói về chất lượng bên trong (nội dung)

Dù mình mua cuốn này hồi đầu tháng 5 và đã đọc xong một thời gian rồi nhưng mỗi khi nhìn lại quyển sách thì cứ như lần mình khép nó lại, rất khó tả. Câu hỏi luôn lẫn quẫn trong đầu mình mỗi khi đọc là ""Rốt cuộc thì một con người bình thường là ntn?"" Trên đời này định nghĩa người bình thường vốn không bao giờ tồn tại, chỉ là khi thứ gì đó theo số đông thì họ cứ mặc định là vậy, đọc xong quyển sách này như mở ra một thế giới quan mới, nhìn cách mà các bệnh nhân tâm thần diễn đạt về suy nghĩ của mình một cách logic đến bất ngờ, những suy nghĩ tưởng chừng như là vô lí nhưng lại được họ diễn giải khiến ta không thể không thốt lên câu ""Quá hợp lí!"" và thậm chí mình đã phải đọc đi đọc lại rất nhiều lần để hiểu mạch suy nghĩ của họ, rất khó hiểu, nhưng một khi đã hiểu thì lại không thốt lên lời vì...quá đỉnh. 

Hãy đọc và tự cảm nhận ., Nội dung rất hay, tác giả đã dùng quan điểm và những nghiên cứu của bản thân để viết. Vì vậy, khi đọc rất cuốn hút và có nhiều kiến thức bổ ích.
Bìa đẹp, giấy đẹp, cấu trúc và cách format rõ ràng, dễ đọc., Shop đóng gói cẩn thận và chắc chắn, giao nhanh cực luôn hqua mình mới đặt mà nay đã nhận được sách rồi 🤩🤩🤩 thấy nhiều người review nói sách này hay nên cx mua đọc thử…và nó hay thiệt nha 😆 mới đọc có mấy trang đầu mà nó cuốn lắm lun í 🥰, luôn luôn mua sách trên tiki, giá luôn rẻ hơn so với giá mặc định, giao nhanh. về nội dung thì đọc đôi đoạn khó hiểu nhưng mà cũng không kém phần cuốn hút. không cần phải đắn đo quá nhiều trc khi mua đâu mn, xịn xò lắm, Thật sự là một quyển sách nên đọc nha
 mn
Những câu chuyện trong đây vô cùng lôi cuốn và mê hoặc
Mình kiểu thích những thứ điên rồ một chút và thích lối suy nghĩ mới lạ, Giao hàng nhanh. Vừa đặt tối hôm trước hôm sau đã có sách. Sách không được bao nilon nên bị trầy xước trông không được mới. Không có chống sốc may là sách không bị ảnh hưởng, Mình mua 2 cuốn 1 là tâm lý học với cuốn này. Cuốn kia thì ổn hơn, cuốn này do không có đồ chống sốc nên hơi bị vấn đề một xíu. Nếu có gói đồ thì mong shop cho thêm chống sốc. Giao hàng cực kì nhanh nha, giao hơi lâu, sách hơi mớp, đóng hàng không chắc lắm bởi vì cái hộp phần *** kh được dán hay sao mà nó bị bung ra, kh biết do vận chuyển hay sao, nhưng cho 5*, Mỗi chương là một cuộc đối thoại giữa ""tôi"" và người được cho là bệnh nhân tâm thần. Tầm 4-5 trang 1 chương, và từng câu chuyện là tách biệt nên dễ theo dõi, và không gây rối não. Tất nhiên hack não theo cách khác.
Không biết tác giả viết theo trình tự tiếp xúc thực tế hay cố ý lựa chọn sắp xếp. Có cảm giác những bệnh nhân ban đầu đem lại cảm giác tâm thần thật, sau đến mơ hồ có bệnh, sau cùng phải tự hỏi rốt cuộc ai mới là người bình thường.
Có cảm giác bị tác giả dẫn dắt tư tưởng/nhận thức một cách rất tinh vi, nhưng đôi lúc chỉ hận ổng không viết rõ thêm một tí, đưa suy nghĩ của ổng thêm một tí.
Đọc cuốn này có lẽ cần đạo tâm vững vàng, chạm đến là ngừng. Chứ cố đi sâu vào không khéo có một ngày biến thành ""người được phỏng vấn"", dịch vụ giao hàng nhanh, sách đẹp. Nội dung lôi cuốn, tác giả chia theo từng mẩu chuyện nên không bị ngán khi đọc. Đọc xong có cái nhìn đa chiều về thế giới trong mắt của các bệnh nhân. Đôi khi những suy nghĩ của họ khiến bản thân ngẫm lại mặc dù nhiều khía cạnh khá cực đoan. highly recommend bởi vì rất thú vị, có thể đọc giải trí hay cả mở rộng kiến thức, cũng giúp cảm nhận được khó khăn của nghành tâm lí học và các nghành liên quan đến tâm thần, thần kinh,.., Đọc nửa quyền đầu tí điên theo các bệnh nhân luôn. Ko biết tác giả tiếp xúc nhiều vậy có ảnh hưởng ko. Đọc phần sau mình ko dám hoà theo nhân vậy nữa nên ko thấy hay lắm ^^ nhưng tổng quan là rất hay. 1 góc nhìn mới về thế giới, Cuốn sách dày này là những ghi chép của các cuộc đối thoại giữa tác giả với nhiều bệnh nhân tâm thần khác nhau. Mỗi người một câu chuyện nhưng luôn khiến chúng ta phải đặt ra câu hỏi: “Liệu họ có thực sự bị điên hay không”. Thiên tài bên trái, kẻ điên bên phải, vậy ở giữa sẽ là ai?, Mé t nói sống 16 năm cuộc đời lần đầu bị mất ngủ vì đọc sách. Này nha đọc nửa quyển chưa làm sao đến đoạn có thằng cha giết người yêu ướp muối bọc nilon t vẫn chưa sợ. Chính ông tác giả ổng làm t sợ. Miêu tả thì miêu tả thôi ổng còn tường thuật là ổng bước vào căn phòng ntn, phòng ko có mùi j làm t nghĩ đến mùi xác ướp muối, xong ổng đứng ở chỗ con bé kia chết ổng tưởng tượng là nó mặc váy trắng đứng vẫy tay với thằng kia ntn. Mn đừng nên đọc quá 3 câu chiện 1 buổi tối ko thần kinh thật á. E hôm đấy đọc liền mấy truyện xong đêm đầu óc nó loạn tùng xịa lên, ko nhớ rõ câu chuyện j nhưng cứ luôn nghĩ về nó. Bạn e bảo m đang có biểu hiện ban đầu của bệnh thần kinh :)), Rất hay, cảm giác đọc các câu truyện bên trong rất cuốn. Sản phẩm đóng gói kĩ, đầy đủ., Hic không nghĩ về nhanh thế. Mình mới đặt tối qua mà nay đã nhận được rùi ấy 🥺 trong khi dự kiến là thứ 5 cơ. Nma bị một cái là không được bọc chống sóc, chỉ có sách với hộp không. Nma vẫn thích lắm nhaaaa, Giao hàng rất nhanh, mình đặt hôm qua là hôm sau đã giao rồi, sách chỉ đóng trong hộp các tông và ko có túi giảm xóc nên bị móp 1 chút ở phần góc của sách nhưng mà cũng không sao, Sách dày hơn mình tưởng, kiểu giống như truyện ngắn vậy. Tác giả kể lại những lần mình gặp các bệnh nhân tầm thần, nhưng đứng từ góc độ bệnh nhân nhìn vào. Kiểu hơi điên điên những khá cuốn nhé., Tình hình là giao nhanh dã man, mới đặt tối hôm trước mà sáng hôm qua anh shipper đã gọi điện giao hàng, rất đáng khen đó ạ👍
Còn về quyển sách thì gáy hơi tróc một xíu nhưng tổng thể vẫn rất tốt. Nội dung rất thú vị, những cuộc nói chuyện không dài nhưng lại khiến chúng ta phải ngẫm lại, nói chung rất ổn❤️, Thấy sách dc review khen nhiều nên canh đặt mua lúc sale 12-12 giá phải chăng, đóng gói cẩn thận, sạch sẽ, đẹp đẽ. Sách rất dày hơn 400 trang, mới đọc vài chương đầu thấy khá hay và cũng làm mình phải suy nghĩ nhiều 😂, sách hay lắm các bạn ạ. Mik chưa đọc hết nhưng với những phần mik đã đọc thì thấy sách rất hay, Giao hàng nhanh, bìa sách khá bẩn và mép bị nhăn nhưng vẫn ủng hộ, Cách dẫn truyện của tác giả lạ, dẫn ng đọc đi vào từng câu chuyện khi phỏng vấn các bệnh nhân, Màu sắc rõ nét, chất lượng giấy tốt. Nội dung sách hấp dẫn, bố cục rõ ràng. Rất bổ ích. Vô cùng hài lòng., gói hàng cẩn thận, đẹp, không bị méo nhưng mà do sách ở trong ko có đc bọc nên ko đc thẳng với hơi sướt xíu, giao hành nhanh lắm, đặt 1 cái là có luôn, chưa tới 1 tiếng nửa, shiper dễ thương lắm :33, chưa xem nên cx ko bt nội dung hay hok., Trời ơi nó thú vị gì đâu á. Em phân vân tính mua nhưng cứ muốn lại thôi, giờ hối hận sao mình không mua sớm hơn. Vận chuyển ok mà hàng cũng đẹp xinh nữa ạ. Góc nhìn trong cuốn này đa chiều thật sự, nó thú vị ngay từ mấy trang đầu. Thấy mọi người recommend nhiều lắm nhưng em thật sự cũng không để ý, bây giờ thì thấy đúng thật ạ, siêu siêu hay. Với sự hay ho này thì giá quá là hợp lý luôn, yêu quá ạaa, Mua dùm bạn, Tôi nghĩ đến một câu nói mà rất nhiều bác sĩ tâm lý , bác sĩ thần kinh nói vs mk: Nhất định k đc quá để tâm đến những lời bệnh nhân nói , đừng duy nghĩ quá suy thế giới quanh họ nếu k anh sớm muộn cũng sẽ phât điên, Ấn tượng đầu tiên về sách là phần tiêu đề sau đó đến lời tựa. Giao hàng nhanh lớm iii. Chất lượng sản phẩm tốt k có vde gì cả. Nội dung thì không thể nhận định luôn được nhưng mà nói chung là ưng lém hihihi 🥰, Sách rất đẹp và mịn, cầm chắc tay. Về nội dung đúng là sự khám phá nhiều cái mới, từng chủ đề là từng câu chuyện hấp dẫn cuốn hút, tôi chưa từng lướt nhanh qua chương nào của cuốn sách bởi tình tiết thú vị thực sự. Thiên tài và kẻ điên cách nhau rất mỏng manh, Hôm nay mình vừa nhận được sách. Mình viết đánh giá này là để cảm ơn chú giao hàng rất nhiều. Do sơ suất mình không để ý điện thoại nên để lỡ cuộc gọi của chú giao hàng, tuy nhiên chú vẫn đợi khoảng 15_20 phút để giao hàng cho mình và có bạn nhân viên cùng công ty thấy đã nhận giúp mình., Quyển này rất hay đvs 1 đứa khá thích tò mò đi sâu theo logic như mình. Có cái nhìn sâu hơn rất nhiều. Sách dày, khổ to xứng đáng vs giá tiền. Nên đọc 1 lần ạ, Sách màu sắc ổn, giấy tốt, nhưng khi ship đến ko có đồ bọc lại,cuốn sách. Hơi thất vọng. Ship nhanh, ko có vấn đề gì phải cải, nói chung là tốt 👍, 
Trung lập: Mới đọc sơ qua thôi nhưng thấy nội dung cũng khá hấp dẫn, in ấn chữ viết bắt mắt
*Điểm trừ đáng quan ngại ở đây là gói và giao hàng không có tâm, sách không có bao ngoài dù nilon mỏng, sách giao đến bị xước nhiều ngoài bìa và móp nhẹ ở đáy. Giao hàng đến sách chỉ được bỏ không trong hộp và ngoài hộp còn bị móp rất nhiều (Có lẽ vậy nên sách mới bị móp). 
Cực kì không hài lòng về cách gói hàng:( Mong sẽ sớm khắc phục, sách thì ok có đầy đủ markbook, giao nhanh (hqua mình đặt nay nhận được luôn) nhma đóng gói quá sơ sài, mình không biết là do không bọc màn chống sốc nên nó bị xước trong quá trình vận chuyển hay xước trước đó rồi nhma bìa sách của mình bị xước khá nhiều ảnh hưởng đến thẩm mỹ một chút, bên trong sách thì vài tờ bị hơi nhăn chứ nói chung là sách không bị hư hại gì, cho 4*. Nếu lần sau mình mua nữa mà vẫn còn tình trạng đóng hàng sơ sài như này thì mình cho 1* luôn :))), Giao hàng nhanh. Chưa đọc nên không biết nội dung như thế nào. Nhg Tiki mà bọc thêm 1 lớp nilon ngoài sách thì sẽ tốt hơn đó. Hôm đấy trời vừa mưa, hộp ướt, may mà sách bên trong ko seo. Nhưng sách vẫn cong và hơi bụi nha. Nếu mà ướt chắc em thề ko bao h mua sách của Tiki nữa., Thật sự là không thể thất vọng hơn dc nữa vs cách gói hàng của tiki, bỏ mấy trăm ra mua mà tiki đóng gói nản thật sự, viền sách đều tưa hết cả và sách có nhiều dấu tay, như sách củ vậy. không phải chất lượng sách tốt là trả hàng ngay rồi, thật sự thất vọng, Giao hàng nhanh, sách không có bookmark, không có bookmark, không có bookmark :)). Trời ơi thấy đánh giá của mọi người có bookmark mà thấy ham, nhìn đến mình... Chán.
Do không bọc chống sốc nên phần góc bìa sách có chỗ bị cong, chụp hình không thấy rõ mấy., Sách không phải tiểu thuyết,càng không phải thế loại văn xuôi nó đơn giản là một chuỗi đoạn phỏng vấn theo thời gian thực giữa tác giả và người khác, bìa sách đẹp 8/10, chất liệu giấy 7/10, nội dung là các câu chuyện nhỏ dẫn đến những cái kết mơ hồ ko đi về đâu. Tất nhiên rồi trăm người ngàn ý, hay với người thấy hay và ngược lại.
Đóng gói đúng chuẩn đẹp vuông góc., Mình mua đợt dọn kho Nhã Nam đây. Dạo gần đây mình buồn Tiki lắm, toàn để sách trơn vậy đóng gói thôi. Gói nào hàng về cũng móp méo thế này, cái hộp mất hết form luôn hic. Sách mình bị quăn mép khá nhiều, dù gì cũng cầm đọc và bị hư hại thui nhma sách mua mới mà, đâu ai muốn sách mình bị thế này. Hi vọng Tiki xem xét lại cách đóng gói của mình nhé!, Khá thất vọng với khâu vận chuyển của tiki, hàng mình nhận không được bọc chống sốc nên sách đến tay mình bị gập gáy, quyển này gáy sách bị méo hẳn sang một bên nhìn rất khó chịu luôn. Ngoài ra sách còn bám bụi khá nhiều và có nhiều vết trầy xước, Về khoản giao hàng thì tiki đã làm rất tốt, giao hàng siêu nhanh nhưng có một điểm trừ là sách không được bao bọc nên phần gáy sách và các phần góc đã bị móp méo đôi chút.ಥ‿ಥ
Về phần nội dung thì mình thấy nói chung cũng rất hay. Đáng mua lắm nha, Lúc đầu nghĩ là đặt luôn, k đọc phần đánh giá. Đặt xong rồi quay lại đọc thì thấy nhiều đánh giá vận do chuyển không tốt. Có sách thì rách, có sách thì bị méo ở các góc. Thấy rén lắm, sách mà bị lỗi như vậy nhìn đã hết hứng đọc. May sao của mình nó chỉ bị móp 1 tí nhỏ thôi. Hên ghê
nhưng mình mong shop có thể bổ sung ở khâu gói hàng nên dùng cả bọc chống sốc nữa. Khách hàng sẽ yên tâm và tin tưởng hơn là chỉ gói mỗi cái hộp, Đọc tiêu đề, nhiều bạn sẽ ngỡ là sách mang yếu tố khoa học như não bên trái hoạt động ra sao, người dùng nhiều não phải sẽ như thế nào. Nhưng không! Cuốn sách này thuật lại những cuộc trò chuyện của tác giả với các bệnh nhân có bệnh lý thần kinh. Họ có trí tưởng tượng thật phong phú, mà người bình thường phải kinh ngạc. Và có lẽ khi đặt tên sách, người viết cũng chú trọng đến vế thứ 2 ""kẻ điên bên phải""!, Đóng gói kh oke lắm, đáng lẽ nên bọc một lớp ở ngoài cho sách của khách đỡ bị xước rồi va đập này nọ, chính vì vậy nên sách mình nhận về xước và df góc khá nhiều, giao hàng cũng bthg k nhanh kh chậm, trải nghiệm lần đầu trên tiki z là cũng ổn, Hàng giao đúng hạng.
Đống rối nhìn thẩm mỹ nhưng lại không chất chấn cho sách khiến sách bị cong 1 góc.
Tôi mua 1 lần 2 cuốn, cuốn kia thì có bề bao kiến cuốn này thì không là sao nhỉ ?
Dù gì nội dung bên trong cũng không khác gì nhau .
 Cảm ơn shop nhiều., Sách của Cao Minh mình hoàn toàn không có gì để bàn cãi về nội dung của sách. Nhưng lần giao hàng này của Tiki về chất lượng mình thật sự rất thất vọng vì sách không còn đc nguyên vẹn mà bị bẻ mép sách hay nhăn phần bìa., chất giấy dày,có thư cảm ơn,nhưng mà cách gói hàng chán thực sự. có hộp ngoài nhma với mấy hàng như sách thì ít ra phải có 1 2 lớp bọc ngoài chứ,sách mới mua mà đã bị quăn mép,cảm giác bụi bụi nữa. mong lần sau shop gói hàng kĩ hơn, Sách là các mẫu đối thoại khá thú vị giữa tác giả và ""bệnh nhân"" cung cấp nhiều góc nhìn khác nhau và đáng để suy ngẫm, đặc biệt có khá nhiều kiến thức khoa học được cung cấp gây kích thích sự tò mò của người đọc. 

Ban đầu mình k nghĩ lại có kiến thức khoa học trong các cuộc trò chuyện với ""bệnh nhân tâm thần"". 

Nhiều đối thoại đáng để đọc đi đọc lại nhiều lần. 

Đáng tiền để mua nhé., Mình thất vọng về phần đóng gói , shop chỉ lót 2 miếng bìa cứng chứ không bọc xốp chống sốc ,ảnh hưởng thẩm mĩ của sản phẩm. Tuy nhiên bù lại shop giao hàng nhanh , sipper thân thiện dễ thương. Mình hi vọng shop vui vẻ nhận đánh giá của mình và gửi đến khách hàng sau trải nghiệm tốt hơn. Mình cảm ơn .., mình yêu sách, nên việc gói hàng và vận chuyển khiến sách bị lỗi như vậy là không thể chấp nhận, Lần đầu mua của tiki có lớp xốp mỏng phía trên, nhưng không ăn thua ạ :v sách không được bọc màng co hay gì mà để trần nên bìa nhìn hơi cũ và bị xước, chê nhất là bookmark bên trong, nhìn như kiểu mốc luôn rồi ấy. Điểm cộng lớn là hàng được giao qua tikinow, tối đặt sáng hsau đã nhận hàng =)) nhưng chê sách cũ nhé, Giao hàng rất nhanh, sách hay 
Bên trong sách vẫn mới nhưng bị gập gãy bìa nên có dấu làm sách xấu đi rất nhiều, Mình luôn tin tưởng Tiki về khoản mua sách nên sàn T này là sàn quen của mình mỗi khi định mua một cuốn sách nào đó. Tiki luôn giao hàng nhanh, xử lý tốt nhưng về khoản đóng gói luôn khiến mình chê trách. Chả có một cái bọc nào che chắn, bao bọc sách cả chỉ có đúng cho vào hộp là thôi xong. Nhận về thì chỗ này móp chỗ kia méo, lâu lâu có nhiều vết xước (thi thoảng có cả vết răng cắn cơ) nhìn chả khác gì sách cũ cả. Mình mong Tiki cải thiện hơn về vấn đề gói hàng cho người tiêu dùng để có thể đem lại trải nghiệm mua hàng tốt nhất cho người tiêu dùng. Mình cảm ơn., sách về bị móp, ko có bọc bên ngoài, chống sốc cũng ko, bị xước 1 chút. nhưng ko sao mua đc giá tốt với nội dung khá là hay, Sách không được bao bằng bọc các lớp bao cẩn thận, chỉ được gói bằng hộp giấy nên khi giao góc sách bị cong, dập nhăn khá nhiều. Vẫn sẽ ủng hộ shop nhưng nếu vẫn còn tình trạng này mình sẽ vote thấp hơn nữa. Tôn trọng những quyển sách dùm mình. Cảm ơn., Một cuốn sách có nội dung khá ổn cho những bạn mới bắt đầu đọc sách. Các câu chuyện mình chưa thực sự kết nối được với nhân vật để thấy được những câu chuyện trên là thật. Cho nên, mình đọc chỉ thấy nó mang tính giải trí nhưng vẫn có một vài câu chuyện ấn tượng với mình., vx vấn đề cũ vs tiki là sách k có bọc nên dễ bị công và bẩn bìa.Lần này ship lâu gần 2 tuần liền.Ảnh mình chụp dưới đây thì k thấy rõ vết bẩn trên bìa lắm mn phải nhìn ở ngoài ms rõ đc, Theo mình thấy thì sách có vẻ là để lâu bị bụi , shop đóng gói hàng không có tâm để có mấy quyển sách vào hộp không đóng gói đàng hoàng làm cho bị gẫy góc của sách , nói chung là mình không hài lòng với sop, Mọi người đánh giá thì em thấy ổn. Nhưng đến cuốn này em thấy có 1 số lỗi khi mới xem sơ bên ngoài, Sách rất tốt chỉ là mình chưa lĩnh ngộ được sự thâm thúy của tác giả, đọc xong 4 mẩu truyện ngắn trong đó mà chưa biết tác giả đang gửi thông điệp gì tới cho đọc giả. Mình có lẽ nên tìm hiểu kỹ càng hơn., shop đóng gói hàng chưa kĩ làm cho sách bị móp và nhăn hết và trang đầu thì bị gập lại như có ai sài rồi mong shop lần sau đóng gói hàng cẩn thận, Mình mới đọc được một ít thì có nhận xét như sau, truyện là tuyển tập các câu chuyện giữa bác sỹ và các bệnh nhân tâm thần. trong những mẩu truyện đó, có những điều làm ta suy nghĩ, có những chuyện chắc sâu xa quá, mình đọc chán bỏ qua đọc sang chương tiếp theo, Nội dung thì khỏi nói vì nó quá đỉnh nhưng mà sách khi giao về thì bị dập gáy và cả bìa sách. Người nào yêu sách nhìn vào thì sót thật sự., 22/01/2022.
📖Thiên tài bên trái - Kẻ điên bên phải. 
Cao Minh. 
🔸Goethe từng nói: ""Chân lý thuộc về con người, sai lầm thuộc về thời đại"".
Là sao? 
Những thứ mọi người cho là đúng, có thể một tương lai xa, hoặc không xa (nay mai) đã lại là không đúng. 
🔸""Vấn đề không phải anh nghĩ quá nhiều hay người khác nghĩ quá ít, mà là những điều chúng ta biết quá nhiều. Nếu bắt buộc phải dùng từ ""nô dịch"", vậy chúng ta đều bị những điều chưa biết nô dịch, cho đến một ngày chúng ta có thể nhìn rõ tất cả sự vật, sự việc xung quanh."" 
Có ngày đó không? 
Thật ra không có! Những câu hỏi khi đào sâu lại nảy sinh thêm một câu hỏi khác, phân nhánh ra hàng trăm nghìn câu hỏi. 
🔸""Đạo lý thật ra không phức tạp, thử nghĩ xem, Đạo giáo nói linh hoạt, Phật giáo nói tự nhiên, Tâm học nói tri hành hợp nhất, kỳ thực tất cả cùng biểu đạt một ý nghĩa ứng dụng. 
Nguyên nhân khiến người giỏi khác với người nghĩ suông là ở tính ứng dụng.
🔸""Đối diện với những điều chưa biết không cần sợ hãi, phải học cách tôn trọng sự tồn tại của chúng. Đó chính là tôn trọng sự tồn tại của bản thân""., Sách khá hay nhưng hơi hại não xíu 😄😄 nếu bạn tìm đọc một thứ gì đó độc đáo, kiến thức mới lạ thì chọn quyển này, nếu bạn tìm sách để thư giãn, giải trí thì quyển này không dành cho bạn. Tâm lý phải vững mới đọc được nhen ^^, Mình khá buồn về cách gói hàng của Tiki, không biết là do gần Tết nên việc đóng gói và vận chuyển ko còn cẩn thận được như trước. Hầu hết các đầu, góc sách mình mua đều bị lỗi va đập và để lại vết ko đẹp. Tiki cũng ko bọc màng chống sốc hay gì đó vào mà chỉ để vài cuốn sách trong cái hộp vậy thôi. Từ Nam ra Bắc nên sách cũng bị ảnh hưởng ít nhiều. Mong Tiki chú ý hơn để khách hàng sau có những trải nghiệm tốt hơn khi sử dụng dịch vụ. Mình cảm ơn!, Lúc mua hàng về sách không được bọ trong bookcare nên sách rất bụi phần giấy mép cũng bị bẩn sách bị cong. Rất buồn về cách bảo quản sách của shop, Mình không ấn tượng nhiều về nội dung cuốn sách lắm, đôi khi cũng khá bất ngờ về những câu chuyện trong sách nhưng không chắn chắc và tin lắm., Sách hơi dơ một xíu xiu nhưng cũng ổn lắm ạ, gioa hàng siêu nhanh, mới đặt tối hôm qua sáng nay đã giao rồi ạ🫶, đơn hàng không được bao gì để chống sốc, sách bị xước vệt trắng khá nhiều., Tôi không nghỉ rằng shop chính chủ của tiki lại có thể gói hàng như thế. Món hàng là sách mà chủ shop chủ gói qua loa, à không nói đúng là chỉ bỏ sách vào hộp. Khi hàng đến tay tôi, do trời mưa nên hộp gần như rã ra sách thì bị trầy. Các shop khác có thể bỏ qua đối với người dễ chịu, còn đây là shop của tiki làm như thế thật không thể chấp nhận được., Mình chỉ vừa mới đọc được nửa cuốn, nói thật nó thật nhức đầu, lí do bởi mình đã quá cố gắng hiểu những lí thuyết mà những ng được coi là bệnh nhân tâm thần nhắc đến, quả thực nó cao siêu quá. Cuốn sách này cũng không phải guu của mình, nhưng cũng phải cảm ơn rằng nhờ cuốn sách này mình biết một sự thật rằng, có những ng bệnh nhận chưa chắc  đã là tâm thần, mà nhiều khi là thế giới của họ to lớn hơn, siêu việt hơn mà chúng ta, những con ng bình thường chưa lí giải được. Nói chứ mình vẫn sẽ tiếp tục đọc cho hết ..., Nội dung không phù hợp với những người đang yêu đời đắm say
Những thằng chán đời
Phụ nữ mang thai và cho con bú 
Mới đọc sơ lượt từ đầu tới cuối được 5 phút
Dở :)), Sách ok nhưng nội dung nhức đầu quá. Cũng tùy vào mỗi người nhưng thấy các câu chuyện cứ ngăn ngắn và mình không tin nó là sự thật. Rất khó để hình dung, phải đặt vào thế giới quan của người điên mới thấy thú vị nhưng mình không làm được., Mình đánh giá khá cao về shop, chất lượng sách tốt, rất đáng mua nhưng điều khiến mình ko hài lòng là shop đóng gói hàng quá sơ sài, làm tổn hại đến mặt hàng vì mình khá là kĩ tính nên mình muốn cân nhắc đến shop, Đóng gói ko cẩn thận dẫn đến việc bị trầy xước và gãy mép sách, nhìn xót lắm á 🥲. Mong shop có thể cải thiện chất lượng đóng gói để tránh xảy ra những tình trạng đáng tiếc này, sách giao nhanh, hơi bụi, không thấy seal sách và sách còn bị lỗi như hình, phần gáy đóng nhìn rất ẩu và xấu. Hơi thất vọng vì mua 5 quyển có 2 quyển bị như vậy.(chỉ có 1 quyển có seal), nhăn, quyển sách đâu đâu cũng thấy xước, gói hàng rất rất không kĩ, giao hàng nhanh quó 😳 có điều là bìa sách hơi hơi trầy. Do lần đầu mua sách nên mình khum bt đây là vết gì... nhưng mà vẫn oke, sách đẹp, giao nhanh, sách bị trầy, không seal, thật sự nhận hàng bị hụt hẫng vì hình thức nhưng suy cho cùng thì đọc sách vì nội dung nhỉ? Đối với ai muốn trưng bày thì có lẽ nên đi đến nhà sách mua nha, sách có bị dơ ở góc một chút nhưng nhìn chung vẫn ổn. Mình đặt gói quà, nhưng lúc giao lại bị thiếu mất thiệp mừng rồi..., sách không có seal, cũng không có bọc chống sốc nên trong quá trình vận chuyển bị cong veo nhưng mà giá rẻ nên cũng ok ạ., Sách rất hay, đọc xong khiến mình ""mở rộng tầm mắt"" theo đúng nghĩa đen, tuy nhiên, mình chưa hài lòng về việc đóng hộp, lúc mình nhận được hàng thì hộp đựng sách nhìn tả tơi (mình mua và nhận 7-8 cuốn một lúc), rách chỗ này chỗ kia, gây ảnh hưởng đến chất lượng sách bên trong, đề nghị tiki nên cẩn thận hơn ở khâu này!, Sách hay lắm, mở rộng nhận thức khá nhiều. Khi ship về ko có bọc ngoài sách nên bìa có nhiều vết lỗi và hằn. Vận chuyển tuy nhanh nhưng lại khiến sách bị nhiều chỗ gập trông hơi xấu tí., 
Tiêu cực: Săn sale giá khá hời nhưng nhận được hàng quá thất vọng, seal kiểu tự bỏ vào bọc rồi dán keo lại, sách nhìn cũ như đã qua sử dụng chứ k phải sách mới. Tiền nào của nấy thật sự, thà ban đầu ghi sách đã qua sử dụng cho đỡ kỳ vọng., hộp thì nát bét, rách tùm lum. sách bên trong thì muốn rớt ra ngoài. giao hàng thì gần cả tháng. 3 cuốn mình đặt thì cuốn này là tệ nhất. chưa tính là quăng xuống đất hay giẫm lên. bên trong có cả cát. Ức chết chả chịu nổi, mình không biết miếng giấy mỏng manh thành một nùi như vậy để trên cùng có chức năng gì trong việc bảo vệ sách bên trong :) rất thất vọng về cách gói hàng, ngoài ra mình mua 4 quyển nhưng ""Một tháng ta rực rỡ nhân gian"" và ""Thư viện nửa đêm"" không có bọc bảo vệ, cứ như hàng trưng bày, rồi vì tụi mình săn sale nên mới được bán cho như vậy...,bìa trầy và bẩn., mình đã mua vài đơn hàng trên tiki rồi,mọi thứ đề ổn,nhưng khi nhận đơn hàng này mình thật sự rất thất vọng.hàng thì về nhanh đấy:v nhưng sách bên trong thì ko ổn,bụi bẩn,truyện nát gáy...nói chung là sách ko ổn:v cho 2 sao vì giao hàng nhanh thôi,như ***, bụi bặm trên sách nhiều, cái này nó bám trên bìa sách không phải do vc mà trong kho lâu ngày, gáy sách bị gãy, các trang sách cong hình lượn sóng luôn
kiểu chữ +khoảng cách dòng như này thì hơi rối
thất vọng!!!!, chất lượng sách ổn, nội dung không táo bạo như mình nghĩ nhưng nhìn chung cũng ổn và khá thú vị.

nhưng bìa sách tiki giao mình nhìn bị cũ í, cảm thấy ko vui mỗi khi nhìn bìa, Tôi rất ghét sách bị cong hay bị lỗi ở góc nên với tôi ấy đóng gói háng khá ẩu , hộp ngoài bị móp nặng , sách bên trong cũng lỗi ở góc, thật sự là mình không đánh giá cao quyển này. đọc sách mà mình cảm giác như đang đọc mấy bài viết trên weibo, không đọng lại được gì cả. cuốn sách này chỉ ghi chép lại cuộc đối thoại giữa tác giả và các bệnh nhân tâm thần thôi, đọc xong không rút ra được gì hết, cảm thấy hơi phí thời gian., Sách bị móp nhiều chỗ, bìa sướt nhiều, gãy bản lề sách. Mình mua để tặng quà mà sách nhìn như sách cũ đã qua sử dụng, hơi thất vọng. Liệu mình có thể đổi mới?, nhận sách xong chán k tả đc??? thực sự luôn đấy tiki ạ? mở hộp ra quyển sách k khác nào để 7 tỷ năm r đem bán cho khách luôn??? nhìn quyển sách xem có chấp nhận được k ạ? k có seal thì thôi đi lại còn bẩn bẩn trầy cả cạnh sách ra. hơn 100k đấy có ít gì đâu? giá này thà tìm mua lại trên gr của mấy bạn sưu tầm sách có khi còn oke hơn đấy :)) ngta k bỏ hơn 100k ra chỉ để mua quyển sách về đọc xong vứt đâu thì vứt đâu, giao hàng nhanh, gói hàng lỏng lẻo, sơ sài ko có túi chống sốc bỉ bỏ mỗi thùng giấy, hộp bị hở móp méo, sách cong khá nhìu,bị bụi, Gói hàng quá tệ, dịch vụ giao hàng cũng quá tệ. Gói hàng rất ẩu, sách mua bản bìa cứng cho đẹp thì về đến nơi bị gãy gáy sách. Gói hàng không hề tôn trọng khách hàng, gói vỏn vẹn trong hộp giấy. Tôi là một người nâng niu sách và rất thường giữ sách, nhưng chất lượng gói hàng của tiki luôn làm tôi thất vọng.
Chất lượng của sách rất tốt, đáng mua. Nhưng nếu có mua thì ai đọc đánh giá này thì xin hãy né bên này ra, đừng mua bên tiki. Mua bên sàn S ít ra gói đàng hoàng hơn. Hoặc mua qua tài khoản của shop luôn chứ đừng mua qua ""Tiki Trading"" vì không có chức năng chat + khó đổi trả. Rất thất vọng.

TIKI MÀ KHÔNG SỬA LỖI NÀY THÌ SẼ KHÔNG TRỤ ĐƯỢC LÂU ĐÂU Ạ, MONG CÔNG TY ĐIỀU CHỈNH LẠI CÁCH LÀM VIỆC, huhu sót quá tr ơi, shop ko bọc chống sốc gì hết, sách móp hế trơn, nhờ bạn nhận dùm mà nó còn sót dùm mình ấy, hi vọng shop gói hàng kĩ hơn, sách nhìn cũng cũ vs dơ nữa huhu, Tôi đặt có bookmark mà khi giao đến thì không có :) sách thì bị móp mó còn bì trầy :) bây giờ tôi muốn liên hệ để đổi hàng. Mong bên Tiki sớm phản hồi lại, ui, trước mình mua trên *** bị sách xấu 1 lần , cứ tưởng mua trên tiki sách sẽ đẹp , ai ngờ đóng gói k cẩn thận tí nào, nhăn nhiều chỗ viền sách bên trên, bìa sách cũng bị xước nhiều song lại còn bụi bụi bẩn bẩn nữa chứ. thà mua trên shoppe còn đẹp hơn., Vận chuyển sách hay vận chuyển một đống rác cho khách hàng vậy, Tiki? 
Mình rất hay đặt mua sách trên Tiki vì tin tưởng vào chất lượng đóng gói và giao hàng bên đây. Bản thân mình cũng không quan trọng nhiều đến bìa cuốn sách ra sao, nhưng mình xót sách vì nó không được bảo vệ cẩn thận cho đến khi mình được cầm vào nó. 
Lần đầu tiên mình đánh giá 1 sao vì dịch vụ đóng gói - vận chuyển bên Tiki và cũng mong đây sẽ là lần cuối cùng., Gói hàng quá thất vọng,gói cho có lệ,ko có bao bọc hay có gì bao quanh sách để tránh trường hợp sốc khi vận chuyển,bỏ nguyên quyển sách vô,dính cái j màu đỏ nữa., Sản phẩm đóng gói sơ xài, đưa đến mình là đã cong mép sách rồi. Hàng mua để tặng mà như vậy rồi thì làm sao, Tôi nhận không đúng sản phẩm . Mà tiki giải quyết bảo là không có . Từ nay sẽ không mua bất cứ hàng gì của tiki cả. Làm ăn như vậy thì chịu r, Shop gói hàng đơn sơ sách bị trầy mặt khá nhiều, không chống sốc làm góc sách bị gãy :(( đau lòng, hàng thì đợi tận 2 tuần mới giao tới, hộp đựng thì móp méo, hư, sách thì cong gáy và bìa, Đây là lần thứ n tôi mua sách ở tiki , nhưng mỗi lần mua đều thất vọng vì cách đóng gói của Tiki quá tệ , đã v ko có màng bọc , rách hộp mảng lớn , sách bị móp , tôi bỏ tiền ra là để mua những cuốn sách nguyên vẹn, tiền chứ có phải lá đâu :))))) Tiki làm ăn thất trách quá ., bên vận chuyển chán quá, cầm quyển sách mà bụi và bị dập chỗ phần mép. rất thất vọng. chắc do hàng tồn lâu ngày và mình cg nhọ nữa, mình rất thất vọng về mảng đóng gói và vận chuyển sách ở tiki trading, bìa sách bám bụi bẩn và gáy sách thì móp hết trơn, lúc nhận hàng thì hộp đựng bị méo đến nỗi không còn hứng thú unbox. Phần nội dung thì các bạn nên cân nhắc kĩ vì mỗi câu chuyện không thật sự thuyết phục lắm, chỉ phù hợp để đăng blog hoặc đọc vui trên mạng thôi (눈‸눈), Không biết shop giao hàng cho mình kiểu gì mà nhận đc quyển sách bẩn thực sự, nhìn ảnh có thể thấy. Khi nhận cầm quyển sách thì toàn mùi nước mắm ám cả vào tay ạ @@ khó hiểu thực sự, "
109505434,"## Tóm tắt feedback về sách ""Bạn Không Thông Minh Lắm Đâu"":

**Phần tích cực:**

* **Nội dung:**
    * Sách mở ra những kiến thức tâm lý thực tế, giúp người đọc hiểu bản thân và người khác tốt hơn.
    * Cách viết dễ hiểu, logic, với nhiều ví dụ minh họa.
    *  Nội dung mới lạ, giúp thay đổi suy nghĩ cũ và định kiến.
    *  Có thể ứng dụng cho quản lý nhân sự và kinh doanh.
* **Thiết kế:**
    *  Bìa sách đẹp, ấn tượng, gây tò mò cho người đọc.
    *  Tên sách độc đáo, ấn tượng.
    *  Chất lượng giấy tốt, in đẹp.
* **Giao hàng:**
    * Tiki giao hàng nhanh chóng, đúng hẹn.
    *  Đóng gói cẩn thận, sách không bị hư hại. 
    *  Hài lòng với chất lượng sách và dịch vụ của Tiki.

**Phần trung lập:**

*  Sách có nhiều từ ngữ chuyên ngành, có thể gây khó hiểu cho người đọc.
*  Sách dày, nhiều chữ, nên cần thời gian để đọc kỹ.
*  Giá bán trên Tiki cao hơn so với giá in trên bìa sách.
*  Một số người nhận xét tác giả sách không nổi tiếng, nội dung giống như tổng hợp thông tin.

**Phần tiêu cực:**

*  Một số người nhận xét Tiki đóng gói sách không cẩn thận, khiến sách bị móp góc, trầy xước.
*  Sách không được bọc seal, có bụi, nhìn như sách cũ.
*  Tiki giao hàng chậm hơn dự kiến.
*  Giá bán trên Tiki cao hơn so với giá combo 2 quyển của tác giả.

**Tổng kết:**

""Bạn Không Thông Minh Lắm Đâu"" là cuốn sách nhận được nhiều phản hồi tích cực về nội dung và thiết kế. Tuy nhiên, một số người đánh giá thấp về cách đóng gói của Tiki và giá bán trên Tiki. 
","Tích cực: ""Phát triển từ trang blog nổi tiếng của David McRaney, Bạn Không Thông Minh Lắm Đầu gợi mở cho bạn thấy nguồn gốc cho mọi quyết định, suy nghĩ, cảm xúc hóa ra lại đến từ nơi mà chẳng ai ngờ tới. Những bộ óc đã qua hàng triệu năm tiến hóa của con người đã thực hiện thành công một nhiệm vụ duy nhất: Bịa ra những câu chuyện, giả vờ là chúng ta đủ thông minh để hiểu hết mọi việc. Bạn sẽ được làm quen với những ""công cụ"" mà bộ não sử dụng, như Sự bất lực tự luyện, Sự bán rẻ, hay Áo giác về sự minh bạch,... Cuốn sách giống như một tuyển tập những bài giảng Tâm lý học, với tất cả những phần nhám chán đã được lược đi."", Mình đã để sách trong giỏ hàng khá lâu để tìm hiểu review. Lúc mua về đọc thì đúng là rất ưng.
Nội dung sách là những kiến thức về tâm lý tuy có vẻ hàn lâm nhưng rất thực tế mà ai cũng nên biết. Mình có thể nhìn thẳng đc nội tâm, thành thật với chính mình hơn, xa hơn cũng là để hiểu mình hiểu người. Các kiến thức có thể ứng dụng được cho quản lý nhân sự hoặc kinh doanh nữa.

Sách có nhiều từ ngữ chuyên ngành, cách trình bày khá học thuật nên cũng sẽ khá rối não, nên nghiên cứu kĩ, Không chỉ thiết kế bìa đẹp, rất ấn tượng đối với mình mà nội dung bên trong cũng rất chất lượng không kém. Có đưa ra ví dụ dễ hiểu, trích dẫn các nghiên cứu khoa học. Tên sách cũng khá gợi đòn =)). Gây cho mình sự tò mò, sao nó ""chửi"" mình ""***"". Thế là mình xem review sơ sơ rồi mua luôn. Và đã đọc qua 30 trang đầu, thì nhìn nhận lại bản thân mình thì đúng thật có nhiều lúc mình xử lý, nhìn nhận một vấn đề gì đó đôi lúc cũng 1 chiều, và phiến diện. Cho rằng mình luôn đúng và phủ nhận, đánh giá quan điểm của người khác một cách vội vàng, mà chưa kịp phân tích vấn đề một cách logic và khách quan nhất., Mua sách trên tiki thì khỏi bàn về chất lượng giấy với thời gian dự kiến giao nha, sách đc bọc bằng bọc chống sốc nên cũng đỡ trầy xước sách nè, Cho dù bạn có đang chọn mua smartphone hay đang quyết định xem nên tin theo chính trị gia nào, thì bạn cũng luôn tự cho mình là một cá thể đầy lý trí. Tất cả mọi suy nghĩ, hành động của bạn đều dựa trên những luận điểm, luận cứ rõ ràng, logic và trung lập. Nhưng đây mới là thực tế này: Bạn – Không – Thông – Minh - Lắm - Đâu. Bạn cũng chỉ là một kẻ hay tự dối mình như tất cả những người khác - nhưng đừng lo, bởi ảo tưởng là một phần của bản chất của con người., Mình đọc cuốn này một lần rồi mà chuyển nhà ko biết thất lạc đâu, nay mua lại, để lại chút review cho mọi người nhé!
- Nội dung hay, cực mới, giúp mình thay đổi được những định kiến, suy nghĩ cũ, lệch lạc
- Bố cục rất thông minh, dễ theo dõi 
- Tuy hơi dày và nhiều chữ nhưng đọc rất cuốn
- Bìa đẹp khỏi bàn, tên sách còn được in nổi
Nói chung dù mua và đọc lần 2 rồi nhưng vẫn chấm sách 4/5 nhé ❤️❤️❤️, Giao nhanh 2h. 
Đúng mẫu đặt, đóng gói còn sơ sài vì giao thời điểm mua nhưng cũng may shipper kĩ bọc bảo vệ sản phẩm tốt nên hộp giấy không bị ướt. Vì lần trước đặt sách cũng giao lúc mưa mà nhận thùng lẫn sách ướt hết., Sách in đẹp, đc bọc kỹ càng cẩn thận nên không bị quăn. Bìa sách khá ấn tượng, mình mới lướt lướt qua vài trang nên chưa thể review về nội dung sách., Giá trên bìa sách có 139k mà Tiki dám để giá gốc là 278k xong giảm mấy chục % còn 99k, ảo ghê :)) thôi dù gì cũng mua đc rẻ hơn chút so với mua trong nhà sách nên tạm chấp nhận đc. Sách mới, dày cuộm, đóng gói kĩ càng, 5 sao 😂, “Tôi đang đứng ở đây 
Vì bạn.”

Khi yêu thương ai đó 
Món quà tuyệt vời nhất ta có thể dành tặng họ
Chính là sự tồn tại của chính bản thân ta.
—————
“Không phải chỉ khi làm tốt những điều thế gian đòi hỏi

Bạn mới là người có giá trị,

Mà chỉ cần bạn tồn tại thôi, điều đó cũng đủ khiến bạn quan trọng và đáng được yêu thương rồi.”

YÊU NHỮNG ĐIỀU KHÔNG HOÀN HẢO, Tôi thấy quyển sách này khá thú vị, cách trình bày khá rành mạch, nội dung chủ yếu về những lỗi sai logic của bộ não. Từ đó giúp nâng cao được khả năng tư duy lý luận 😊, bộ sách rất hay, giáo hàng nhanh bọc chắn chắn lần sau sẽ ủng hộ nhiều hơn ( ảnh mang tính chất tạm thời ), Nội dung+ bìa rất hấp dẫn màu sắc in ấn rõ nét tiki giao hàng rất nhanh, sách đẹp và bọc cũng khá kĩ ạ về phần hình thức thì khá đáng mua còn nội dung thì mình chưa rõ nhưng review của quyển này khá ổn ý nên muaa, tiki giao hàng siêu nhanh, đănt buổi sáng mà chiều shipper đã gọi giao rồi, mình chọn giao hàng bình thường thôi, Sách đẹp nhưng hơi trầy một xíu mà giá này thì ok lắm rồi nha mọi người, còn có cả bookmark nữa nên là 5 sao luôn., Sách đẹp, mới, ko bị trầy xát. Bạn nào thích rèn luyện critical thinking rất highly recommend quyển này, Giao hàng siêu nhanh. Sách mới, bìa đẹp, giấy tốt. Giọng văn hóm hỉnh, thú vị., Sách đẹp, đóng gói rất cẩn thận, giá hợp lí, Bìa đẹp, rất oke, 10đ✋🏻🤚🏻, Một cuốn sách hay, giao nhanh, sách đẹp, mua hàng ở tiki luôn yên tâm về chất lượng, đầu tư cho tri thức luôn là khoản đầu tư đúng đắn. Luôn ủng hộ tiki, Bộ Thông tin & Truyền thông tuyển dụng công chức 2022: Chỉ yêu cầu bằng Luật...nhưng tốt nghiệp loại xuất sắc
🔥🔥🔥, Rất hay giao rất nhanh tốt :D, Về đóng gói bao bì thì không chê được rất tốt ạ, thấy độ của anh shipper rất hoà nhã. Sách nguyên vẹn 10 điểm nha, Mình vừa mua “hai anh em” quyển này. Nhiều người bảo nó cần thiết cho người làm Mar-Com hoặc đơn giản là đọc để tu bổ bản thân ^^
Mình chưa đọc nhưng nhiều review tốt lắm nên chắc sẽ hay, Nội dung sáh mới lạ, thú vị, đọc cũng vui vui, Bìa đẹp, giấy và chữ in đẹp, sáng. Nội dung rất hay, đọc xong mình ngộ ra dc nhiều điều mà bấy lâu nay mù mờ, giao nhanh gần ngày là về nhưng đóng gói chán quá:))), sách hơi bị móp, Hàng ổn đóng được
Giá tiền tương xứng đáng bỏ ra
Có thể tiếp tục ủng hộ, Sách hay, chỉ ra những điểm mù trong tâm lý con người. Nhiều điều mà mọi người vẫn ngộ nhận thực ra lại rất không đúng, Không thấy có bao bọc sách nhưng lần 1 gioa cho mình bị hư hỏng và mình đã được đổi trả lị 1 cuốn khác, Sách giao lâu hơn dự kiến, so với lúc trước thì bây giờ tiki giao có vẻ hơi lâu hơn. Chỉ mới đọc mở đầu và khá thích, mình muốn mua lâu rồi nhưng giờ mới mua được., hàng giao nhanh hàng đẹp rất chất lượng chưa đọc nên ch bt, Chất lượng sách rất tốt,đóng gói và vận chuyển cẩn thận,ko hư hại j, có điều chắc do sách hot quá nên sớm cháy hàng. Sách có mùi khá là thơm, sách đẹp và hay, giao hàng rất nhanh, Ok sách hay, giao nhanh, giá trị..., Tiki đóng gói rất cẩn thận. Sách đẹp, nội dung khá hay, ko, sách bị cong, cuốn này được review nhìu nên mua về đọc thử, Sách đóng gói kĩ càng, bìa đẹp vì chưa đọc hết nên chưa thể đánh giá nội dung ở bên trong, Sách mới, thơm, giao hàng nhanh, Sách có bọc, bìa hơi rối mặc dù thích màu xanh hơn màu cam của quyển “Bạn đỡ *** ngơ” =)))))), Gói hàng bằng giấy bìa cứng nhìn có vẻ chắc chắn nhưng sách vẫn bị móp ở đầu sách 1 chút (chắc do không có book care), Cuốn này đọc khá là dễ hiểu nhà mọi người, giao hàng nhanh, Cuốn sách khá hay giải thích cặn kẻ về tâm lý , nguyên nhân dẫn đến hành vi của con người. Nhưng mà nhiều quá không nhớ hết nổi chắc phải đọc lại vài lần nữa., bìa sách đẹp, thu hút, Giao hàng nhanh,đóng gói cẩn thận.còn được tặng kèm bookmark, Khá ưng ý vì k nghĩ ở ngoài sách đeppp quá trời, Shop đóng gói cẩn thận, sách giao đến còn rất nguyên vẹn, giao hàng nhanh, shiper thân thiện. Sẽ tiếp tục ủng hộ shop, Sách hay và ý nghĩa, được bao bọc cẩn thẩn, chữ rõ nét và dễ đọc; nói chung là rất hài lòng, Giao rất nhanh, nhiệt tình. Good job, Sách dỳa giấy ưng nhưng gáy vẫn bị gấp nhẹ nha, mong shop lần sau gói kĩ hơn, Sách bổ ích lắm luôn, mua quyển 1 xong mới thấy shop bán combo 2 quyển có 170 :(((, Giao hàng nhanh.
Đóng gói tạm.
Sách bị móp cạnh., Sách rất đẹp. Cảm ơn Tiki ❤, Mình rất vui vì đây là món quà tặng cho con mình! Tiki giao rất nhanh vượt kế hoạch! 
Sách đúng chuẩn, Sách đẹp nội dung hay cho những bạn mới bắt đầu tìm hiểu về tâm lí, Sách rất hay, sách đóng gói cẩn thận, giao hàng đúng hẹn, rất hài lòng ♥️, cuốn này hay lắm, rất cuốn làm cho ta hiểu được bản thân mình là ai có thực sự thông minh nói chung là cuốn này đáng đọc lắm, sách hay lắm mợi người :>> nên mua để đọc nhá đóng gói tốt :333 tiki nay đã lớn rồi, Mới đọc vài chương đầu tiên thấy gấc là hay lun., rất tin tưởng tốc độ giao hàng của tiki, Cuốn này được nghe đến khá nhiều trước đây nhưng chưa có dịp được đọc. Lướt qua thấy khá thú vị, Sách hay. Buồn vì ko được bọc seal nên nhìn hơi bẩn, may vẫn có bookmark, Cuốn này tui cũng đọc review và đọc sơ trang bìa rồi mua nên chắc chắn nó hay đối với tui rồi., nội dung sách tạm được, không hay bằng cuốn bạn nghĩ bạn thông minh, Sách Bạn không thông mình lắm đâu. Đóng gói cần thận hàng ok, Đóng gói cẩn thận giao hàng nhanh, cảm ơn shop, Sách hay nội dung thú vị,có tí rối não, Giao Hàng Nhanh đóng gói cẩn thận, hàng giao nhanh không bị trầy nhưng mà không có miếng chống xốc nên sách mình uốn lượn như sóng biển z á 💧🥰, Bìa đẹp, chất lượng giấy tốt mình khá ấn tượng với ẻm, Sách bìa đẹp, nội dung khá ổn. Phù hợp cho bạn nào muốn biết về critical thinking. Giao hàng hơi lâu, giao hàng nhanh chóng. Shop phục vụ tận tình, chu đáo. Thích nhất là được tăng kèm thêm bookmark, sách đẹp, không bị méo mó, giao hàng nhanh, Giao hàng nhanh, gọn, hôm qua đặt hôm nay đã có hàng, sp tốt chất lượng, rất đáng tiền mua., bìa đẹp, chưa đọc nhưng thấy nội dung có vẻ hấp dẫn, Đọc này giúp cho bản thân có thêm kiến thức mới mà trước giờ chưa biết vậy nên rất bổ ích, sách hay lắm luôn,bao bì đẹp giao nhanh đóng gói kĩ, Sách đẹp, chất giấy mịn. giao hàng lâu, đóng gói chắc chắn, giao hàng tốc độ dã mann, nói chung là ưng lắm cả nhà ơiii, Sách hay\(ϋ)/♩, Sách rất hay và ý nghĩa, thời gian giao hàng rất nhanh và đóng gói rất cẩn thận, sách giao không bị móp, đẹp lắm luôn. Giao nhanh nữa., Bao bì cẩn thận, sách còn nguyên vẹn
Có lớp bao nilong bên ngoài, sách hay, đc đóng gói cẩn thận, giao hàng nhanh, sách đẹp, đóng gói cẩn thận, ship nhiệt tình ncl nên mua, rất đáng giá tiền, Sách đẹp,  mùi giấy thơm, rất đáng tiền, Đóng gói siêu cẩn thận. Giao nhanh.
Nội dung sách thiết thực, Đóng gói hơi sơ sài, nhưng giao hàng rất nhanh, mới đặt hôm qua nay đã có hàng rồi, Giải thích nhiều tình huống thực tiễn trong cuộc sống, giao nhanh đúng sản phẩm rất hài lòng, Siêu nhanh,đóng gói cẩn thận., Giao cực kì nhanh, đóng gói cẩn thận, shipper thân thiện, shop đóng gói cẩn thận. sách nội dung hay, có ví dụ dễ hiểu cho từng phần, Sách hay và đáng đọc, mình chưa đọc sách, nhưng đánh giá gói cẩn thận ạ, Sách hay, thú vị, đáng để đọc....., sách được đóng gói cẩn thận; nói chung là ưng ý lắm luôn, Sách ko bị gãy góc, vẫn còn mới nguyên vẹn, 
Trung lập: Sách bị gãy nhẹ ở gáy, dính keo và bị xước bề mặt. Đóng góp chỉ có 1 lớp duy nhất nên mình nghĩ không đủ bảo vệ, và chừa khoảng trống phía trong bao nhiều nên sẽ có sự xây xát., Sách thiên về tâm lý học, về các bài nghiên cứu chứng minh những các nghĩ, thiên kiến của con người, lý do hoặc xu hướng bạn suy nghĩ ban hành động. Dành cho ai đang muốn tìm hiểu về lĩnh vực này.
Còn sai chính tả trang 165 😆, Đặt 5 cuốn sách từ tiki trading thì 4 cuốn bị gãy góc nặng. Hộp giao dơ và móm méo. Mua tiki trading nhiều lần tin tưởng nhưng lần này khá là thất vọng., Giao hàng nhanh
Lần giao hàng này thấy sách không được gói cẩn thận như mọi khi 
Sách có 1 vài chỗ bị xước, dính keo, sách không được mới 100%, Nội dung hấp dẫn nhưng đóng gói còn xơ xài sách kh có seal. Tình trạng sách như hình, Mua sách trên đây cũng 2 3 lần r mà thực là k có bao chống sốc, sách bị hư hết. Mình đang đọc, đọc xong sẽ sửa., Phải công nhận là Sách Tiki giao khá là chất lượng mà giá cả lại hợp lý nữa, mình đặt Sách hôm trước thì hôm nay mình đã nhận được rồi.
Cảm ơn Tiki, nhờ có Tiki mà mình có nhiều Sách hay để đọc, Giao hàng đúng thời gian dự kiến nhưng Tiki gói hàng không kỹ, không có chống sốc, sách bị móp các góc làm mình khá buồn, sách cũng không có seal. Nội dung thì rất hay, rất đáng đọc., Dù không được gói bằng gì nhưng may sao sách vẫn không bị hư, chỉ hơi dơ, thấy mng mua sách còn seal nên cũng háo hức tới lượt mình thì ko có seal ạ 🥲🥲 chưa đọc nên chưa biết hay ko nhưng khá thích nội dung của sách, Sách đẹp tuy nhiên trải nghiệm đặt sách trên Tiki không còn nhanh như trước, từ ngày đặt đến ngày dự kiến giao hành là 9 ngày tuy nhiên đơn hàng bị delay thêm 3 ngày., Sách bị móp góc do gói hàng không cẩn thận từ shop
Mà hình như mình kh phải người đầu tiên phản ánh việc gói sách bất cẩn của shop đúng kh =))))?, Bình thường. Tác giả sách khá vô danh, kiểu như tổng hợp thông tin. 
Được cái sách giá tốt, 40k. Chất lượng in ấn tốt., Sách chỉ được nhét vào hộp chứ không có bọc gì hết nên bị bám bẩn vào bìa, thấy ghi tặng bookmark mà mở ra cũng ko thấy, Sách đẹp lắm, màu in đẹp. Gói hàng kỹ. Shipper dễ thương. 
Mà có cái tiki xử lý đơn hàng lâu quá, đợi gần 3 tuần mới nhận được sách 😓😓😓😓, Chưa đọc hết nhưng đọc mấy trang đầu thấy hơi khó hiểu giao nhanh sách đẹp không bị nhăn goai hàng sơ sài, Mở hộp ra sốc thật sự,  ko thấy sách có seal hay bọc chống sóc j hết :)). Nhưng vì sách còn mới và đẹp nên cx hài lòng, Đặt hộ nên không biết chất lượng thế nào, hình ảnh mang tính chất nhận xu, sách đóng gói bị gãy góc, mất góc :(((, Sách đẹp,hay nhưng mình không nhận được bookmark ạ, Nhìn chán quá chán, thề là bìa sách nó bị vậy khó chịu *** ra, Sách giao nhanh lắm nma k có bọc bảo vệ sách ;-;, Nội dung sách rất hay nhưng ở phần gói hàng không có bookcare, gói hàng rất sơ sài, Sản phẩm hơi dơ 1 ít nhưng vẫn tạm giam ổn, vận chuyển lâu muộn 1 ngày số với dự kiến., Giao nhanh, bọc sách nhìn cũ cũ vs bụi.
Chưa đọc nội dung nên chua biết sao, mà quyển này thơm lém, giao nhanh nhưng vẫn bị lỗi 1 số chỗ nhưng cũng ok, chữ bị mờ. có chữ bị mất luôn. sách lỗi quá nhiều, bề ngoài của sách thì nghe vẻ ổn, kh ổn 1 chút là giao hàng muộn quá, hay, đẹp, sách mới không bị móp, nhưng giao hàng khá lâu., 
Tiêu cực: Shop đóng gói không hề có tâm chỉ có mỗi cái hộp và môht quyển sách để sách nó móp còn tróc keo nx chứ thật không thể hiểu nổi mong bên shop hỗ trợ mình hoàn trả lại đơn hàng(còn bookmark thì đầy đủ), Giá bán sản phẩm làm người mua hiểu lắm bằng giá combo 2 quyển của tác giả
Nội  dung: đúng hay sai là do sự hiểu biết  của bạn nữa nên  đọc có chứng kiến, Tiki giao sách nhanh nhưng đóng gói quá tệ, ngoài lớp nilong mỏng bọc sách không bọc thêm xốp chống sốc và màng co nên lúc nhận sách bị móp góc.  Thất vọng về tiki!, sách bụi và gãy góc, ko hài lòng, như sách cũ vậy, Mình là ng sưu tầm sách mà thấy sách hơi bực, keo không chắc chắn, bìa sách bị bung, "
110448022,"## Tóm tắt feedback về sách sơ cứu:

**Phản hồi tích cực:**

* **Chất lượng sản phẩm:** Sản phẩm đúng mô tả, chất lượng tốt, đáng tiền.
* **Đóng gói:** Đóng gói chắc chắn, giao hàng nhanh.
* **Nội dung:** Nội dung bổ ích, ứng dụng thực tế, dễ hiểu, trình bày đẹp mắt, có hình minh họa.
* **Tác giả:** Tác giả uy tín, kiến thức chuyên môn cao.
* **Dịch vụ Tiki:** Tiki đóng gói kỹ lưỡng, giao hàng nhanh, shipper dễ thương.

**Phản hồi trung lập:**

* **Chất lượng sách:** Sách có vẻ cũ, bìa bị xước, bụi, nhưng nội dung vẫn hay.
* **Đóng gói:** Không có bọc chống sốc, sách bị bụi.
* **Giá cả:** Giá hơi mắc nhưng cần thiết cho mỗi gia đình.
* **Chất lượng in:** Chữ hơi mờ.
* **Hành văn:** Có chỗ hành văn khó hiểu.

**Phản hồi tiêu cực:**

* **Đóng gói:** Hộp sách bị méo mó, không có lời giải thích.
* **Chất lượng sách:** Sách bẩn, gáy sờn.
* **Giao hàng:** Giao hàng quá lâu.

**Nhìn chung:**

* Phần lớn khách hàng rất hài lòng với chất lượng sản phẩm, nội dung sách và dịch vụ Tiki.
* Một số khách hàng nhận xét về chất lượng sách không được tốt, có vẻ cũ, bị bụi.
* Một số khách hàng không hài lòng về dịch vụ đóng gói và giao hàng của Tiki. 
","Tích cực: Cực kỳ hài lòng
Sản phẩm có chất lượng đúng như mô tả, đóng gói chắc chắn, rất đáng tiền, giao hàng nhanh. 
P/s: Không có thời gian chụp hình nên mình lấy đỡ hình trên mạng up, sân phẩm ok không em biêt em ghi lại trong mấy vần đề chia se cua em ghi lại trong mấy vần đề chia se cua em ghi lại trong mấy vần đề chia se cua em ghi lại trong mấy vần đề chia se cua em ghi lại trong mấy vần đề chia se cua em ghi lại trong mấy vần đề chia se cua em ghi lại trong mấy vần đề chia se cua em ghi lại trong mấy vần đề chia se cua em ghi lại trong mấy vần, Sản phẩm ok, mình muốn mua quyển này lâu rồi mà giờ mới có dịp. 2 lần đặt Tiki thấy đóng gói thì không có bọc chống sốc gì hết chỉ bỏ vào hộp thôi, hộp không móp méo mà mặt sau sách có vết lõm chắc bị từ trước. Sẽ còn ủng hộ nhé, Thông tin được kiểm chứng bởi bác sĩ thì yên tâm:D Search google cũng ra nhưng phải mất công xác thực thông tin, quyển này làm hộ khâu đấy, Nội dung ứng dụng tốt, in màu dễ hiểu, Sách in giấy cứng chất lượng, có hình ảnh in  màu rõ ràng dễ hiểu. Cảm ơn bác sĩ Ngô Đức  Hùng đã tổng hợp các tai nạn thường gặp để  mọi người học hỏi., Giao hàng quá nhanh, giấy đẹp, hình minh hoạ nhiều, đẹp, Sách giấy đẹp, nội dung chưa đọc. Tiki đóng gói hàng rất kỹ lưỡng, giao hàng nhanh, shiper dễ thương, giao nhanh sach đẹp có hình minh họa hữu ích nhưng shop không dùng bọc chống sốc nên bị nhăn nói chung là nên mua, Rất bổ ích, sách màu., Nội dung bổ ích, bìa đẹp, giao hàng nhanh, bọc sách cẩn thận, Nội dung sách ngắn gọn, bổ ích, Sách đẹp và dễ hiểu, kiến thức cần thiết cho cuộc sống hàng ngày, sách hay ạ, tác giả là bs Ngô Đức Hùng một người  giỏi có tâm và có tầm, đẹp trai 😍😍❤️❤️❤️, sách đầy đủ, rõ ràng, dễ hiểu, đọc để tham khảo rất ổn, kiến thức xác thực, sách đẹp, hình ảnh sắc nét. thích mùi sách mới😉🥰, Sách đẹp, in màu, Sách đẹp. Dễ đọc. Dễ nhớ., Sách chi tiết, dễ hiểu, có hình ảnh minh hoạ, mình nghĩ đây là những kiến thức mà ai cũng nên trang bị để có thể bảo vệ đc cho bản thân và gia đình., Giao hàng oki lắm. Sách đẹp nhưng bị sướt 1 ít cuối bìa sách nhưng ko sao cũng ổn. Nói chung oki, Mua nhé cả nhà! Trang bị kiến thức cơ bản trong các tình huống khẩn cấp rất thiết thực. Ủng hộ tác giả và Tiki, Nội dung ngắn gọn, dễ hiểu, sách đẹp, mỗi gia đình nên có 1 cuốn, Sách in giấy cứng chất lượng, có hình ảnh in màu rõ ràng dễ hiểu, Sách trình bày rất đẹp, kiến thức sơ cứu tổng quát rất cần thiết cho mọi người, nên mua nha các bạn., Bìa sách hơi dơ và bị gập mép. Mong shop cẩn thận hơn, Quyển sách dễ hiểu, nắm được những kiến thức cấp cứu cơ bản. Chất lượng giấy và trình bày tốt., Sách rất hay, nội dung rõ ràng dễ hiểu. Giao hàng nhanh, sách đặt chiều có rồi. Nên mua để bổ sung thêm kiến thức sơ cứu cơ bản nhé, Sách hay, Sách có nhiều hình minh hoạ, nội dung ngắn gọn, cuốn sách giúp ta có thêm nhiều kiến thức về sơ cứu, tuy nhiên bìa sách bị dơ., shop giao hàng rất nhanh, mới đặt hôm qua hôm nay đã có hàng. Chất lượng sách thì khỏi phải bàn rồi. Tiếp tục ủng hộ tiki, Giao hàng nhanh, đóng gói đẹp. Giá cả hợp lý, được tặng tài khoản galaxy play 1 năm, Nhiều kiến thức bổ ích và thực tế. Nên có trong nhà kèm hộp y tế. Cảm ơn tác giả ạ., 1 cuốn sách đáng đọc. Mình mua sách hơi bị nhiều. 1 tuần chỉ đọc đc 1-2 cuốn mà cứ 2-3 ngày là thấy shiper gọi giao sách., Sách trình bày đẹp, là cuốn cẩm nang của gia đình., Sách tốt về chuyên môn, lời văn chân thực dí dỏm, đây là một trong những người thầy của mình ở trường Y Hà Nội, Nhiều kiến thức bổ ích, giao nhanh, đóng gói chắc chắn, Sách có những thông tin bổ ích giúp trang bị kiến thức về sơ cấp cứu nhữg trường hợp hay gặp trong cuộc sống, Cuốn này đáng đọc lắm luôn nhé mn, Hay và bổ ích cho cuộc sống hàng ngày, Sách mới, đóng gói cẩn thận.
Nội dung sách rất hữu ích, dễ áp dụng., Đóng gói kĩ , giao nhanh , vô cùng hài lòng, Rất tốt, Sách hữu ích, Nội dung bổ ích, Nội dung rất dễ hiểu, Sách đẹp, giao nhanh, đóng gói cẩn thận, nên mua nha, Ok sách rất chuẩn mực xã hội luôn bìa siêu sang xịn mịn cầm là muốn đọc rồi 
Giao hàng nhanh, rất ưng ý. sản phẩm ưng ý, hạn xa, đóng gói cẩn thận, Sách đẹp. Hình ảnh đẹp. Mình nghĩ ai cũng nên có để chuẩn bị khi cần, Hay nha, mỗi ng nên mua đọc nâng cao kiến thức cho bản thân!!, Nên mua. Hữu ích, Sách sale mà trộm vía vẫn xịn lắm. Hơi bụi xíu bên ngoài thui, Đóng gói cần thận, giao hàng nhanh chóng, giao hàng rất nhanh, chất lượng giấy đẹp, chữ viết rõ ràng, nên mua để đọc, Sách in đẹp, nội dung cần thiết về sơ cứu, Tiki giao nhanh chưa tới 2h nữa. Sách hơi dơ, Mọi thứ về sách rất ok, giao hàng rất nhanh, Sách hay thiết thực, Cảm ơn Tiki giao hàng cẩn thận, tuy là nhận hàng chậm hơn ngày dự kiến, nhưng đóng gói cẩn thận., Sách hay, giấy in màu sinh động, Đóng gói cẩn thận ko móp méo
Đẹp, Sách hữu ích, in đẹp. Chỉ có điều bìa sách bị dơ, Sách in đẹp, nội dung dễ áp dụng. Giao hàng nhanh., giao hàng nhanh lắm nhưng sách hơi bẩn phía bìa nhưng bên trong thì rất ổn nha, tiki giao hàng nhanh trước hẹn , sách mới đẹp hay câu từ rất hay, Giao hàng nhanh, bọc sách cẩn thận, codn nguyên vẹn, OK, Hay, dễ hiểu, ""Sang - xịn - mịn"" nên co ở tủ sách mỗi gia đình, Bìa đẹp, sách hay, đáng mua. Giao hàng NOW kém quá, không trung thực, sách rất hữu ích, ai cũng nên đọc, sản phẩm chất lượng, giao hàng nhanh, rất đáng mua, rất bổ ích, sách hay, Giao hàng nhanh, sách chất lượng tốt, Rất hay và bổ ích. Sách bìa cứng, đẹp., Sách hay, bổ ích, nên mua.

Sách hay, bổ ích, nên mua, sách đẹp và hay, Sách đẹp, Sách hữu ích, in màu và hình ảnh trực quan dễ hiểu, 
Trung lập: Sách giao đúng hạn, chất lượng hình ảnh in màu, nội dung sát với thực tế. Mua học và thực hành để giúp mình, hỗ trợ người trong trường hợp cần sơ cấp cứu. Mong thay!, khỏi bàn về nội dung sách đi vì sách chắc chắn tốt r
nhưng về quyển sách này thì lần này mk có cảm giác như sách cũ vậy, màng sách bị loang lổ, bị xước bìa và bụi, k biết có phải do quá trình vận chuyển hay k. Còn nữa cả 3 cuốn sách mk mua đều thấy bụi khá nhiều so vs mọi lần, và đêù kco bọc, xem qua thì thấy BS viết khoa học, hay, thực tế, có hình ảnh minh hoạ dễ tưởng tượng. Nên đọc nhé các bạn. Mà trừ 1 điểm gói sách ko chống sốc may ko bị móp hay rách, Sách bẩn, giao hàng nhanh, bọc hàng cẩn thận. Sách mua về phải lau lại, hơi buồn. 
Nội dung sách thiết thực, dễ hiểu., sách hay, bổ ích. giá hơi mắc nhưng tôi nghĩ là cần thiết tròn tủ sách mỗi gia đình., Sách dày, màu đẹp, nội dung rõ ràng. 
Cung cấp kiến thức chi tiết., Hầu như ko đem lại tác dụng, Nội dung thiết thực nhưng chữ hơi mờ, Ok, Sách ko đc bọc nhựa nhìn ko được mới lắm. Nội dung hay, 
Tiêu cực: Nhiều chỗ hành văn khó hiểu., Giao hàng quá lâu, hộp nhận méo mó và không có một lời giải thích đàng hoàng nào từ nay mình sẽ k mua hàng tiki nữa, đã từng rất tin tưởng thế mà thất vọng quá ., Thất vọng khi nhận đc sách lần này của tiki. sách bẩn gáy sờn, "
111070969,"## Tóm tắt feedback:

**Tích cực:**

* Tiki giao hàng nhanh chóng.
* Gói hàng cẩn thận, lớp chống xóc bảo vệ sách tốt.
* Sách có bìa đẹp, đóng gói kỹ càng.
* Nội dung sách được đánh giá là hay.

**Trung lập:**

* Chưa đọc sách nên chưa đánh giá nội dung.

**Tiêu cực:**

* Không có. 
","Tích cực: Tiki giao hàng nhanh, bọc lớp chống xóc ổn nên sách k bị sao . Sách thì chưa đọc nên chưa đánh giá nội dung., Đóng gói kỹ, bìa đẹp. Nội dung hay, 
Trung lập: 
Tiêu cực: "
11119019,"## Tóm tắt feedback về cuốn từ điển Oxford Advanced Learner's Dictionary:

**Phần tích cực:**

* Từ điển rất hữu ích, đầy đủ thông tin, dễ hiểu và xứng đáng với giá tiền.
* Phần cuối của sách có từ vựng theo chủ đề, hướng dẫn cách viết một số dạng bài, giải thích từ rõ ràng.
* Giao hàng nhanh, đóng gói cẩn thận, dịch vụ tốt.
* Sách được bán với giá hợp lý, đặc biệt là khi mua được giảm giá.
* Nhiều người đánh giá cao nội dung của từ điển, phù hợp với người học tiếng Anh chuyên sâu. 
* Phần mềm đi kèm dễ sử dụng, tiện lợi.
* Sách có thiết kế đẹp, kích thước vừa vặn, dễ mang theo.

**Phần trung lập:**

* Giấy mỏng nhưng in rõ ràng, dễ đọc.
* Phần mềm đi kèm chưa hoàn thiện, chưa có giao diện riêng cho điện thoại.
* Sách có thể bị móp méo nhẹ do đóng gói hoặc vận chuyển.
* Một số người cho rằng sách không có đĩa CD đi kèm.

**Phần tiêu cực:**

* Một số khách hàng nhận được sách cũ, bị bẩn, gãy nếp, thậm chí bị nhăn và ố vàng.
* Tiki không kiểm tra kỹ hàng trước khi giao, dẫn đến việc khách hàng nhận được sản phẩm không như mong đợi.
* Phần mềm đi kèm có thể bị lỗi, không thể cài đặt hoặc sử dụng được trên một số thiết bị.
* Một số khách hàng không nhận được đĩa CD đi kèm, hoặc đĩa CD không hoạt động.
* Khách hàng không hài lòng với thái độ của nhân viên giao hàng.
* Khách hàng nhận được sách bị lỗi (ví dụ: mép sách bị bung, góc sách bị gãy). 

**Kết luận:**

Hầu hết khách hàng đánh giá cao nội dung và chất lượng của từ điển Oxford Advanced Learner's Dictionary. Tuy nhiên, một số khách hàng gặp phải vấn đề về tình trạng sách, đóng gói, dịch vụ giao hàng và phần mềm đi kèm. Tiki cần cải thiện chất lượng dịch vụ để đảm bảo khách hàng nhận được sản phẩm tốt nhất. 
","Tích cực: Một quyển từ điển quá ư là hữu ích, ai biết cách xem và khai thác hết công dụng của từ điển này thì chả mấy mà 10.0 ielts chứ đùa. Nói vui vậy thôi chứ ngoài giấy mỏng ra thì quyển nì không chê vào đâu được. Phần cuối là từ vựng theo một số chủ đề, có hướng dẫn cách viết một số dạng bài (dùng cả tiếng anh lẫn tiếng việt), phần giải thích từ cũng dễ hiểu. Nói chung là xứng đáng với giá tiền., Sách đc bọc, gói kĩ nhưng k biết trước khi gửi hàng FAHASA đã kiểm tra sách qua chưa mà trên bìa sách có 1 vết hằng giống như bút bi hết mực gạch lên và vài vết đen. Mong FAHASA kiểm tra hàng kĩ hơn trước khi gửi ạ., Trước khi mình biết đến Tiki, mình tìm mua cuốn này ở nhiều nơi mà không mua được. Hôm nay mình lướt Tiki tình cờ thấy cuốn này được bán nên mình mua luôn. 
Cuốn từ điển rất tuyệt vời mọi người ạ, thích hợp cho bạn nào muốn học chuyên sâu tiếng Anh. Giấy hơi mỏng nhưng cũng ok.
Không chỉ chất lượng mà giao hàng cũng rất đỉnh, đáng lẽ thứ 5 mới giao tới mà hôm nay thứ 2 đã tới rồi. 
Đúng là mua sách ở Fahasa thì không có gì phải phàn nàn cả!, Giao hàng nhanh đóng gói kĩ, từ điển chất lượng không bàn cãi, tốt lắm luôn mình học ngôn ngữ anh nên mình cân nhắc mua và cảm thấy rất hài lòng, recommend mng mua nhaaa., Giao hàng rất nhanh rất tiết kiệm. Mình đặt hôm trước hôm sau giao rồi. Khi nhận hàng shop gói rất cẩn thận, hàng đẹp, cầm rất chắt tay. Giá rẻ hợp với các bạn học sinh, sinh viên. Mình che tên mn thông cảm nha., Hàng rất tốt, bao bọc rất kĩ và chất lượng luôn á nha mọi người. Mình mua mà thấy đã đồng tiền mình bỏ ra dễ sợ luôn á, mình đặt ở Fahasa được ngay dịp giảm giá luôn ship 14k giao tới quận 4 nữa là 417k ship qua VN post. Chú giao hàng siêu nhanh luôn mọi người, đặt tối hôm trước là sáng hôm sau chú gọi hỏi liền luôn. Rất đáng tiền và rất đáng đánh giá 5 sao luôn á nha mọi người suggest nên mua nha, Phù hợp, dễ hiểu có thêm phần mềm đi kèm dễ sử dụng, Sách to nhưng không quá nặng, có kèm CD dán ở sau nhưng keo dễ gỡ và không làm tổn hại đến sách. Đặc biệt thích nhất là đắt sáng hôm qua mà trưa nay đã giao luôn rồi. Trong khi thông báo là thứ 6 tuần sau mới giao, ấm lòng thật. Về chất lượng thì khỏi phải bàn khi sách quá nổi tiếng rồi!, Vì từ điển dày nên giấy sẽ mỏng. Mực in rõ ràng, sắc nét, đóng chắc chắn. Giá cả hợp lý👍, Sách được gói kỹ lưỡng, giao hàng nhanh chóng. Từ có đủ nghĩa tiếng Anh lẫn tiếng Việt, giúp người tra dễ nắm bắt nghĩa, lại có thêm hình ảnh chân thực, sống động. Xứng đáng với số tiền bỏ ra, Rất thích luôn ý ??! Sách đẹp, ko bị nhăn mó, có một đường ở giữa nhưng ko sao vẫn rất hài lòng! Sách vừa vặn ko quá to cũng ko quá nhỏ, tiện mang đi. Những trang sách mỏng giúp sách cung cấp đủ thông tin nhưng ko bị quá nặng. Sách cung cấp đầy đủ thông tin, hầu như từ nào cũng có, còn bonus thêm cách làm bài writing, phrasal verbs, từ vựng,... Đặc biệt là cách học từ vựng ở những trang cuối mình cực ưng lun ý: từ vựng kèm hình ảnh có những sự vật liên kết vs nhau. Về tốc độ giao hàng thì đối vs mik khỏi chê: giao trc một ngày dự kiến, shiper thân thiện! Cảm ơn tiki vì đã giới thiệu cuốn sách tuyệt vời này cho mik! ^_^, sản phẩm rất tốt,đóng gói chưa kĩ cho lắm,shipper thân thiện ,nên mua một cuốn về học, Giao hàng nhanh, mới đặt hôm qua thôi, đóng gói chắc chắn, ship nhanh a, hàng về trước vài ngày lận. bọc gói ok, không bị tổn hại, chất giấy thích. recommend m.n nên mua cuốn từ điển này, rất bổ ích và phù hợp cho mấy b cấp 2 trở lên, ôn thi chuyên, hsg,... sách có kèm cd., Giao sớm. Shipper lịch sự. Hài lòng về sp, về nội dung, từ điển này là Anh - Anh - Việt nên phù hợp với tất cả trình độ tra cứu. Đặc biệt rất đầy đủ và dễ hiểu khi mình có thể đọc được phần giải thích cả tiếng anh và tiếng việt. Nếu bạn có ý định chọn từ điển anh việt thì nên chọn luôn từ điển này. Từ điển có phần hướng dẫn viết hữu ích cho thi ielts và có cả phần từ điển hình ảnh rất sinh động.
về chất lượng giấy, giấy mỏng và dai rất nhẹ nên cuốn từ điển này hơn 1000 trang mà vẫn nhẹ. chữ in rõ ràng.
tiki giao hàng tương đối nhanh., đóng gói chắc chắn, sách rất là xịn mịn, dịch anh - anh - việt nên rõ nghĩa. Có điều shipper đọc bill (+ tiền ship) là 522k (t ko có check lại mà cũng nhớ mang máng là 500 hai mấy đó) xong t đưa 530k, ổng thối lại có 7k à, xong t nghĩ: thôi có 1k cũng ko sao, chắc ổng ko có 1k. Xong cái t lên nhà r t xem lại là 521k là ổng thiếu t 2k luôn, mà nha, lúc ổng lục tiền thối t, t thấy có tờ 2k đó, 1k thì ko mà có 2-3 tờ 2k nha mà ổng ko đưa luôn?Thôi thì tốn 2k cũng ko sao, coi như tiền tip, cơ mà ổng làm mất thiện cảm sao á trùi:), Mình thì trình độ chưa có để nhận xét nội dung cuốn này. Ban đầu cũng định mua cuốn Anh Anh, tra từ cải thiện tốt hơn, nhưng nghĩ, chắc gì mình đã đoán dc hết nghĩa của từ, trước sau gì cũng phải tra tiếng việt của từ nào đó trong nghĩa tiếng anh nên mua luôn cuốn này, chủ yếu người học phải nhận thức được điều đó, nghiêm khắc với bản thân. Tuy nhiên, đĩa ko mở dc trên win10( bó tay luôn, có ai biết cách dùng trên win 10 chỉ mình với ạ), cho mình hỏi phần mềm này dùng dc vĩnh viễn hay 1 năm(đọc đánh giá thấy) vậy?. Sách giao ok, góc ""hơi bị tác động vật lý tí"" ko ăn thua hehe, Sách đẹp cầm nặng dễ sợ luôn, Sách đẹp, đóng gói cẩn thận, giao hàng nhanh, nên mua nhé, Sách mới. Giao hàng nhanh! Tiki có ưu đãi tốt! Chỉ có khâu cài đặt Đĩa CD hơi bất tiện vì Laptop mình k có ổ đọc đĩa. Hy Vọng Nhà Xuất Bản cải tiến hơn để sẵn link tải phần mềm trên trang web. Và chỉ cần gửi cho người mua Mã Key để cài đặt. Lần sau mình sẽ mua Sản phẩm khác, hy vọng không cần fai tự cài Đĩa nữa!, sách mới lắm. có bọc bảo vệ. đóng gói chắc chắn. không nhắn không rách không hư hỏng. SIÊU XỊN, Canh me mãi Tiki mới có hàng lại, lại có giao 2h nữa chứ!

Sách bìa mềm. Có kèm CD. Bọc thêm BookCare thì tuyệt vời.

Nội dung rất hay, phong phú, giữ toàn bộ nội dung của OALD bản tiếng Anh, chỉ là thêm phần chữ tiếng Việt thôi nên không lo dở. Vẫn có các trang học liệu, Oxford3000 rất hay và đặc trưng của OALD7 mình đã từng sử dụng.

Sách phù hợp với các em HS trung học chuyên Anh, hay sinh viên đại học, hay các em đang học chương trình tiếng Anh ngoài trung tâm.

Có thể dùng kèm với các cuốn từ điển Advanced Learner khác để đối chiếu, làm phong phú cách giải nghĩa từ vựng hơn, vd: Longman Dictionary of Contemporary English, Collins COBUILD Advanced Learner’s Dictionary, Macmillan English Dictionary for Advanced Learners, Cambridge Advanced Learner's Dictionary, Merriam-Webster's Advanced Learner's English Dictionary., Hài lòng, Giao hàng nhanh.
Sách chất lượng - tốt.
Tuy nhiên, không có đĩa CD, Mình thấy rất là ok luôn. Quyển từ điển dày nhưng theo mình là bìa hơi mỏng, lượng từ khá ok và có giải thích. Mìn còn được tặng kèm quyển truyện nữa cơ. Giao hàng nhanhh, Lúc đặt mình cứ tưởng sách không to lắm, nhưng khi ship đến thì nó lại to không tưởng luôn ấy. Mình chưa dùng nên không biết chất lượng như nào nhưng nhìn sơ thì thấy ok 👌. Nên mua nha mọi người., Hay, hỗ trợ đắc lực làm giàu kiến thức tiếng anh, các bạn nên mua!, Từ điển hay, tìm hiểu nghĩa 1 từ đầy đủ, dễ hiểu, học tiếng anh ôm cuốn này học đã lun, cuối sách có hình ảnh màu vật dụng học đỡ ngồi nhai chữ. Giao hàng nhanh., Giao hàng nhanh, sản phẩm đẹp., Giao hàng rất nhanh, đóng gói chắc chắn, giá cả hợp lí nên mua và tất nhiên đây chỉ là ý kiến để tham khảo thôi nhé!!, Bao bọc đóng gói đẹp, giao hàng nhanh, nhưng giấy mỏng quá cầm cảm giác mềm mại như tơ 😅, Giao hàng nhanh. Chất lượng tốt, Sách này mình mua được là do Fahasa bán, và giao. Mình nói rõ như thế là vì nhiều khi, mình đăng nhận xét này, thì nhận xét này lại nhảy qua mục sản phẩm do tiki hay nhà cung cấp khác bán, như vậy thì không công bằng rồi. Hi vọng tiki khắc phục vụ này, chắc tiki cũng biết rồi nhỉ.

Sách này mình mua khoảng 450 k, do vì lúc đợt giảm giá và mình cũng có mã giảm giá.
Sách này khi Fahasa giao cho mình thì thấy rất ổn, ko bị lỗi gì. Đĩa kèm theo đầy đủ. Mình đánh giá 5 sao về việc sách mình nhận được.

Thật ra mình mua sách này là vì có đĩa phần mềm, do vậy tra rất nhanh, đỡ phải mất thời gian lật từng trang sách để tra, rất cực.
Có điều chẳng thể nào copy văn bản trong phầm mềm CD được.
Ở đĩa CD cài xong thì cần update thêm mới hoàn hảo được, tuy nhiên khi mình update rồi, có vài từ khi tra thì ko tự phát âm đọc, có từ được từ không, lại có những từ mà khi tra thì lại không có, do vậy phần mềm CD này cũng chưa hoàn hảo lắm, nhưng có còn hơn ko, hi. Mà cũng ko chắc nguyên nhân là gì , là do máy mình hay là do phần mềm chưa hoàn thiện hẳn.

Mình chỉ khuyên các bạn là key CD này chỉ dùng cho 1 máy tính mà thôi, ko dùng được cho máy thứ 2, nhưng nếu mà chụp bản ghost thì có thể dùng được nhiều máy theo cách cài cùng 1 bản ghost,.

Mình lúc đầu bị hố, cài máy bàn trước do vì lap top ko có ổ đĩa (mà thật sự mình muốn cài laptop), lúc đó ko biết 1 key chỉ dùng 1 máy, cài xong thì copy dữ liệu từ máy bàn qua laptop khi chạy phần mềm trên laptop thì bị hỏi key nhập vào thì ko được nữa. 

CHUYỆN NÀY KHÁ QUAN TRỌNG NGẶT MỘT NỖI TRONG TỪ ĐIỂN KHI MUA LẠI CHẲNG NÓI THÔNG BÁO GÌ CẢ, HY VỌNG ĐẠI TRƯỜNG PHÁT SAU NÀY TÁI BẢN GHI RÕ RÀNG ĐẠI KHÁI: ""CD NÀY CÓ KEY CHỈ DÙNG CHO 1 MÁY TÍNH"" V.V CHẲNG HẠN, CÒN ĐẰNG NÀY KO ĐỂ THÔNG TIN GÌ VỀ ĐĨA HẾT.

Mình khuyên người mua muốn cài phần mềm thì hãy xác định thường học tra máy nào nhất rồi hãy cài, nếu là laptop ko có ổ đĩa thì hãy kiếm máy tính có ổ đĩa để cài, máy bàn hay gì đó, cài xong đừng đánh key vào gì hết , dùng USB chép phần mềm đó từ máy có ổ đĩa qua laptop ko có ổ đĩa, xong rồi chạy phần mềm trên laptop rồi nhập key vào trên laptop, nếu muốn dùng nhiều máy thì chụp bản ghost lại rồi cài qua máy khác, chứ key ko còn công dụng nữa đâu., Đóng gói hàng cẩn thận,sách chất lượng dày nhiều từ có kèm đĩa CD, từ điện đẹp  giá rẻ hơn so ngoài nhưng mà nếu so cuốn này với longman thì mình rcm mng nên mua longman nha, Cuốn sách này thật tuyệt vời. Không bõ công bỏ số tiền tương đối để mua. Mình k cầm sách ở đây nên đành lấy hình ảnh trên Fahasa., sách được bao bọc kỹ, mới và có seal, mình mua đúng lúc sale nên giá rất hời đóng gói kĩ càng sách tốt lắm, Sản phẩm vượt quá mong đợi luôn, từ điển rất xịn xò, vẫn còn thơm mùi giaay mới, đc bọc rất kic, nội dung rất ok, shipper giao nhanh, lại rất thân thiện nữa, Sách này thật sự chất lượng đáng giá đồng tiền.
Fahasa gói hàng vô cùng cẩn thận, chưa bao giờ thất vọng. Giá siêu sale 7.7 rẻ rất nhiều. Giao hàng siêu tốc., Giao hàng nhanh đóng gói kỹ càng, sản phẩm rất hiệu quả trong việc học, Sách đẹp có kèm CD nhưng win 10 k xài được huhu. Giấy khá mỏng nhưng không đòi hỏi gì hơn bởi chất lượng paperback. Nói chung sách hay đáng mua cho ai muốn chuyên sâu hơn về tiếng Anh., Từ điển khá hay và chi tiết. Mình thích nhất là phần cuối của từ điển đính kèm rất nhiều từ vừng  theo các chủ đề kèm ảnh màu rất đẹp. Bên cạnh đó còn có cả phần hướng dẫn viết writing, phụ lục hướng dẫn phát âm tên riêng và các quốc gia trên thế giới, hướng dẫn chi tiết cách dùng dấu câu trong tiếng anh. Ngoài ra, một điểm mình thích nữa là phần mềm từ điển offline đi kèm, khá là tiện lợi., đóng gói rất cẩn thận, giao hàng nhanh, sách dùng tốt, sách rất hay và hữu ích, mọi người nên mua nếu muốn học nâng cao, sách còn có mục dạy viết văn học thuật rất chi tiết, tuy nhiên do lượng từ vựng khá lớn nên cỡ chữ khá nhỏ nhé!, Sách ok giao hàng nhanh, Quyển này rất hữu ích, mình rất khuyến khích bạn nào đang học tiếng anh nên mua, ở trong có cách dùng, idiom, cách phát âm, family word nữa 😋😋😋😋 xịn lắmn 😍😍😍😍, Giao nhanh, chất lượng sách tốt, giá so với bên ngoài cũng oke hơn khá nhiều, rất ưng dịch vụ của Tiki, Sách to nặng lắm luôn. Có kèm đĩa. Dùng rất ổn nha, Giao hàng rất nhanh, chất lượng tốt, nội dung thì khỏi phải bàn cãi rồi. Trước lúc đặt có đọc cmts mình cũng sợ sách không được như ý, nhưng khi nhận về thì trên cả tuyệt vời ạ. ?, Sách in màu sắc nét, chất lượng giấy tốt, Fahasa đóng gói kỹ và giao hàng nhanh hơn dự kiến. 
Giấy tuy hơi mỏng như in sắc nét. Đáng mua, sách tốt, giấy dai
mà cái sticker là của em tự dán lên chứ không có sẵn đâu ạ:}, Từ điển quá là ổn, sách đóng gói kỹ , giao hàng nhanh, nhưng sách không có đĩa CD như hình trên  🙄, Sách đẹp, tốt, chất lượng, đóng gói kĩ càng. Dịch vụ nhanh, thân thiện., shop giao nhanh, sách ko bị móp méo, đóng gói chắc chắn, giao hàng nhanh, mực in và chất liệu giấy  đủ dùng, đúng hàng, giao nhanh, pack hàng kĩ, Đẹp, có đĩa cd đầy đủ, đặc biệt giao hàng nhanh cho 5* ko bị móp, sách được bọc rất cẩn thận... người mua sách chỉ cần nhiêu đó là thấy vui rồi ạ, Ổn giấy mỏng ko có CD, Luôn ưu tiên tiki cho mọi đơn hàng, trừ những sản phẩm ko có. Giá cả cạnh tranh và chất lượng luôn yên tâm. Nếu có đắt hơn tí xíu cũng rất đáng vì giao hàng nhanh và cho khách xem hàng (*** và *** gần như ko cho, có lần mở ra ko đúng hàng mà đổi trả rất phiền phức). Chưa đổi trả bên tiki lần nào nên ko biết quy trình ra sao. Hihi., Chất lượng sách của tiki rất tốt . Đóng gói cẩn thận+ giao hàng sớm hơn dự kiến 2 ngày, Từ điển dày lắm, xịn mịn nữa. Ngoài ra còn có thể cài đặt từ điển trên máy tính ( nhưng mình recommend nên sử dựng từ điển online hơn nha), từ điển của oxford là khỏi chê rồi. sách dành cho dân ngôn ngữ hay muốn đào sâu hơn về tiếng anh. song ngữ anh-anh-viet làm cuốn sách rất có giá trị., Đóng gói chắc chắn, giao hàng nhanh, uy tín, đáng mua, Giáo hàng nhanh, Đóng gói cẩn thận từ fahasa. Sách giấy đẹp,  bao gồm cả eng-eng,  eng-viet.  Ví dụ mẫu câu súc tích dễ hiểu, rất thích nha, sách hay, chi tiết, siêu bổ ích, sách đc bọc 1 lớp ngoài nên đẹp và sạch nhưng thời gian giao hàng hơi lâu:((, nhận hàng nhanh, sách đẹp, rõ nét, gói cẩn thận, ok, good:))), Giao hàng nhanh, sản phẩm tốt, anh shipper dễ thương cực ??!!!!, sách hay với ngồi tra từ vựng thấy vui vui, Nói chung là mình thích sách từ điển này từ lâu rồi, đúng dịp giảm gia + có đĩa cd, nên quyết định mua 3 cuon cho mình và bạn bè lun.
Giấy giống giấy dùng trong sách kinh thánh-> rất tốt. Từ điển chú thích đầu đủ, rõ ràng, trình bày dễ nhìn. Thích nhất là có thêm phần nhiều phụ lục hay. Tóm lại chỉ có một câu là rất đáng đầu tư để học., Đóng gói cẩn thận. Giao nhanh, Sản phẩm chất lượng, đảm bảo, nhân viên vận chuyển nhiệt tình, thân thiện. Giao hàng đúng hạn. Chất liệu giấy và tài liệu đầy đủ. 
Em rất hài lòng, sự thật là nghe đánh giá của các khách hàng trước thì cũng hơi hoang mang. thôi thì đánh liều mua đại. ai dè đặt về thì sách rất mới và đẹp.tin tưởng tiki hihi, Giao hàng nhanh. Sách mới không có bị nhăn gì hết! Ủng hổ TiKi, Sản phẩm okie, Tốt, Đọc review của một số người bảo nhận được sách cũ mình cũng hơi sợ nhưng đến khi hàng về tay thì rất là ưng luôn. 
Shipper thân thiện, giao nhanh., Sách tốt. Giao hàng nhanh. Sẽ ủng hộ tiếp lần sau!, ổn, sách rất đẹp, giao hàng nhanh nói chung rất ưng, rất tốt ạ, 
Trung lập: sách đóng gói cẩn thận, nhưng không có cd rom, chỉ có code thôi
App còn đơn giản, phát âm không có phân biệt tiếng anh Anh và anh Mỹ.
App chưa hoàn thiện như app của từ điển Oxford, Sau khi đọc đánh giá thì mình cũng không bất ngờ vì việc bảo quản sách chưa được tốt lắm, gáy sách bị dập và bìa cũng có nếp và việc ship hàng cũng hơi lâu. Tuy nhiên từ điển này khá đầy đủ các cấu trúc và phrasal verb, idioms, phù hợp cho những ai học chuyên về tiếng anh, Giá ổn hơn trên nhà sách, bìa thường nên giá rẻ giao hàng nhanh. Nói chung ok, Shop gói ko chắc chắn gì cả 
Còn lại sách rất đẹp và ổn, Sách bọc kĩ càng, đẹp. Kha khá từ và dễ hiểu. Tuy nhiên, không có đĩa CD-ROM nên hơi thất vọng., Lần đầu mua hàng trên tiki mà lại còn được mã giảm giá, mình rất hài lòng vì chất lượng sách tốt, tuy nhiên hơi bị móp xí xi ở phần đầu mép trái và mép cạnh sách hơi bung ra xí. Nhưng nhìn chung, sách hoàn toàn mới và không bị dính một vết bẩn nào. Về khâu giao hàng, lúc đầu mình thấy tiki đã hết hàng lâu rồi, cũng không thấy báo đặt trước hay gì nhưng tự nhiên một ngày bỗng thấy tiki còn 1 sản phẩm duy nhất, thế là mình đặt (ngày 6/9). Đợi tới 5 ngày sau ngày dự kiến giao hàng 11/9 vẫn không thấy tiki giao, thế là nhận được tin nhắn tiki xin lỗi và hoãn lại thêm 2 ngày nữa, 2 ngày nữa vẫn không thấy giao, tiki lại nhắn tin xin lỗi và đổi mã đơn hàng. Lần này thì tiki đổi lại thành 13/9 đặt hàng và dự kiến 18/9 giao, lần này thì giao cực kì nhanh 15/9 đã tới nơi. Mình chỉ mong rằng nếu lần sau tiki không còn sản phẩm thì đừng ghi là còn 1 sản phẩm duy nhất để khách hàng mừng, làm mình trông ngóng từ điển cả tuần hiuhiu, Chất lượng thì khỏi bàn. Về hình thức, sách nhỏ hơn hộp nhưng lại không có đồ chèn để tránh xê dịch. Được cái là sản phẩm mình nhận được có túi zip, và may mắn là sách không bị móp gáy, hay nhăn bìa., Gói sách không được kĩ cho lắm, sách bị móp và rách ở phần gáy sách, bị méo ở phần đầu trang sách nữa, mình nhận được hàng rồi. cảm ơn shop + tiki chuyển đến sớm. nhưng quyển từ điển bị rách gần mép. nếu ko là 100 điêmt luôn :), Giấy của từ điển cỏ vẻ hơi mỏng shop đóng gói hành của mình bị bung một góc khi giao đến may là quyển từ điển không bị cong, hàng tặng, Phản hồi khách hàng nhanh chóng, Thiếu CD, đóng gói cẩn thận, Đĩa kèm theo không cài được do báo kết nối máy chủ hỏng, Góc sách bị gãy. Lúc nhận hàng thì bị bung keo hở cả hộp ra., Sách ok, đóng gói kĩ, thông tin đầy đủ, Sách không kèm CD ROOM nha mn, sách oke nhưng bên app dành cho điện thoại không biết làm như nào ?, Về quyển giấy thì không có ý kiến gì riêng đĩa CD mình không sử dụng được báo đĩa trắng.
Mình mua 22/7 mãi tới giờ mới check. Đơn hàng là  #879505822
Mình chỉ cần đổi đĩa CD thôi, còn mã ACTIVE mình vẫn giữ lại, không cần mã hể mới vì cào để cài nhập mà không thể sử dụng được đĩa. Nhờ Tiki liên hệ với NSX nhờ hỗ trợ.
Thanks, Từ điển về nội dung thì khỏi bàn nha chỉ có cái mong nhà sản xuất có thể cải thiện chất liệu giấy ( giấy còn hơi mỏng) và phông chữ nên to thêm để người đọc dễ nhìn hơn .Nói chung là phục vụ nhiệt tình giao hàng chuẩn ,đẹp., Đĩa không cài được, chữ bé. Nội dung rất hữu ích, Vô cùng hài lòng, chất lượng sản phẩm rất tuyệt vời, giao hàng nhanh., giao hàng chậm hơn so vơi thời gian đã định trước, Chắc sách này nằm ở ngoài cùng chồng sách nên bìa hơi gãy, nhưng vẫn chấp nhận được. Sách mới, hình ảnh & chữ rõ nét., Giấy hơi mỏng, nhưng từ điển như vậy sẽ đỡ dầy hơn. Sách giao hàng chất lượng, có bao bọc từng cuốn một. ok lắm, Giấy hơi mỏng, 
Tiêu cực: Không có đĩa kèm theo như quảng cáo. Mã code chỉ nhập được 1 lần. Chỉ sử dụng được tối đa 3 thiết bị, và nếu ko phải laptop thì phải có Internet. Khi sử dụng trên điện thoại, ko có giao diện riêng mà phải vào app tổng hợp. Không tiện dụng, Đã từng mua rất nhiều sách ở tiki nhưng lần này không hài lòng chút nào. Cuốn từ điển không phải là rẻ nhưng rõ ràng đây là sách cũ. Mua sách cũ mà tính tiền sách mới rõ ràng tiki không tôn trọng khách hàng, coi thường khách hàng. Sách bị quăn góc, các trang bị nhăn do có người lật nhiều và bị dơ. Từ điển mua không hề rẻ mà tiki làm ăn thế này quá thất vọng., Sách Tiki giao cho mình rất cũ, như trong hình, góc sách bị gấp lại, thậm chí giấy còn bị nhũn lại, ố vàng như bị dính nước. Giá tiền cuốn sách cũng không hề rẻ, mình bỏ tiền mua sách mới nhưng sản phầm mình nhận được chẳng khác gì sách đã được dùng qua rồi. 
Mình ủng hộ Tiki cũng lâu rồi, từ tận 2012, lúc Tiki chỉ kinh doanh mỗi sách. Từ trước đến giờ Tiki vẫn luôn có được sự tín nhiệm của mình, dù mình đi nhà sách có thấy sách hay nhưng vẫn dặn lòng để về nhà đặt trên Tiki vì mình rất thích và muốn ủng hộ Tiki. Những sản phẩm trước mình mua trên Tiki rất tốt, mình rất hài lòng, vì Tiki giao sách được bọc rất kĩ, tình trạng sách rất mới, rất đẹp. Thế nhưng với lần giao sản phẩm này, Tiki đã làm mình thất vọng rồi! 
Mình rất muốn đổi trả sản phẩm, nhưng thời gian không cho phép. Mình đang rất cần sản phẩm này để phục vụ cho việc thi cử của mình. Nếu thực hiện đổi trả thì mình sẽ không có sách để thi kịp. Thế là phải bỏ 540k để đổi lấy nỗi thất vọng đầu tiên của Tiki dành cho mình!, Giao hàng nhanh, đặt hàng 25/10 đến 26/10 đã nhận được hàng, háo hức mở hàng thì lại thấy sách cũ, nhàu giấy, còn bẩn nữa, nhìn đúng như sách đã dùng từ 2-3 năm trước vậy, thất vọng quá, Mình mua quyển từ điển này và có sử dụng dịch cụ bookcare. Tuy nhiên khi về từ điển rất cũ mà mép bìa bị tơi nhiều lớp. Nhiều trang giấy bên trong cũng bị quăn mép. Đặc biệt bọc bị bé hơn so với trang bìa làm quăn đường mép bìa. Đang chờ phản hồi đổi cuốn khác của tiki, Sách có nội dung rất hay, tuy nhiên bị bẩn và quăn mép. Khó chịu vì đây là một khoản tiền không nhỏ. Sau khi yêu cầu đổi mới 1 lần thì cũng như vậy chẳng có gì khác khi cả hai sản phẩm đều bị lỗi. Quá tệ, cực kỳ thất vọng về Tiki., Mình install từ điển thì nó cứ bị lỗi như thế này, trong khi bỏ đĩa khác vẫn bình thường. Mình đã thử fix lỗi và install ở chế độ Safe Mode nhưng đĩa không thể truy cập khi ở chế độ Safe Mode., Hmmm sảm phẩm thì khỏi phải chê nhưng bà không thích thái độ của nhân viên giao hàng. Hẹn 4-5 lần mà vẫn chưa giao bày đặt kêu có việc hẹn hôm khác, làm người tao chờ . Chắc đây cũng là lần cuối mua Tiki :), tôi rất háo hức mong chờ được sử dụng một cuốn từ điển được ấn định bởi nhà xuất bản hàng đầu thế giới oxford - oxford advanced learner's dictionary. tuy nhiên khi mở hộp giấy từ tiki, một sản phẩm chất lượng đầy nếp gấp, hơi bẩn, có chỗ bị rách,... tôi rất thất vọng, tôi đã từng tin tưởng và ủng hộ tiki bao nhiêu thì giờ thất vọng bấy nhiêu. tôi cần một câu trả lời thích đáng từ tiki !!!!!!!!!!!!!!, lần trước mua 6 quyển rất ok mặc dù có hư góc sách do đóng thùng không chắc chắn nhưng mình đã vote 5 sao. lần này mua 1 quyển có ghi chú tặng kèm quyển black cat nhưng không thấy. thà là không ghi :(, Không nhận được đĩa cd-rom, Đơn hàng giao chậm hơn dự kiến 1 tuần nhưng em không hề nhận được thông báo sẽ giao hàng chậm. Tiki nên xem lại cách gói hàng vì khi em nhận đc sách thì mép sách đã bung ra rồi ạ. Em không nghĩ việc bỏ ra hơn 400k lại nhận về một quyển sách bị hỏng mép sách đến mức bung cả lớp giấy bìa mỏng in bên ngoài đâu ạ. Em cảm ơn, Mình chỉ nhận được sách mà không có đĩa và key?, Mình chấp nhận mua Tiki với chất lượng sách không thể như mới 100% nhưng bỏ ra hơn 500K mua sách bẩn và bị gãy nếp như hình thì tệ quá. Sẽ không tiếp tục mua Tiki nữa. Thanks, Đầu tiên , em xin cám ơn vì cuốn sách rất bổ ích. Nhưng em xin có một vài nhận xét là cuốn sách rất cũ , nhìn như bị nhàu vậy. Em khá thất vọng ạ., Thiếu CD-rom. Giải quyết chậm, Đơn thứ 1 tôi nhận được một cuốn nát, bẩn như sách cũ và đã phải liên hệ trả để đặt lại cuốn khác. Cuốn thứ 2 OK hơn nhưng lẽ ra cuốn giao lần đầu đã phải kiểm tra kỹ trước khi giao cho Kh, "
111285062,"## Tóm tắt Feedback về cuốn sách ""Đắc nhân tâm"":

**Phản hồi tích cực:**

* **Nội dung:** Hầu hết mọi người đều đánh giá cao nội dung sách, cho rằng nó bổ ích, hay và đáng đọc. 
* **Giao hàng:** Giao hàng nhanh chóng, đúng hẹn, nhiều người nhận được hàng sớm hơn dự kiến.
* **Đóng gói:**  Đa số đánh giá đóng gói cẩn thận,  sách không bị hư hại,  nhưng một số trường hợp bị sơ sài.
* **Chất lượng sách:** Sách đẹp, dày dặn, giấy tốt, bìa cứng cáp. Nhiều người nhận xét sách xịn xò, giá rẻ hơn ngoài thị trường. 

**Phản hồi trung lập:**

* **Kích thước:** Một số người nhận xét sách nhỏ hơn dự kiến.
* **Chất liệu:**  Một số người cho rằng chất liệu giấy không mịn, đường cắt giấy không sắc nét.
* **Bọc gói:**  Một số người nhận xét bọc gói không cẩn thận, sách bị cong, móp méo, thậm chí bị ướt do mưa. 
* **Hình thức:**  Một số người nhận xét sách bị cong, bìa bị trầy xước. 

**Phản hồi tiêu cực:**

* **Lỗi sách:** Một số người nhận xét sách bị in ngược, bị lỗi, bị dơ, rách. 
* **Đóng gói:** Một số người nhận xét đóng gói sơ sài, sách bị móp méo, ướt mưa, không có lớp chống sốc. 
* **Giao hàng:** Một số người nhận xét sách bị cong, móp méo, bị rách do quá trình giao hàng.
* **Chăm sóc khách hàng:** Một số người gặp khó khăn trong việc đổi trả sách lỗi online.

**Tổng kết:**

Đa số khách hàng hài lòng với nội dung, chất lượng sách và dịch vụ giao hàng của Tiki. Tuy nhiên, một số người  không hài lòng với cách đóng gói và chất lượng sách do lỗi trong quá trình vận chuyển. 
","Tích cực: Nội dung không cần phải bàn.
Bao gói hơi kỳ, nhưng sách nguyên vẹn không móp méo trầy xước. Giấy mịn, đường cắt tương đối. 
Bookcare không tỳ vết. 
Hơi có lỗi giấy một chút, nhưng đây là lỗi thường gặp và khá nhỏ nên bỏ qua được., sách xịn xò lắm cuốn sách này mình dã thích lâu lắm rùi nhưng bây giờ mới mua đươc mệnh danh là "" cuốn sách hay nhất mọi thời đại đưa bạn đến thành công"" sách này gần như một cuốn sách kinh điển à các bạn trẻ nên đọc để có những kĩ năng giao tiếp đỉnh cao ❤️cuốn sách khi mình nhận được thì nó hơi móp ở đầu nhưng không sao hộp cũng hơi nát rách nữa🤧 may mà shop tặng bookmark làm mình an ủi phần nào hic, Sách đẹp, nội dung nhiều mới lạ hơn lần đầu mua ( cuốn cũ ko phải của First new, bị hư trang giấy). Rất ưng ý cuốn này. Cảm ơn người bán nhé! 
Bạn giao sách đúng hẹn!, Sách đẹp nha. Lần đầu mau sách ở tiki góp ý nên bọc thêm chống sôcs cho sách chứ gói như vậy giao vệ sách bị cong hết luôm ấy, giao hàng nhanh lắm, mới đặt hồi trưa mà chiều đã nhận đc r. Đóng gói hàng đẹp, chắc chắn. Sách đẹp, dày dặn. Mình chưa đọc nên k biết nội dung ra sao nhưng mà chung là hài lòng lắm ❤️, Hàng gửi không bị lỗi, giao hàng nhanh.
Sách còn đẹp,khá mới.
Tất cả đều ổn đối với 1 cuốn sách.
Hàng đóng gói khá sơ sài. May mắn không bị hư hại.
Góp ý mặc dù sách bìa mềm nhưng mong shop có thể bọc kiến lại như là sách bìa cứng, Sách đẹp, giao hàng đúng hẹn, nhanh lắm, mình ở HN, đặt chiều tối hôm trước sáng hôm sau có liền. Mình có mua gói bookcare nên được bọc sách sẵn luôn, mặc dù giao trễ hơn 2 ngày (dự kiến là 19-1 nhưng lại giao vào 21-1) nhưng mà dịch bệnh mink có thể thông cảm được. Vì lần đầu mink mua sách trên Tiki nên có chút lo, nhưng mà sách đẹp ngoài tưởng tượng luôn... nên mua nha mm, Nội dung hay, đáng suy ngẫm, bìa và giấy đẹp, chất liệu tốt, Shop giao hàng nhanh, đóng gói cẩn thận, check mã vạch chuẩn. Tặng shop 5 sao. Cám ơn shop, ko thể tin nổi luôn á, lúc mở ra mà bị sốc ý nó bị sâu vô một lỗ như bị cái cây gì đâm thẳng vào í dường như sắp rách luôn. Mà ko sao ko ảnh hưởng đến chất lượng là được gòi. Cảm ơn., Hehee lần này tiki giao sách k bị móp như trc nữa, quá là tuyệt vời luôn. Nd thì k cần phải bàn, vì hầu như những ng yêu sách và thích đọc sách đều có cuốn này trên kệ :3, Sách đẹp, không bị hao tổn gì, gói cẩn thận, giao hàng nhanh, nội dung lôi cuốn, hấp dẫn, Sách nên đọc rất bổ ích cho phát triển bản thân cx như giao tiếp tốt hơn, In ấn đẹp, đắc nhân tâm là quyển sách mình nghĩ ai cũng nên đọc 1 lần trong đời, theo mình thì thấy sách rất hay ý nghĩa, Đẹp tuyệt, Tiki Trading khỏi phải bàn rồi. Rẻ hơn ngoài 20k :v, quyển này mk thấy feedback hay nên mua đọc thử, nhưng mk đang đọc nốt mấy cuốn khác nên chưa đọc thử
đóng gói cẩn thận, Tôi biết ơn vì Dale đã dành rất nhiều công sức để chia sẻ những hiểu biết của mình về việc giao tiếp để tôi có thể học hỏi về điều vô cùng quan trọng trong cuộc sống, Đóng gói cẩn thận, chất lượng giấy khá ổn và nót 1 ít giấy chắc để chống sốc, Tuy phần góc có hơi nhăn nhưng chất lượng với giá oke là dc ròi🥹, Quá tuyệt vời quyển sách về eq hay nhất mà tôi từng đọc, OK, giao hàng trước hẹn, rất hài lòng, Ok sách hay
Đóng gói cẩn thận, sách hữu ích miễn bàn rồi. Giải quyết đc hầu hết các vấn đề mình cần và học thêm những cái mình còn thiếu. Sách dạy ng đọc cách nhìn ng cũng như cách điều chỉnh ứng xử của bản thân, Đúng theo hình  đều tốt, Đắc nhân tâm là cuốn sách hay nhất , Tiki giao hàng siêu hoả tốc luôn ạ , giá rẻ hơn những chỗ khác , luôn lựa chọn tiki để mua hàng 💯❤️‍🔥💯 rất uy tínn, Nội dung nghe bảo là hay,in ấn đẹp sách không bị móp méo,shop nhiệt tình mọi người nên mua nhen, sách okla lắm luôn, rất thích ạ, chất lượng 100%%%%%%%%%, mn yên tâm mua nhé, giao rất là nhanh mình vừa đặt hôm qua hôm nay đã nhận ròi, sách này thì rất nổi rồi nội dung hay lắm luôn, có hộp và bìa để tránh bị df góc nữa. Recommend nhaa, Giao hàng đúng hẹn
Sách dày dặn nhưng cầm khá nhẹ
đóng gói có hơi sơ sài nên sách bị cong với bẩn một xíu nhưng ko sao đây chỉ là lỗi nhỏ thôi,ko ảnh hưởng gì đến sách cả, Sách giao nhanh, nhưng bị móp phần đầu, rách gáy, sách tuyệt lắm nhé mọi người, đẹp, bìa chắc chắn, giấy không mịn lắm nhưng màu tốt cho mắt, chưa đọc nen chưa thể đánh giá nội dung đc, bổ ích sách mới bao kĩ có điều cuốn biện luận tư duy k đc bao bìa như cuốn đắc nhân tâm, sách hay sẵn rồi mà đóng hói ko có chông sốc nha, sách được đóng gói cận thận, giao hàng nhanh, sách hay, Đã đọc cuốn sách này trước đó nhưng là của người khác, đến giờ mới quyết định tậu riêng cho mình 1 cuốn, rất đáng nha., 1 quyển sách đáng đọc và sở hữu trong kệ sách. Bìa cứng, đẹp, Có bookcare, tuy nhiên shipper JNT số đuôi 199 làm mình không hài lòng, Sách hay, Sách đẹp, trang dày dặn nheung cầm rất nhẹ tay. Xịn xò mà giá rẻ 👍, Chất lượng giấy tốt bìa hơi xước nhưng cũng hông đến nổi nào,sách rất đẹp ạ., Tuyệt vời chất lượng 10₫ cả sách, lẫn thời gian giao hàng, Sách hay quá trời ui, học hỏi được nhiều thứ từ sách và bìa sách cực sang xịn mịn lun, Tiki Ship rất nhanh ạ. Sách thì mình đang đọc nhưng đây là cuốn kinh điển rồi nên không cũng  gì phải bàn cãi về nội dung. Shipper cũng rất thân thiện và lịch sự., Okok, Sách in đẹp, nội dung hay., Sách hay, Tiki giao hàng nhanh, gói hàng đẹp, một cuốn sách rất nổi tiếng từ xưa đến nay
nó để lại nhiều giá trị nhiều kiến thức rất bổ ích cho chúng ta... rất xứng đáng để chúng ta mua về, Giao hàng nhanh, thái độ nhân viên nhiệt tình, sách thì khỏi chê, Rất bổ ích, Sách đẹp, giao nhanh, Giao hàng siêu nhanh, bọc cẩn thận kĩ lưỡng. Còn về nội dung sách thì quá đỉnh roii. Yêu sách của Tiki quá, Tuyệt vời, đóng gói cẩn thận, Sách dày, tận 343 trang, bị móp một vài cạnh nhưng nội dung hay nha 😍, cuốn sách cần có trong mỗi giá sách, và mình cần phải đọc đi đọc lại nhiều lần vì lâu lâu lại bị quên, cần đọc để học hỏi lại, Goood, Sách đẹp lắm, giấy ok, vận chuyển nhanh, Đóng gói rất kĩ lưỡng, Khỏi phải bàn, Sách đẹp miễn chê nội dung hay dọc câu nào thấm câu đấy xứng đáng là cuốn sách gối đàu dường cảm ơn shop cảm ơn tiki, Giấy đẹp. Còn nguyên màng co. Hình không liên quan do chưa chụp, Đóng gói rất kĩ, giao hàng nhanh, sản phẩm như hình., Sách về sớm, mình chọn để thứ 3 mới giao mà sáng thứ 2 đã đến. Sách thật sự rất hay và có tính ứng dụng cao, sách hay, nhiều trang nhưng không nặng, tuy nhiên thì góc sách hơi rách 1 chút nhưng nhìn chung là được nhé. Nội dung thì miễn bàn luôn, rất hay, Hàng tạm ổn....chất lượng......giá rẻ hơn ngoài thị trường....nếu tiki cho thêm nhiều voucher nữa thì quá tuyệt, Sách rất tốt, giao hành nhanh cho 5sao luôn, Giao nhanh & chất lượng tốt lắm. Đẹp & mới, Nội dung hay sách đẹp ko bị nhăn hay móp giao hàng nhanh sách đẹp sẽ mua lại, - Tiki giao hàng nhanh, đóng gói cẩn thận, bookcare đẹp.
- Sách nội dung hay, ý nghĩa., Sách tốt, đóng gói cẩn thận, sách rất là ok nha mọi người không móp méo hay gì hết, Sách đọc hơi khó, dành cho người kiên nhẫn, Ok, Cuốn sách gối đầu giường 👍, sách rất đẹp nhưng mà không có bọc nên hơi bụi, Đóng gói khá sơ sài. Nhưng nhìn chung sách vẫn nguyên vẹn. Đẹp. Nội dung Hay!, Sách đẹp ❤️, bìa đẹp in chang trong hình ưng ý, Sản phẩm đóng gói chắc chắn, giao hàng đúng thời gian thông báo. Hài lòng sau khi mua sản phẩm., Giao hàng nhanh, sách đẹp lắm ạ, Tuyệt vời, Bổ ích và đáng đọc, Giao hàng nhanh, Sách đẹp đỉnh lun 😍😍, Good, giao hàng nhanh, đóng gói cẩn thận. 10đ, Sách hay lắm nha mn giao hàng ko có chống xóc nhưng vẫn ok ạ, Sách mới in, đẹp đóng gói cẩn thận, Sách đẹp, giá hợp lí, giao hàng nhanh, Sách đệp lắm nha mọi người ơi bìa đẹp nên mua nên mua nhaaaaaaa, h ms có tiền mua, chứ trc h toàn lên YouTube nghe đọc sách k à. tác phẩm kinh điển r, xuất sắc, Giao hàng trời mưa nên bị ướt bên ngoài, may mà sách k bị sao cả, sách đẹp lắm, mình rất vừa ý, Giao hàng nhanh chất lượng,đúng sách., Sách xịn xò lắm, 👍👍👍👍👍👍👍, Ukm I will let you know if you have time for, Sách chuẩn, đẹp, giao hàng nhanh, Ok. Thích quá. Mua thêm 1 cuốn nữa., sách chất lượng, giao hàng nhanh, hài lòng về sản phẩm., chất lượng sách rất tốt mặc dù không có bookcare, Sách hay, Sách đẹp và ý nghĩa. Giao hàng nhanh, Sách đúng ảnh minh hoạ, bao bọc cẩn thận, giao hàng nhanh, sách hay nên đọc, Sách dày dặn rất đẹp
Giao hàng siêu nhanh 
Cám ơn, 
Trung lập: Mình rất hài lòng với tốc độ giao hàng, cuốn sách nhỏ hơn mình nghĩ. Nội dung thì mình chưa đọc, và mình cũng không có thói quen highlight lên sách nên không thể *** chất liệu sách cho mn, mn có thể nhìn dưới ảnh. Tuy nhiên mình sẽ đánh giá 5 sao nếu shop gói hàng cho mình có thêm một miếng nilong vì giao hàng mưa nên giấy của mình bị cong hết rồi ạ!, Tầm chục trang đầu bị đè do khâu vận chuyển tiki (hình 1) sách thì mới đẹp. Nội dung thì như những cmt khác rồi không còn gì để nói nữa. Tại mình là một người kĩ tính không thik bị cong sách nên 4* thôi., Giao hàng đúng dự kiến. Sách nhận được hơi cong ở mép sách. Sách có tặng kèm bookmark. Sách có chất giấy khá nhẹ nên quyển sách cầm cũng rất nhẹ tay. Tuy nhiên sách được cắt rất cẩu thả, mép giấy nham nhở trông rất mất thẩm mỹ., Mình nghĩ cuốn này chắc hẳn các bạn nào thích đọc sách cũng phải có hoặc phải đọc qua luôn í, mặc dù nội dung mình chưa đọc không thể reviea nhưng mà mn cũng biết cuốn này nổi tiếng quá rồi nhỉ, về phần hình thức sách rất đẹp tuy dày nhưng rất là nhẹ luôn  👍🏻👍🏻, Sách dày dặn đẹp bìa cứng cáp nhìn ưng lắm luôn. mà đợt này bọc gói bookcare ở Hà Nội quá ẩu, bọc như k bọc, cái mép bé xíu mở quyển sách ra là rớt bọc tức gì đâu, Hình minh họa ổn, sách in rõ nét nhưng bìa bị cong, kh bt do vận chuyển hay do shop, Nhà sản xuất nên lưu ý vì sản phẩm khi mua về bị gấp, sờ gợn gợn sẽ khiến cho người mua cảm thấy mất quyền lợi khi nhận hàng., bìa sách bị trầy xước! quyển này mình mua để tặng, tiếc quá., Shipper thân thiện lắm ạ. Đóng gói hàng cẩn thận nhưng vẫn xu bị trầy góc ạ, ổn, hộp ko móp méo sách đẹp. Nhưng hơi sơ sài chỉ có cái hộp ko cuốn sách cũng ko bọc gì để trơn vậy thôi 
nhưng với giá thì đáng tiền nên mua!, Nói gì thì nói cuốn này là trùm cuối của các thể loại sách dạy cách nịnh bợ người khác., Bề mặt giấy không được mịn, đường cắt giấy không được sắc. Mọi người cân nhắc trước khi mua
Ảnh tham khảo mình để ở dưới, Đắc nhân tâm không cần phải bàn về nội dung. Giao hàng nhanh. Đóng gói cẩn thận, Chất lượng tốt giao hàng nhanh 
Dsongs gói sơ sài làm hỏng mép sách, Sách có nhiều vết trầy, bìa bị gãy ở mặt trước, thực sự giống hàng second hand, Mua tiki nhiều r biết cách đóng gói sơ sài nma lần này thất vọng nhé nhìn sách nó cong mà đau, Nhìn chung sách khá ổn hơi xước bìa 1 chút nhưng không sao, Sách bị gẫy mép giấy do bọc và di chuyển sách, Nội dung bổ ích, trình bày dễ hiểu, Sản phẩm sạch đẹp, kg gãy góc, 
Tiêu cực: Sách bị in ngược. Không đổi trả online được. Mua sách bị lỗi nhưng không đổi trả online được. Nhờ tiki coi lại, giao hàng bị móp rồi mong shop đổi lại, Nói thật đóng gói không nổi một lớp chống xốp hay gì khác ! Để mưa ướt hết sách. Sách dơ rách. Không hiểu nổi ???, đặt 1 giao 2 tính tiền 2 cho 1 sao, "
112110014,"## Tóm tắt feedback về sách ""Tâm lý học ứng dụng""

**Phản hồi tích cực:**

*  Nhiều người khen ngợi nội dung sách hay, khai sáng, kiến thức thực tế, dễ hiểu và ứng dụng được vào cuộc sống. 
*  Đánh giá cao chất lượng sách: bìa đẹp, giấy tốt, in rõ ràng.
*  Giao hàng nhanh chóng, đóng gói đẹp và cẩn thận.
*  Giá cả hợp lý, nhiều người mua được sách giảm giá.

**Phản hồi trung lập:**

*  Một số người cho rằng nội dung sách hơi lan man, không phù hợp cho những ai muốn tìm hiểu sâu về tâm lý học.
*  Nội dung sách có thể  không phù hợp với người mới bắt đầu tìm hiểu về self-help vì  tương đối khô cứng.
*  Một số đánh giá về đóng gói sản phẩm: có người hài lòng, có người cho rằng  nên cải thiện.
*  Có người hài lòng về chất lượng sản phẩm, nhưng chưa đọc nên chưa cho đánh giá 5 sao.

**Phản hồi tiêu cực:**

*  Một khách hàng phàn nàn về việc Tiki khóa tài khoản không lý do và không giải quyết vấn đề.
*  Nội dung sách được đánh giá là thực dụng, hời hợt, thiếu tính hệ thống, lan man.
*  Chất lượng sách bị nghi ngờ là hàng giả.
*  Shipper có thái độ không tốt với khách hàng.
*  Nội dung sách được cho là chán, không thiết thực.
*  Giá sách bị cho là cao so với nội dung.
*  Có trường hợp shipper thu thêm phí ship dù khách hàng đã thanh toán toàn bộ.
*  Đóng gói sản phẩm không tốt, sách bị hư hỏng.


**Tổng kết:**

Phần lớn phản hồi về sách ""Tâm lý học ứng dụng"" là tích cực. Nội dung sách được đánh giá cao về tính thực tế và dễ hiểu, giúp người đọc  áp dụng vào cuộc sống. Tuy nhiên, một số người  cho rằng nội dung sách hơi lan man và không phù hợp với  người mới tìm hiểu về self-help.  

Ngoài ra,  còn có những phản hồi tiêu cực về chất lượng sản phẩm, thái độ của shipper và dịch vụ của Tiki. 
","Tích cực: Tui thề là tui lọt hố quyển này luôn rồi. Mua về mới đọc đc nữa quyển hoi. Mà thấy như đc khai sáng bộ não *** sì này. Kiến thức thực tế *** chưởng. U là chời. Lần đầu mua sách tâm lí đọc mà cảm thấy nó đáng kinh khủng. Mua về đọc đi mn., Cực kỳ hài lòng
Sản phẩm có chất lượng đúng như mô tả, đóng gói chắc chắn, rất đáng tiền, giao hàng nhanh. 
P/s: Không có thời gian chụp hình nên mình lấy đỡ hình trên mạng up, Về sách: sách đẹp, thơm. Nội dung lôi cuốn, khá dễ hiểu, mình đọc liền 4 chương luôn 🥰
Về Tiki: đợt này Tiki bọc bookcare đẹp nè, có lần bọc cho mình một quyển khác mà nhìn rất xấu, trông cứ như có nước bên trong vậy á. Giao hàng nhanh, qua một ngày là đã tới tay rồi 😗, Nội dung hữu ích cho ai quan tâm tới lĩnh vực tâm lý học nên người ko phải chuyên môn đọc sẽ khó hiểu.
Sách in rõ ràng, bìa đẹp, giao hàng nhanh!, giúp chúng ta nhìn rõ hơn trí thông minh xã hội nhưng nhận thức về mặt tâm lý về được mất hiệu ứng himalayon và lộ trình đơn giản vì bản thân một con người như là ai cũng nói về mình có đồng minh thích sự tích cực tiếp theo là ý thức về sự đồng cảm và điều chỉnh chúng bao gồm là thuyết tâm trí phổ cảm xúc mô hình phổ cảm xúc tiếp đến là thảm họa xã hội bao gồm những lời khuyên về việc đừng che giấu đừng quá tử tế đừng lảng tránh ánh mắt của một ai đó đừng tỏ ra ngầu những người là phô diễn thành tích khiêm tốn quá mức phân vân mọi thứ những lời khen giả dối và mục đích sau những lời như vậy ngoài ra còn có nói về là tỏ vẻ khiêm tốn đạo đức giả và kiêu ngạo các bạn sẽ đọc quyển này, Sách nói về tâm lý, hành động con người dựa trên các nghiên cứu khoa học. Nội dung dễ hiểu, nên đọc. Tuy nhiên có vài chỗ in bị lỗi mực, ko biết phải do cuốn của mình thôi ko., Về Giao hàng: Giao hàng nhanh
Về đóng gói: Tiki luôn tuyệt vời, gói đẹp
Về chất lượng sách: Tuyệt vời ông mặt trời
Về nội dung sách: toàn những tác phẩm bán chạy toàn cầu thì chất lượng không phải bàn.
Về giá cả: rẻ không tưởng

Xin cảm ơn TIKI ❤️❤️❤️, Mình cho 5 sao vì: Bìa đẹp, sách tốt. Còn nội dung thì mình không thích lắm. Sách hơi lang mang, chỉ cần đọc tên các mục thôi là đã biết sách muốn nói gì., Chương mục được chia khá khoa học, có tổng kết các chương. Nội dung đi từ lý thuyết chung tới thực tiễn. Phù hợp với những bạn có nền tảng nhất định về những vấn đề tâm lí, con người, cảm xúc xã hội., Nội dung của sách rất là hay. Và mình mua 1 lần 1 bộ sách tâm lý để đọc và hiểu bản thân mình hone. Nhưng cuốn sách hình như là hàng trưng bày, có nhìu vết dơ trong sách và bìa. Nhưng vẫn may nội dung k bị ảnh hưởng. Shop lưu ý nhé, Uôi giao hàng nhanh thật mới qua đặt nay đã có. Chưa đọc nên chưa biết. Bọc hàng sơ sài may mà sách không nghiêm trọng lắm.., Sách đẹp xịn mịn đóng gói giao nhanh nma đóng gói hơi qua loa k có bọc bve hay gì chỉ nhét vào hộp thui. Nma sách vẫn sạch đẹp mới đáng để mua và thử nhé, Sách hữu ích tuy nhiên shop để sách hơi bụi trông hơi cũ cũ, cần phải vệ sinh sách trc khi giao, Khá ổn. Rất bổ ích. Có chút tì vết, Sách hay,vừa tay nên nằm đọc rất tiện.Phù hợp với hầu hết mọi người.Kiến thức thực tiễn dễ ap dụng,rất đáng xem!, Sách hay, chia sẻ về một số thuật tâm lý có thể khiến bạn ngã ngửa và tự hỏi sao mình không biết sơm hơn, Sách viết dễ hiểu, có tính ứng dụng cao. Nên đọc để có thể giao tiếp với mọi người tốt hơn và đạt được những điều mình muốn, Nội dung mình thấy ổn. Sách mỏng nhưng chất lượng bản in đẹp. Nên thêm bookmark  chắc sẽ ổn hơn so với giá, Tốt, Giao hàng nhanh, chất lượng sản phẩm tốt, Giao hàng siêu nhanh luôn á. Mục lục sách khá hấp dẫn, chứ nội dung thì chưa đọc =)), Chưa đọc nhưng giao hàng nhanh và sách mới đẹp, Chưa đọc nhưng thấy ngoại quan ổn, sách chuẩn real, chất lượng, giao hàng nhanh, có điều sách ko đc bọc bao bóng, may ko sao, giao hàng nhanh, sách không bị móp méo, bìa nhìn rất đẹp, nội dung chưa đọc nên chưa có nhận xét cụ thể., Sách đẹp, đóng gói cẩn thận, tuy dịch giao hàng hơi lâu xíu nhưng vẫn hài lòng. Bìa sách đẹp, không bị cong hay móp góc. Chữ in to rõ, không lem hay nhoè. Tuyệt vời, nếu bạn quan tâm nhiều về mặt hình thức, thì bìa sách có bị xước chút đỉnh, Sách mới nhận hồi sáng mình chỉ mới đọc tới chương 2 nên cũng chưa cảm nhận được thứ mình đang tìm kiếm trong cuốn sách nên chưa đánh giá kĩ càng đc, sách hay bổ ích rất nhièu thứ có thể áp dụng vào thực tế. tiki giao hàng nhanh, mua giá giảm nên thsich ghê á, Sách rất ô đóng gói ổn nên mua, Sách về sớm, mình chọn để thứ 3 mới giao mà sáng thứ 2 đã đến. Sách thật sự rất hay và có tính ứng dụng cao, tiki giao hàng tuyệt vời giao siêu nhanh cực đỉnh quyển này không được bọc nhưng ko hỏng gì nên không sao, 10đ cho giao hàng, Chất lượng giấy tốt, nội dung nhỏ gọn, giao hàng nhanh, sách đẹp, Sách rất hay và thú vị. Lúc đầu hơi tiết tiền nhưng sau thấy rất đáng để bỏ tiền ra mua., hàng gói cẩn thận, đẹp và giao hàng nhanh shipper siêu dễ thương, sách hay, đóng gói cẩn thận và giao hàng nhanh chóng, rất hài lòng 👍, Bìa hơi xước một xíu, đóng gói đẹp chỉnh chu nhe, Bao bìa đẹp, nd ok, Chất lượng tốt,giao hàng nhanh,giảm 50% nên khá rẻ, Sách mới, đóng gói tốt, giao hàng trong ngày, Sách rất hay rất nhiều điều bổ ích giá lại rất rẻ anh síp pơ vui tánh, Điểm 10 vì chất lượng. Nội dung sáchh giải thích rõ, Tôi đã mua và đọc nó. Sách hay, đáng mua!, Tuỵt dời, Giao hàng nhanh chóng. Sản phẩm tốt, chất lượng ổn. Rất đáng tiền. Chúc shop đắt khách., quá tốt nhưng tui bị bn mượn trong h học và bị cô tịt thu sách rất tốt nhưng đừng cho bn mượn of ơn, Rất hay, đóng gói ch cẩn thận. K bọc quanh sách các vật để bảo vệ, lúc giao hàng ts thì thùng hơi méo mó., sách giao nhanh , không bị móp, rất hay và thú vị! dành cho những ai thích tâm lý và khám phá bản thân!, Mình thấy sách in đẹp đáng mua, Giao hàng nhanh chóng, sách không nhăn, sách đẹp, giấy mực in dễ đọc. giao hàng nhanh. cảm ơn tiki, Sách hay, Hay, khá hay, có vẻ nội dung và tựa đề không liên quan lắm, Tuyet voi, ổn, Chưa có thời gian đọc nhưng chất lượng sách tốt!, nhận sớm hơn dự định. chưa đọc nhưng xem mục lục có vẻ phù hợp., Sản phẩm tốt, dùng khá ổn, giao hàng đúng cam kết., Yess, sách mới, không bị lỗi, nội dung ổn, sách hơi dông dài đọc hơi mệt, nên mình chỉ đọc tổng kết chương cuối mỗi chương thôi à :)), Nội dung hay, giúp mình mở ra được rất nhiều điều mới!, Rất hay mọi người nên đọc có thêm nhiều kiến thức trong tâm lý, Giao hàng nhanh nhưng nay không có bill kèm theo, sách nhỏ và mỏng hơn mình nghĩ, rất hài lòng, giao hàng cực nhanh. đóng gói cẩn thận, đầy đủ. rất hài lòng, Sách đẹp. Chỉ có mỗi chuyện mua xong thì tiki sale đậm hơn thôi 😂, sách đọc khá thích, 
Trung lập: Sách đoạn đầu hơi lan man nhưng nửa sau thì rất hay. Có điều bạn nào muốn tìm hiểu về tâm lý học chuyên sâu thì không phù hợp lắm, sách này giống như chỉ mẹo tâm lý làm người khác thích mình hơn. Nhưng mình nghĩ mấy bạn nên đọc, kỹ năng trong sách giúp các bạn hạn chế gặp các mối quan hệ tiêu cực tốt lắm á, giao hàng rất nhanh, mình vẫn đang trong quá trình nghiên cứu tâm lý nên chỉ đánh giá tốc độ giao hàng sản phẩm đẹp đúng như info QC, Bìa sách ko bị nhăn như các cuốn khác, các góc cũng ko bị gập, giấy ko bị nhăn nheo,... tóm lại về hình thức thì rất ổn nma chưa đọc nội dung nên ko thể cho tối đa 5 sao được :), Hàm lượng kiến thức không nhiều.
giải thích đúng nhưng chung chung, mình khá hài lòng về sách, nhưng mình mua mấy lần rồi, mình nghĩ Tiki nên cải thiện về cách đóng gói!, Giao hàng nhanh, nhưng đây là sách đã xuất bản vào năm ngoái, Viết rõ ràng, mạch lạc. Phân tích vấn đề sát sườn và có giải pháp cụ thể để áp dụng các khía cạnh tâm lý vào điều chỉnh và phát triển bản thân. Dịch khá mượt, Đóng gói kỹ càng chất lượng. Mới nhận ngày 23/06/2022 chưa đọc lần nào. Nghe bảo sách hay., Như sách nghiên cứu khoa học, nội dung cứ chung chung mà hầu như có trong mọi sách self help. Không thích hợp cho người mới bắt đầu tìm tòi về sách self help vì tương đối khô cứng., Ổn., bụi và trầy nhẹ. sách hơi bé hơi tưởng tượng của mình.., Đang dùng dk đang đọc sẽ tìm hiểu thêm, Sách hay, tuy nhiên có một vài trang in lỗi. Nếu như có thêm bookmark nữa thì tuyệt. Ncl ổn, Vừa lấy,nhà sách k có bọc b vệ nên bị ảnh hưởng 1 chút ở góc do vc nên cho 4 sao. Nếu đọc hay thì cho lại 5 sao, Giao hàng nhanh. Sách hay, Đóng gói tạm ổn. Nhưng chưa thẩm mỹ lắm theo ý kiến cá nhân, Giao hàng nhanh, đóng gói cẩn thận ạ, giá còn rẻ hơn so vs giá bìa❤️, Sách okila, ko bị móp, nội dung dễ đọc, có tính ứng dụng, rcm mn nên mua nhaa, Nội dung khó tiếp cận, 
Tiêu cực: Tiki tự ý khóa tài khoản của khách hàng mà không thông báo lý do, điện thoại hỏi tổng đài thì nhân viên nói sẽ báo với các bộ phận liên quan để giải quyết. Đến nay 06 ngày rồi vấn đề của tôi vẫn chưa được giải quyết, tôi sẽ đánh giá 1* cho các đơn của Tiki Trading để phản đối cho sự mất uy tín này., Sách viết hơi thực dụng và nhiều chỗ có vẻ hời hợt. Nhìn chung nội dung sách được viết theo kiểu đúc kết kinh nghiệm là chính, thiếu tính hệ thống cũng như diễn giải nhiều chỗ còn lan man., Chất lượng sách ngang ngửa sách giả :/, Shipper thái độ, chửi khách, tội bận việc không nghe máy được, lúc sau anh ta gọi lại chửi tôi, lúc xuống nhận hàng lại cũng chửi tôi lần nữa. Lần đầu tiên tôi mua hàng online mà gặp shipper thể loại này, Sách viết không đưa ra bằng chứng nghiên cứu gì hết. Từ nay sách của thương hiệu 1988 mình sẽ cân nhắc kĩ hơn trước khi chọn mua., Nội dung chán. Không thiết thuqcj, Sách mỏng, nội dung đơn giản, giá cao, Đã thanh toán toàn bộ qua *** pay, nhưng shipper vẫn thu 10.000 tiền ship, Hồi trc đóng gói chắc chắn, có bao bong bóng chống sốc! Nay chả có gì, sách quăn góc hư tè le! Mua trên tiki trading đấy! Quá tệ!!!, "
113530805,"## Tóm tắt phản hồi về sản phẩm:

**Phản hồi tích cực:**

* **Đóng gói:** Đóng gói sản phẩm chất lượng, nhưng cần cải thiện thêm lớp mút lót để bảo vệ sách tốt hơn.
* **Giao hàng:** Giao hàng nhanh chóng, dịch vụ tốt. Shipper lịch sự, chu đáo.
* **Sách:** 
    * Chất lượng sách tốt, đẹp, cầm nặng tay, không bị móp méo.
    * Nội dung sách hay, hữu ích, truyền cảm hứng, gần gũi, dễ đọc, dễ hiểu.
    * Sách gợi ý nhiều hướng giải quyết vấn đề và cách trả lời những câu hỏi của tuổi trẻ.
    *  Giá cả hợp lý, rẻ nhất thị trường.
* **Tổng quan:** Rất hài lòng về sản phẩm, dịch vụ và shop.

**Phản hồi trung lập:**

* **Đóng gói:** Bọc hàng khá kỹ nhưng sách không có seal, nên hơi tiếc.
* **Giao hàng:**  Giao hàng nhanh nhưng có vấn đề về đóng gói như: sách bẩn, cong, không có seal,  gói hàng sơ sài.
* **Sách:**  Chất lượng sách tốt nhưng bìa hơi cũ, có sách bị xước. 

**Phản hồi tiêu cực:**

* **Đóng gói:** Đóng gói sơ sài, không có lớp chống sốc, làm sách bị trầy xước, móp méo. 
* **Giao hàng:** Giao hàng nhanh nhưng có vấn đề về đóng gói, làm sách bị bẩn, cong, không có seal.
* **Sách:**  Chất lượng sách không tốt, bìa bị rách, có sách bị móp, dính, xước.
* **Nội dung:** Nội dung sách không hay, không hữu ích, cách viết không phù hợp với nhiều đối tượng.

**Nhận xét chung:** 

* Khách hàng đánh giá cao về chất lượng sản phẩm và dịch vụ giao hàng nhanh chóng của Tiki. 
* Tuy nhiên, khách hàng cũng góp ý về vấn đề đóng gói sản phẩm cần được cải thiện để bảo vệ sách tốt hơn, tránh bị trầy xước, móp méo. 
*  Về nội dung sách, khách hàng có ý kiến trái chiều, một số người đánh giá cao, một số khác lại cho rằng sách không hay hoặc không phù hợp với họ.
","Tích cực: Đóng gói sản phẩm chất lượng
Sách cầm nặng tay, k bị móp méo
Mình đọc qua rồi mới đánh giá, nên trong ảnh chụp sách không được mới lắm
Nội dung thì khá ổn, có thể giúp mình hoàn thiện những thiếu sót trong chặng đường trưởng thành.
Rất khuyến khích những bạn sắp và đang ngồi trên giảng đường để có thêm nhiều định hướng cho bản thân., Một quyển sách có giọng văn gần gũi mình rất thích. Sách đã gợi ý cho mình nhiều hướng giải quyết vần đề, gợi ý cách trả lời những câu hỏi mà tuổi trẻ mình thường đặt ra, mong lung trước bước đường đời. Và sách cũng truyền nguồn cảm hứng mới, tạo động lực hành động cho mình., Sách đẹp, giá thì khỏi bàn, rẻ nhất thị trường rồi. Dịch vụ tiếp nhận-đóng & giao hàng rất nhanh/tốt luôn, ngoại trừ ở khâu đóng hàng thì Tiki nên đầu tư thêm lớp mút lót bao sách lại cho những người mua như mình an tâm hơn. 

Về nội dung sách thì mình chưa đọc tới nên chưa đánh giá được., Sách mình mới đọc thôi, mua cuốn này để tặng, đọc hay lắm nha, trích dẫn nhiều điều trong cuộc sống, Sách này quá nổi tiếng rồi mình mua về vì nghe thấy mọi người khen sách đọc sơ qua về tác giả thì cuộc đời của chị đang sống cũng giống như mong muốn của mình trong tương lai nên mình cũng có thiện cảm với quyển sách này mặc dù chưa đọc., Giao hàng nhanh, shipper lịch sự, bìa khá đẹp, mặt bìa sau hơi xước nhưng châm chước được. Mong shop và tiki ngày càng cải thiện, phát triển hơn nữa. Cảm ơn., Dày dặn, OK, giá ổn áp khá đc. Shipper dễ thương, ưng, nhanh hạn đúg! Dù hơi kô hay ở chỗ gáy quyển. Nói chung 8/10👌😗, sách đẹp và xịn. Giao hàng nhanh và đóng gói cũng ổn áp ạ. là sách best seller nên mình nghĩ sẽ rất đáng đọc. Sách của Rosie Nguyễn luôn là một điều đáng kì vọng!, Về Giao hàng: Giao hàng nhanh
Về đóng gói: Tiki luôn tuyệt vời, gói đẹp
Về chất lượng sách: Tuyệt vời ông mặt trời
Về nội dung sách: toàn những tác phẩm bán chạy toàn cầu thì chất lượng không phải bàn.
Về giá cả: rẻ không tưởng

Xin cảm ơn TIKI ❤️❤️❤️, giao hàng nhanh, có chống sóc ở bên trong, nhưng sách có phần trên của bìa nó bị móp, nhìn nó bị mất thẩm mỹ 1 phần, còn lại thì đều okela hết, Sách hay - Dùng cho các bạn đang mông lung con đường khi bước vào đời.
Tuy nhiên, cần phải xác định cẩn thận rồi hẵng lao theo
Quyết tâm thực hiện thì hậu quả hay kết quả cũng phải nhớ đó là con đường mình chọn., Nếu bạn đang có cảm giác mông lung trong một số aspects của cuộc sống thì nên đọc quyển này nhất là những bạn từ 16 tuổi bởi vì đó là độ tuổi cảm nhận được sự thay đổi sự lo lắng, sự định hướng nhất trong tương lai và đây cx là độ tuổi cần được hướng dẫn một cách đi đúng hướng nhất, Sách bìa đẹp, mới, có bọc bìa nhựa ở ngoài, khổ xách to đọc dễ, Sách nội dung ý nghĩa,hình thức đẹp, Sách ok lắm mn giao nhanh hộp bị méo nhưng sách bên trong k bị ướt mặc dù trời mưa nên mua ạ, Mình đọc cuốn này lần đầu cách đây 4 5 năm. Nó đã tác động tích cực đến mình.
Đây là cuốn thứ hai mình mua để tặng cho đứa cháu chuẩn bị bước vào những cửa đại học., Sách bọc bookcare nên mới, không có df gì, may ghê á trời, giao hàng nhanh, nội dung mình nghe review chê cũng nhiều mà khen cũng nhiều, cá nhân đọc nó đem lại cảm hứng cho mình thôi chứ cũng không ưng lắm, Nội dung sách dễ đọc, dễ hiểu. 
Cảm ơn những lời chia sẽ của chị Rosie Nguyễn., Cá nhân mình thấy cuốn này hay ạ, được nghe về những câu chuyện của những người trong sách để mình rút ra được kinh nghiệm cho bản thân ạ., Sách hay, các bạn trẻ nên đọc càng sớm càng tốt.
Qua các câu chuyện, góc nhìn của tác giả…ta sẽ bắt gặp những câu chuyện “na ná” giống mình, qua đó biết đâu sẽ có câu trả lời cho bản thân, chút động lực, chút “điên” để sống…, Giao nhanh, đóng gói cẩn thận. Đẹp, Sách đc đóng gói khá kĩ lưỡng mình rất hài lòng về chất lượng sp, shipper cx rất thân thiện nên mình rất thích, Mình mới đặt ngày 29.10 mà 30.10 nhận được rồi, ko ngờ giao lẹ vậy luôn ấy ạ, sách thì mình chưa đọc nhưng cuốn này quá nổi r luôn ạ, Sách được đóng gói cẩn thận, giao hàng nhanh!, Tuổi trẻ đáng giá bao nhiêu là một cuốn sách self help khá nổi tiếng đối với giới trẻ. Cuốn sách khá nhẹ nhàng, không quá cao siêu., Mình mới đặt tối qua mà sáng nay đã có rồi. Sách mới đẹp và ưng thực sự luôn ý ạ không có gãy hay rách chỗ nào luôn, Hay, b nào mới ra trường đọc đc quyển này là tốt nè, có gợi ý định hướng, ko bị mất thời gian hay sa đà phí thời gian như mình😕, Sách hay, bổ ích cho bạn trẻ. Sách của Tiki Trading thì không có chỗ để chê nha. Ủng hộ Shop 👍, Sách giao về không còn nguyên seal đâu và nhiều vết xước, nhưng mà mình không quá cầu kì. Giao nhanh và chất lượng phục vụ đỉnh nhé, Đóng gói cẩn thận, sách rất đẹp, tôi rất thích, Sách chất lượng. Giá ổn. Mục lục rõ ràng, nội dung hấp dẫn. Đóng gói kĩ, giao hàng nhanh nhưng gói hàng không kĩ. May là không bị ảnh hưởng nhiều đến sách. Hình ảnh chỉ mang tính chất đẹp😆😆😆, tác giả viết hay, hiểu cao biết rộng nhưng văn phong giản dị gần gũi,  ngôn từ mộc mạc. giá như được biết những điều mà tác giả chia sẻ sớm hơn thì... 1 người đã qua tuổi trẻ đã lâu., Sách cần thiết cho các bạn trẻ mình đọc mấy năm trước giờ mua tặng em mình, sách này cũng góp phần vào con người mình ngày nay, Hhhhsbdbd lan djdn skdoendof hdbdi, sách khá hay nhưng tiki gói hàng tệ quá
lần đầu mua mà đã ko hài lòng r dc cái giao hàng khá nhanh
sách ko bọc chống sốc j luôn
puồn ghê cơ, Bìa đẹp được bao kĩ vận chuyển tuy có một vài khó khăn nhưng cuối cùng tôi đã nhận được và vô cùng hài lòng về sản phẩm và thái độ của nhân viên đã hỗ trợ tôi nhận được sản phẩm, Sách viết hấp dẫn, chia sẻ thực tế và hữu ích, rất truyền cảm hứng cho cả lứa tuổi không còn trẻ nữa. Còn người trẻ thì thật sự nên đọc, Dành cho những người trẻ, các bạn sinh viên. Kiến thức thực tế cần biết khi ra đời., Sách đẹp, giao nhanh. Hôm trước đặt hôm sau đã có rồi., Nội dung sách bổ ích, dễ hiểu. Cách trinh bày gọn gàng. Bố cục dễ nhìn, dễ đọc., sách đẹp xỉu luôn í, lần đầu mua sách trên tiki khá sợ nhưng k ngờ là đẹp vậy, giao cũng nhanh nữa, Giao hàng siêu nhanh, sản phẩm đẹp, nội dung thì tuỳ mỗi ng cảm nhận, Ok, sách nhìn mới cứng cáp, mùi thơm nhưng đóng gói hơi sơ xài hộp bên ngoài móp hết nhưng k ảnh hưởng đến sách, Thích mua ở nhà sách fahasa vì cách đống gói rất cẩn thận, nội dung sách hay, Rất hài lòng về sản phẩm, sẽ ủng hộ shop thêm lần nữa, 5 sao, Nội dung sách hay , màu sắc bắt mắt, Mình thấy sách rất có ích cho các bạn trẻ, G, Đóng gói cẩn thận, Giao hàng nhanh, không bị gãy bìa, thật ra định cho 4sao bởi vì sách kh dc bọc hơi bị nhàu chút xíu, nhưng vì sách hay nên 5sao, Một cuốn sách hay, bên ngoài ok r, nhưng mà mink chưa đc nội dung sách nên chưa đánh giá dc chi tiết, Sản phẩm chất lượng. Cám ơn shop!, Sách rất đẹp, hay, Sách hay lắm nha. Trước mình có mua rồi, nay mình mua thêm để làm quà 🥰, mình rất ít khi đọc sách nhưng từ khi đọc quyển này là chăm đọc sách hơn hẳn luôn. Mọi người đọc thử quyển này đi nhé! tại vì nó hay lắm, lí do mọi người nên mua sách ở đây là chất lượng rất tốt, sale mạnh nên giá rẻ hơn so với thị trường, giao hàng nhanh còn nội dung thì tùy thuộc vào mỗi người, Sách ok lắm ạ vận chuyển nhanh hàng ko bị móp méo gì ạ 10 điểm, Đóng gói tuy không có gì đặc biệt nhưng sách đến tay mình tròn vẹn và rất nhanh nha. Còn nội dung thì mình xin phép không nói cái đó các bạn nên xem review. Nhưng về giao hàng và hình thức sách thì 10₫, sách siêu siêu xinh
phía sau có nhiều vệt gì không rõ nhưng vẫn okela, ship nhanh, sách xinh lắm,  không bị nhăn hay có bất cứ lỗi nào cả, còn nội dung thì đọc mới nhận xét được ạ ._., Sách đẹp lắm ạ, đóng gói kĩ nên ko bị trầy xước. Đọc xog sẽ ủng hộ tiếp cho shop😊, giao nhanh, Giao hàng hơi lâu. Sách ổn. Trang sách còn mới nhưng bìa hơi cũ, Nội dung lôi cuốn, giao hàng nhanh, in ấn rõ nét, Toẹt vời, đọc mượt, Rất hay, 🫠 buff cho bạn động lực để mua( tại mạng lag nên cái đánh giá trc ko load dc luôn), Giao siêu nhanh, đặt ngày hôm trước hôm sau giao rồi, sách đúng y mẫu, đóng gói cẩn thận, Bìa sách hơi dơ xíu, giáo nhanh, Sản phẩm đóng gói kĩ, siêu tốt. Rất recommene mn mua, Sách ok nha giao hàng rất nhanh, Sách đẹp lắm ạ giao hàng nhanh chóng đóng gói kĩ không móp méo sẽ ủng hộ tiếp ạ ❤️, Nội dung sách không có gì bàn cãi. Đọc để thấy tuổi trẻ của mình đã và đang làm những gì để mai này nhìn lại không hối tiếc., Bọc kỹ càng, đóng gói cẩn thận, hàng đúng mô tả & ship nhanh lắm, sách rất hay và ý nghĩa,mn nên mua nhé hãy cực. Mới đọc mà hãy và cuốn lắm ạ., mua lại vì hồi trước mình có mà bị mất. quyển sách rất hữu ích đối với mình, Giao hàng siêu nhanh, bọc cẩn thận kĩ lưỡng. Còn về nội dung sách thì quá đỉnh roi, Vẫn là cách gói hàng của tiki nhưng ko df tí nào :))) Chắc đvvc bên tiki có phép thuật =)), Giao hàng siêu nhanh luôn ạ. Tối hôm trước đặt chiều hôm sau mình nhận được luôn. Sách bìa đẹp, chất lượng giấy tốt., Nội dung khá cuốn hút. Các bạn trẻ tuổi 18 đôi mươi nên đọc môt lần., sách xinh đẹp quá tqqđ😭😭😭😭😭😭😭😭😭😭😭😭😭😭😭😭, Sách đẹp, giao hàng nhanh, shop giao hàng nhanh ,sách ko bị móm hay lỗi, Sách rất hay và bổ ích rất phù hợp với các bạn trẻ. Nên mua và đọc thử 1 lần, Mua của nhà Tiki Trading ko lo sách giả!, sách đóng gói rất cẩn thận 
giao hàng nhanh siêu tốc
nội dung sách thì khỏi bàn, Cuốn này bìa đẹp nội dung cx khá hay đáng mua ạ, Sách giao rất nhanh trong ngày. Lối viết nhẹ nhàng, tư duy khá sắc sảo., Đóng gói kỹ. Sách đẹp., Cuốn sách hay,thực tế và phù hợp với các bạn trẻ và đang trưởng thành ạ Mọi người đọc nhé, Hàng chất lượng, giao nhanh. 5 sao nhé, Cuốn sách là một trong những người trẻ nên đọc. Để sống có ý nghĩa và tích cực hơn
Đóng gói cẩn thận lắm ạ, Quyển sách rất dễ thương, tốt bụng với nhiều chỉ dẫn và lòng nhiệt tình của tác giả. Các bạn trẻ và bớt trẻ nên đọc quyển này!
tiki đóng gói cẩn thận, Giao hành nhanh hơn mình tưởng, hàng được đóng gói chắc chắn , chất lượng sách tốt. Tuyệt vời, Còn nguyên bọc, mới tinh, k bị chầy rách ở đâu, giao hàng nhanh, Mua được sale 50% quá tốt, Hay:), sách được in ấn rất đẹp, đóng gói tốt, vận chuyển nhanh, nội dung tốt, sách đẹp, Đọc rất hay dành cho tuổi trẻ có 1 góc nhìn mới của người từng trải nghiệm, Khổ sách gọn. Sách mới đẹp có bookmark., Các bạn trẻ nên đọc nhé, Nội dung sách rất có ý nghĩa mình nghĩ mọi người tham khảo, hay lắm á , mọi người nên mua và đọc nhoé , sẽ ủng hộ lần sau , đóng gói câne thận, khá tiếc khi tới bây giờ mik mới muaaa em nó về hối hận quá sách hay, Sách hay lắm nha mn giao hàng ko có chống xóc nhưng vẫn ok ạ, 
Trung lập: Bọc hàng khá kỹ, có điều sách ko có seal nên hơi tiếc tí, vì tui thích cảm giác bóc seal sách nên hơi buồn xí. Nhưng nói chung vẫn ổn, sách không bị hư hại gì hết. Mình có đọc sơ qua rồi thấy rất hợp với mình và thấy cũng cần thiết với mình nên quyết định tậu về., Mua nhiều đc tặng Flashcard với bao lì xì, chưa đọc nên chưa biết nội dung hay không nhưng đọc phần gthiệu thấy nội dung ổn, bìa với giấy ok mà có vài cuốn không còn tem bọc sách mới nên xước qtqđ như để cũ lâu lắm  r ( nhưng giá cả sale nên ko đòi hỏi nhiều, bn nào quý sách như vàng thì nên cân nhắc) , điểm trừ là đóng gói qúa tệ ,lúc nhận cái kiện hàng mà hết hồn ,nó te tua móp méo bong keo gần như sắp rơi sách ra ngoài r!! khách hàng bỏ tiền ra mua sách chứ ko phải xin ạ nên mong shop cân nhắc cẩn thận khi đóng gói vì mình đọc thấy nhiều bạn nhắc shop vđề này r mong shop cải thiện. Mong shop thông cảm cho mấy lời góp ý của mình, c.ơn shop đã đọc, Giao hành rấtt nhanh nhưng mà lani đưa quyển rấttt bẩn, giống như bị dính bụi hay là kiểu để nó dưới nền đất r bị dính cát íh, xong r ở gáy còn bị bung lớpp ngoài, lúc giao còn không có seal ngoài, nhìn sadch được giao là đauu í
LƯU Y: bọc sách trong ảnh là t tự bọc chứ không phải giao có sẵn, trừ những vấn đề trên thì đều ổn hết nên thui 4sao, Đây là lần đầu mình mua sách bên tiki và thật sự hơi thất vọng chút vì nghĩ là sách sẽ được bọc bìa ngoài để tránh sách bị bẩn, cong vậy mà nó bẩn với cong thật ạ, nhìn sách cứ như đã từng mua và giờ pass lại cho người mua :)))) mong rằng lần sau mua thì đơn hàng chỉnh chu hơn, Sách đẹp và hay. Nhưng mik k hài lòng là hàng đã có ai đó mở trước khi mik nhận. Đường keo dán liền hộp bị cắt, bốn góc của hộp giấy bị xé mất một góc mik có khoanh màu đỏ lên hik.Hên là vẫn đủ k có mất mát j, giao hàng nhanh nhưng bọc hàng chưa được cẩn thận, chỉ có một lớp bọc nylon mỏng, ko có bọc bong bóng chống sốc nên hơi thất vọng xíu, gáy sách hơi trầy xước, Tiki giao nhanh, trong vòng 1 ngày là tới. Shop đóng gói cẩn thận, sách đẹp, nội dung hay, đáng để đọc ạ. Mà mình mua chung với một quyển khác và tổng 2 quyển là 340.000đ cả ship, mà  anh shipper thu 380.000đ mình không hiểu cho lắm:))), sách kể những câu chuyện rất thực tế không màu mè, nói đúng vào trọng tâm cuộc đời của mình, sách đã giúp những bạn trẻ có những cái nhìn mới mẻ hơn về cuộc sống. Đáng tiền, nên mua nhé mng, bìa cứng, nội dung là lời tâm sự của chị Nguyễn Hoàng Nguyên về những chuyến đi và vài trải nghiệm khi tiếp xúc với những ví dụ điển hình của tuổi trẻ., Cuốn sách thật tuyệt vời, bởi nó đã truyền cảm hứng có lẽ không chỉ với những bạn trong tuổi đôi mươi, nhưng còn cho những ai đã bước qua ngưỡng tuổi đó để họ có thể tìm thấy lại nơi mình sức trẻ vẫn luôn tiềm tàng hầu bước tiếp chuỗi ngày phía trước cách lạc quan, vui tươi, đầy sức sống hơn.
   Highly recommended!!!, bìa sách cũ nhìn giống hàng trưng bày hay tồn kho lâu. cái này mình chỉ đánh giá về hình thức thôi nội dung mìn chưa đọc, Sách chủ yếu dạy mn khi còn trẻ hãy đi nhiều, trải nghiệm cuộc sống là chính, cũng có n câu chuyện xen kẽ cũng hay
Hình ảnh chỉ mang tính chất minh hoạ, Giao nhanh, cũng an toàn nhưng mà có vài chỗ của sách nó bị gì sao sao ấy, Giao hàng nhanh ,nhưng chất lượng bìa sách lần này mình ko đánh giá cao ,trông rất cũ ,rất hi vọng vào quyển sách này nhưng lại thất vọng r, Sách chất lượng tốt, giao nhanh nhưng gói hàng còn hơi sơ sài 🥲, Mình đặt sách, yêu cầu xuất hoá đơn mà không thấy gởi., Giao hàng nhanh nhưng đóng gói rất tệ làm sách bị xước rồi sách còn bị dơ nhưng may ở trong không sao nên coi lại cách đóng gói, sách đẹp như hình nhưng 4 sao là do mình không thấy đánh dấu trang, còn lại thì oke nha mn, Sách chưa đọc nhưng mình nghĩ nó sẽ hay. Sách cũng giống như là đã sử dụng vậy á, Sách đọc hay nhưng khi nhận hàng gói ko đc kĩ lắm, sách ko có màng bọc nên hơi cũ, giao hàng nhanh nhưng shiper kì quá, đóng hộp ko có chống sốc nên mép sách bị tróc 1 tí., Mua lần thứ 2 tiki vẫn k bọc chống sốc,may mở ra sách k bị móp như lần trc  nhưng sách bị xước quá trời luôn, Đóng gói ổn, nhưng không có seal chắt do dán con tem kia, chữ in rõ nét, giao khá nhanh, 8,5 trên 10, Sách khá bẩn, có bụi , kh có bọc chống xóc nên kh bị trầy 1 chút ở gáy, vận chuyển sách bị bóp bốn góc sách đóng gói sơ xài, sách có nhiều vết xước:(((, Sách thì mình tìm hiểu đọc rất có ích mà khi giao thì thùng gói sách bị móp méo rồi giấy rách, sách có vài quyển bị móp cái lề may là sách không sao, 
Tiêu cực: Tiki giao hàng nhanh, bìa cứng cáp, in đẹp, đóng gói cũng cẩn thận.
Mình đọc cuốn này được 1 2 chương gì đó thì dừng, cảm thấy không có một thông tin nào là sử dụng được vì tác giả viết theo lối ""các bạn nên..."" hơi nhiều, mà mấy cái ""nên"" đó nó chỉ phù hợp cho những người có hứng thú và hướng ngoại thôi, còn lại thì cách viết, cách dẫn lẫn cách truyền tải thông điệp chán lắm. Không đề cử., 3 quyển mà có 2 quyển được bọc thôi, còn quyển Ttdgbn cong 4 góc + cả quyển hóc dưới cùng, 2 quyển còn lại cũng cong nmà không đáng kể, giao nhanh, nhưng hàng đóng gói rất ẩu chỉ cho 5 quyển sách vào hộp rồi gói lại, mình là người quý sách lên rất k hài lòng !, Bọc sách như j á, lúc giao về trầy cả mảng lớn, còn chẳng có chống sốc hay bọc bên ngoài, như sách cũ v, bt vậy mua bên *** cho r, vốn mua một phần cũng là vì bìa sách đẹp mà thế này hỏng hết bìa r còn đâu, Khách chưa nhận hàng. Khách cũng không nhờ ai nhận hàng từ ngày 2/6 đến nay nhưng web tiki đã hiển thị là giao hàng thành công. Đây là lần đầu tiên tôi bị trường hợp như vậy với Tiki., Nội dung ko hay đâu, mn cứ thần thánh hóa lên quá.
Kiểu này như quyển tự truyện kể về hành trình của tác giả thì đúng hơn. Nội dung lủng củng, trình bày font chữ cũng quá tệ, khoảng cách các chữ ko đồng đều, mình cực kì ko hài lòng., Tôi không hiểu sao Tiki lại đóng gói 1 cách sơ sài như vậy. 1 miếng lót trên mặt và không có bọc. Tôi mua sách về để đọc và trưng bày mà lần nào mua cũng vậy tôi không hiểu Tiki đang làm gì nữa. Hơn 10 quyển, quyển nào cũng nát và dập góc ???, tuyệt đối không được thì thôi rồi lượm ơi cho em xin lỗi vì đã có thể làm được gì cho, nhà sách không bọc sách, làm sách bị rách, lõm, thành vệt, Sách k có bao nilong, gây trầy xước hết bìa. Quá tệ, Trang sách bị dính vào nhau nhiều ,đang đọc mà cứ gặp liên tục,bực mình lắm, "
114937969,"## Tóm tắt feedback về Rừng Na Uy:

**Phần tích cực:**

* **Giao hàng nhanh:** Tiki ship hàng nhanh chóng, thậm chí có lúc chỉ trong vòng vài tiếng.
* **Chất lượng sách tốt:** Sách mới, bìa đẹp, giấy đẹp, mùi thơm, đóng gói cẩn thận.
* **Nội dung hay:**  Nhiều người khen nội dung cuốn sách, đặc biệt là văn phong của dịch giả Trịnh Lữ. Rừng Na Uy được đánh giá là cuốn sách đáng đọc, đặc biệt dành cho người trẻ tuổi.
* **Giá cả hợp lý:** Nhiều người mua được sách với giá sale hấp dẫn.

**Phần trung lập:**

* **Nội dung gây tranh cãi:** Một số người cho rằng nội dung sách có phần tiêu cực hoặc quá 18+.
* **Khó hiểu:** Một số người cho rằng cuốn sách hơi khó hiểu, chưa phù hợp với gu của họ.
* **Chưa có bookmark:** Một số người nhận xét rằng sách không có bookmark như mong đợi.

**Phần tiêu cực:**

* **Đóng gói sơ sài:**  Một số người nhận xét rằng Tiki đóng gói sách không cẩn thận, dẫn đến sách bị móp méo, nếp gấp hoặc bám bụi.
* **Chất lượng in ấn kém:** Một số người nhận xét rằng chất lượng in ấn kém, có lỗi chính tả, bìa mỏng.
* **Thiếu trang:** Có trường hợp sách bị thiếu trang.

**Tổng kết:**

* Đa số người mua hài lòng về nội dung và chất lượng sách, đánh giá cao văn phong của dịch giả Trịnh Lữ.
* Tuy nhiên, nhiều người bày tỏ sự không hài lòng về khâu đóng gói và vận chuyển của Tiki, mong Tiki chú ý hơn đến vấn đề này.
","Tích cực: Tiki ship với tốc độ ánh sáng, chẳng chống sốc gì nhưng trộm vía đến nơi vẫn an toàn, mùi giấy thì thơm vô cùng rất phê
Truyện thì 10đ nha mng, truyện có thể tuỳ gu (nhưng với mình là rất hay) nhưng văn phong bác Trịnh lữ dịch thì không có gì để chê. Rừng Na Uy đọc lần 1 không hiểu hết nhưng khi đọc lại lần 2 thì chắc chắn thấm được rất nhiều điều. Truyện thiên về tâm lý rất nhiều, mình thì lại thích được phân tích tâm lý nhân vật nên phải nói mình rất thích quyển nàyyyy., ncl hài lòng, giao hàng nhanh nhưng đóng gói k cẩn thận lắm. Trước mình ở HN thì đặt sách của tiki chả phải bàn cãi gì nhưng giờ đang dịch nên mình ship về quê thì có hơi móp méo 1 chút, lúc nhận hàng hết hồn vì hộp méo mó. may mắn thay là sách chỉ bị quăn tí xíu, vuốt lại là ok ngay như ban đầu. Mình mua 4 quyển hết 150k. Vẫn tiếc vì chưa săn dc hết 😢, Sách được đóng gói tương đối là sơ sài. May là em nó vẫn bình an vô sự tới tay mình không bị xay xước gì nhiều. Bản thân mình khá là thiện cảm với văn học Nhật Bản và nghe tới bác Murakami đã lâu nhưng giờ mới có cơ hội thưởng thức tác phẩm của bác. Hi vọng mình sẽ có được trải nghiệm đáng nhớ với quyển sách này >, saostar.vn

PHIM ẢNH

19/07/2023 - 14:03 (GMT+7)
Cùng tạo hình Lưu Diệc Phi lấn át mỹ nữ Bắc Kinh: Đẳng cấp thiên tiên là đây
Hạ Băng
Cùng tạo hình Lưu Diệc Phi lấn át mỹ nữ Bắc Kinh
Lưu Diệc Phi và nàng mỹ nữ Bắc Kinh bất ngờ đụng độ tạo hình.
Xem tiếp sau quảng cáo

Dù không liên tiếp có phim bạo, thế nhưng Lưu Diệc Phi vẫn được đánh giá là sao nữ đứng đầu lứa 85 bỏ xa cả Triệu Lệ Dĩnh – Dương Mịch. Diễn xuất có thể gây tranh cãi, thế nhưng nhan sắc của thần tiên tỷ tỷ là điều mà công chúng không thể phủ nhận. Ngoài vẻ đẹp mặn mà, Lưu Diệc Phi còn được trời phú cho khí chất thanh lãnh, thoát tục ít ai có thể bì kịp. Trong cuộc đua đụng độ tạo hình với nàng mỹ nữ Bắc Kinh, thần tiên tỷ tỷ hoàn toàn áp đảo.

Cùng tạo hình Lưu Diệc Phi lấn át mỹ nữ Bắc Kinh: Đẳng cấp thiên tiên là đây Ảnh 1
Theo đó, Lưu Diệc Phi từng diện một bộ trang phục cực kỳ đặc biệt đến tham gia Đêm hội Điện ảnh Weibo năm 2022. Đây là một bộ váy màu vàng tôn dáng với phần ống tay áo phồng lớn. Điểm đặc biệt của bộ trang phục này chính là chiếc cổ áo cao cầu kỳ. Lộ diện trong tạo hình này, Lưu Diệc Phi khiến dân tình bấn loạn với nhan sắc xinh đẹp, kiểu tóc búi cao sát đầu càng làm tôn lên chiếc cổ cao cực phẩm của cô.

Cùng tạo hình Lưu Diệc Phi lấn át mỹ nữ Bắc Kinh: Đẳng cấp thiên tiên là đây Ảnh 2
Cùng tạo hình Lưu Diệc Phi lấn át mỹ nữ Bắc Kinh: Đẳng cấp thiên tiên là đây Ảnh 3
Mới đây, Cảnh Điềm cũng xuất hiện trong một bộ trang phục có nhiều điểm tương đồng với Lưu Diệc Phi. Cũng là chiếc váy màu vàng lấp lánh, ống tay phồng và chiếc cổ áo ấn tượng, thế nhưng khác là bộ trang phục của nữ chính Tư Đằng bồng bềnh như công chúa. Ngoài ra, Cảnh Điềm cũng chọn kiểu tóc buông xõa tự nhiên thay vì búi cao như Lưu Diệc Phi. Được biết đây là tạo hình của nàng tiểu hoa khi quay một MV âm nhạc.

Cùng tạo hình Lưu Diệc Phi lấn át mỹ nữ Bắc Kinh: Đẳng cấp thiên tiên là đây Ảnh 4
Cùng tạo hình Lưu Diệc Phi lấn át mỹ nữ Bắc Kinh: Đẳng cấp thiên tiên là đây Ảnh 5
Đặt lên bàn cân so sánh, khán giả cho rằng ở kiểu trang phục tương đồng thế này Lưu Diệc Phi hoàn toàn lấn át Cảnh Điềm. Không chỉ có nhan sắc thu hút hơn, điểm nổi bật của thần tiên tỷ tỷ so với nàng mỹ nữ Bắc Kinh chính là khí chất ít ai bì kịp. Dù vậy, Cảnh Điềm vẫn hệt như một nàng công chúa xinh đẹp là điều không ai có thể phủ nhận.

Cùng tạo hình Lưu Diệc Phi lấn át mỹ nữ Bắc Kinh: Đẳng cấp thiên tiên là đây Ảnh 6
Cùng tạo hình Lưu Diệc Phi lấn át mỹ nữ Bắc Kinh: Đẳng cấp thiên tiên là đây Ảnh 7
Trong 2 năm trở lại đây, thần tiên tỷ tỷ thành công lớn khi quay lại màn ảnh nhỏ với Mộng Hoa Lục và Đi Đến Nơi Có Gió. Được biết hiện tại Lưu Diệc Phi đang quay dự án phim mới là Câu Chuyện Hoa Hồng. Trong khi đó Cảnh Điềm cũng là nữ chính của bộ phim cổ trang Tứ Hải Trọng Minh.

Xem thêm: Pháo Hoa Nhân Gian Của Tôi do Dương Dương và tiểu Lưu Diệc Phi đóng bị tẩy chay

Bài viết

Hạ Băng

Xem tiếp sau quảng cáo


Tin liên quan
Thảm đỏ Rồng Xanh 2023: Song Hye Kyo - Suzy tựa nữ thần, trùm cuối quá đỉnh
Ngô Lỗi thừa nhận Triệu Lộ Tư là ánh dương duy nhất trong lòng anh
Đàm Tùng Vận sắp kết hôn, theo chồng bỏ cuộc chơi?
Là tiểu hoa đứng đầu lứa 95, Triệu Lộ Tư bị 'nữ thần thanh xuân' mới nổi hạ gục
PHIM MỚIPHIM HOA NGỮLƯU DIỆC PHICẢNH ĐIỀMCÂU CHUYỆN HOA HỒNG
Chia sẻ
BÌNH LUẬN

PiaLinh x Lâm Phúc Vietnam Idol: 'Bạn thì bạn nhưng đã vào cuộc chơi thì...'
PiaLinh x Lâm Phúc Vietnam Idol: 'Bạn thì bạn nhưng đã vào cuộc chơi thì...'
Rơi - Hà An Huy (MV Lyrics)
Kim Nhã tự nhận thất bại trong tình yêu, Mỹ Tâm khai sáng định nghĩa mới
Mỹ Tâm khó xử không biết phải làm sao với thí sinh giống Đan Trường?
Mai Kim Liên ngỏ ý muốn nhạc sĩ Huy Tuấn trở thành chồng chưa cưới
Vietnam Idol 2023 - Tập 2: Dàn thí sinh 'khủng' lộ diện
Loạt biểu cảm siêu đáng yêu, 'keo ly mãi mặn' của Mỹ Tâm tại Vietnam Idol
Nguyễn Lâm Phúc Tâm Sự Cùng Người Lạ đi thẳng vào vòng trong
Hồ Võ Thanh Thảo ngọt ngào Yêu Xa, bất ngờ nhận vé vàng vào thẳng vòng Nhà Hát
Dương Thành Đạt đốn tim Mỹ Tâm khi hát Thương Em Là Điều Anh Không Thể Ngờ
Xem thêm
Tin tài trợ
Quảng cáo
www.saostar.vn

Thuộc Hội Người Mẫu Việt Nam

Giấy phép Tạp chí điện tử Saostar số: 13/GP-BTTTT do Bộ Thông tin & Truyền Thông cấp ngày 11/01/2016

Tổng biên tập

Nguyễn Quang Minh

Thư ký tòa soạn

Nguyễn Quỳnh Hoa

Trụ sở TP. Hồ Chí Minh
5B Nguyễn Đình Chiểu, Phường Đa Kao, Quận 1

Hotline
***

Hợp tác nội dung
***

Hợp tác quảng cáo
***

BẢNG GIÁ QUẢNG CÁO, Hài lòng về sản phẩm. Cuốn này những người trẻ hoặc đã từng trẻ nên đọc vì độ tuổi này đều có những nỗi chán chường, buồn man mát là tất yếu của sự trưởng thành, là dũng cảm vượt qua hoặc là bị khó khăn thử thách nhấn chìm vĩnh viễn. Tiki giao hàng nhanh, dịch vụ tốt, Giao hàng nhanh, sách đẹp và không bị móp méo gì, nội dung cũng rất hay. Cách miêu tả từng chi tiết từng cảnh vật của tác giả rất đặc biệt, bằng một cách nào đó kho đọc xong cuốn sách, cảm thấy mình vừa bị lấy đi một thứ gì đó vậy…, Mình thích cách tác giả kể chuyện, lôi cuốn và ngôn từ phong phú. Câu chuyện rất hay và có rất nhiều tranh luận về cuốn sách vì hơi ( cởi mở ) quá nhưng mình lại ko thấy vậy. Sâu lắng, một nột trầm, nói chung sách cho mình trải nghiệm tuyệt vời. Nằm trg những cuốn sách hay mà mình có, mình nhận được hàng khá sớm nhưng đến nay mới mở ra thì phát hiện sách méo thế này 〒▽〒 thật sự là đau lòng lắm nhưng sách còn về tới thì mình cũng mừng rồi, hi vọng lần sau Tiki có thể dặn bên giao hàng nhẹ nhàng với các gói hàng một chút ạ. Đều là mọt cả, thấy sách bị móp méo lòng xót không hề nhẹ đâu ạ., Sống, tức là nuôi dưỡng Chết. Sự chết không phải là chấm dứt,cũng chẳng phải là bắt đầu.
          Trịnh Lữ, Rishi Sunak (/ˈrɪʃiː ˈsuːnæk/; born 12 May 1980)[1] is a British politician who has served as Prime Minister of the United Kingdom and Leader of the Conservative Party since October 2022. He previously served as Chancellor of the Exchequer from 2020 to 2022 and Chief Secretary to the Treasury from 2019 to 2020.[2] He has been the member of Parliament (MP) for Richmond (Yorks) since 2015., Sách mới, bọc đẹp. Mình vô tình đọc được 1/4 cuốn, thì thấy đây chính là gu của mình nên lên tiki ship về đọc tiếp. Lời văn trong sách rất hay, hài hước nhẹ nhàng, dễ tiếp cận. Rất đáng để các bạn mua về đọc thử., Mình có nghe về sách của bác, lối viết truyện khá cuốn và bình dị, mình đang đọc cuốn những người đàn ông không có đàn bà đơn giản mà hay, Cứ 7 nguòi Nhật thì có 1 người đọc Rừng Nauy - câu này có lẽ đã ko còn đúng ở hiện tại nữa khi mà Murakami-san đã có thêm nhiều siêu phẩm văn học đến tay người đọc. Nhưng sẽ ko thể phủ nhận giá trị mà Rừng Nauy mang lại cho mọi thế hệ bạn đọc bây giờ và về sau nữa., Bìa sách đẹp thiệc, nhìn từ xa tưởng ảnh chụp k á.Thấy nh ng review là hay nên e đã mua vì tính tò mò, mà sách còn đag giảm 50% nữa nên là e tậu luôn 😁 E ch đọc nhg e nghĩ là nó sẽ hay ( vì dải chữ màu hồng đầy uy tín này nè ), Sách tốt. Nội dung không cần phải nói nhiều vì đây là tác phẩm gần như ai yêu văn cũng đọc, Thuần Khiết
Lôi cuốn một cách đơn giản ❤️❤️❤️ 
Mình đã đọc liền mạch không rời được!, Ui bìa đẹp cực luôn á, mới đọc thử vài trang random nhưng thấy cuốn vl ạ :)) hơi buồn là bên tiki gói hàng ntn hơi rén nhưng hên sách ko hỏng nặng nhiều., giao nhanh cực kỳ, mới đặt trưa hôm qua mà hôm nay có rồi ạ, mình ở tỉnh. giao nhanh mà sốp có vẻ gói hàng vội quá, không có bọc chống sốc ạ 🥹 chỉ có miếng giấy lót ở trên cho vừa hộp =)))) sách mua 4q đều không có seal 🥹, Fahasa giao hàng cực nhanh, sách được bọc mút chống sốc, trên sách có màng co mỏng, cám ơn, Tiki giao hàng siêu nhanh, đóng gói cẩm thận, sách rất chất lượng, bìa và giấy tốt, đáng tiền mua nha❤️❤️❤️❤️❤️❤️❤️❤️❤️❤️❤️❤️❤️❤️❤️❤️❤️❤️, Mình mua được cuốn này đúng thời điểm sale mạnh còn có hơn 60k. Tuy giá rẻ nhưng chất lượng vẫn cực tốt. Sách giao đến nhà vẫn mới cứng, không móp méo chút nào. Tiki giao nhanh, đặt sáng là trưa đã đến nơi rồi. Nhân viên giao hàng nhiệt tình. Nói chung là rất hài lòng ạ., Nội dung hay, in ấn rõ chữ, vẫn còn một số chỗ sai chính tả nhưng không quá nghiêm trọng, sách mới, bọc bằng bookcare nữa thì quá tuyệt vời, mới, đẹp, đóng gói cẩn thận, giao hàng nhanh chóng, Một quyển sách quá hay, đầy ý nghĩa với 1 tác phẩm xuất sắc của tác giả Haruki Murakami và văn học Nhật Bản, mua đợt giảm giá nên k có gì để chê cả :), Sách của Murakami luôn hay và sâu sắc. Mình chỉ có cơ hội đọc 2 cuốn của tác giả này, nhưng cuốn nào cũng để lại sự ám ảnh trong mình., về tổng quan sách mới 100%, chất lượng giấy tốt, mùi còn thơm. quá trình giao hàng khá tốt. Về nội dung sách có hay hay không thì tùy thuộc vào người đọc., Nội dung thì mình chưa có thời gian để nghiền ngẫm, về hình thức thì quá ok., Đóng gói cẩn thận, bookcare rất đẹp. Sẽ feedback nội dung sau khi đọc xong, Lần đầu có một quyển sách khiến tôi không dám đọc một mạch vì sợ hết không còn gì để đọc. Sách hay đủ khiến ta suy nghĩ nhiều về bản ngã của bản thân.... . Đóng gỏi và giao hàng thì uy tín luôn 5*, Lối văn rất cuốn, khác biệt và để lại ấn tượng sâu sắc cho mình., Sách đẹp, nội dung hay, săn được sale nên giá rất hời, Không biết các bạn dùng bookcare của tiki thế nào nhưng mình dùng thấy rất ổn sách bọc khít đều đẹp á khá hài lòng ạ mặc dù hộp hơi nát chút xíu, Xem vài đoạn trích ngắn trong sách, thấy hay nên mua về xem sao. Sách đẹp, giao nhanh, dày dặn, Sách ko bị hư hỏng gì cả, giao đúng hạn. Chưa đọc sách của bác Murakami bao giờ, chỉ nghe qua, mong sẽ có trải nghiệm đọc tốt!, Sách đẹp giao hàng cấp tốc lun á kkaak giật cả mình ko ngờ nhanh đến vậy, nd nghe review hấp dẫn nên mua đọc thử, Nó nổi tiếng đến mức ai nghe cũng muốn đọc thử nên không cần bàn về nội dung ha mn:))) Hãy mua và đọc thử
Tiki giao nhanh ghê dù trong mùa dịch 
Săn đúng dịp Xmas nên cũng ok lắm, Mùi sách mới thơm nức, sách đẹp. Ship nhanh. Chưa đến 24h từ lúc đặt đã ship rồi. Đọc rv nhiều nên quyết định mua đọc xem ntn, Tác phẩm này quá nổi tiếng rồi. 
Nên đọc nhé mng.
Đóng gói ổn, vận chuyển cũng nhanh nữa., Hàng đẹp giao nhanh., Bìa xinh, giấy đẹp, nội dung hay..Tiki dạo này chu đáo ghê, có lót thêm lớp giấy chống sốc nữa, giao hàng cực nhanh, 10 điểm ^^, Sản phẩm được đóng gói kỹ.
Giao hàng nhanh., Đây là 1 quyển sách khá dày, mình nghe bảo rất hay, Đang đọc thấy Nd hợp gì, sách ổn mùa lâu rồi nhưng giờ mới đánh giá kk, Nội dung hấp dẫn, sách bìa đẹp đóng gói chắc chắc chắn giá cả phải chăng sản phẩm tuyệt vời, Muốn mua cuồn này lâu rồi, nay mới dư dả để mua, sách nguyên seal, rất ok, Sau nhiều năm đọc lại luôn thấy những trải nghiệm sâu hơn, sách nói về tình trạng chung của những người trẻ hiện nay, loay hoay trong mớ hỗn độn cuộc sống này. đâu là đường lối, đến cuối vẫn chưa thể tìm ra lời đáp, Đóng gói cẩn thận, nd mình chưa đọc nên chưa biết. Shipper thân thiện, giao hàng nhanh, 10 đỉm :>, Dày dặn, nội dung sâu sắc, thú vị, Tình tiết truyện lôi cuốn, hấp dẫn, mô tả được sự mãnh liệt của tình yêu, tình dục. Rừng Nauy là câu chuyện buồn, nhưng chính cái buồn ấy đã mang lại niềm hy vọng về sự bình yên, hạnh phúc của những nhân vật ở lại., cuốn này đáng đọc nhé mng, bác Trịnh Lữ dịch cũng rất hay, Sách rất hay, bìa sạch sẽ, không bị cong/cấn, giao hàng đúng như thời gian dự kiến, cuốn sách đầu tiên mình đọc của bác Murakami và trong tương lai sẽ đọc thêm các tác phẩm khác của bác., Nghe tên đã lâu, lần đầu được sỡ hữu cuốn sách của riêng mình. Tiki giao rất nhanh, chiều M4 tết order sáng M5 đã giao đến cho mình, tiki gói hàng ẩu 🥲 sách rất hay, khuyến khích mng mua về đọc thử., đã từng rất sợ đọc văn của bác nhưng mà đã dần thấm hơn rồi nên mới quyết mua quyển này. Và p nói là trên cả tuyệt vời luôn ạ, Cuốn này quá nổi tiếng, mình mua thêm cuốn để trưng kệ sách, tiki giao nhanh, sách đẹp, Đóng gói sơ sài, sách ko được bọc màng ni lông. Hộp gói dán keo ko kĩ, dính vào cả bìa sách. Nhân viên cần chú ý hơn chỗ này., Sách  bọc kĩ, chất lượng, nội dung nên đọc 1 lần, Hay, Sách đẹp mới giao hàng ok, câu chuyện lôi cuốn người đọc, trí tưởng tượng thật là siêu phàm, dễ gây nghiện khi đọc, Lần đầu trải nghiệm mua tiki. Mong được tặng bọc nhưng không có gì cả. Hơi thất vọng chút
Sách bọc mình thấy không cẩn thận, mong lần sau shop cẩn thận hơn xíu, Chất liệu giấy mịn, thơm. Trong quá trình vận chuyển có bị méo 1 góc sách nhưng không sao ép lại là được, Đóng gói cẩn thận, giao hàng nhanh., giao nhanh được ck, hài lòng sách mới đẹp tiếc k có bm, Giao hàng nhanh và đóng gói tốt. Một cuốn sách bạn không nên bỏ qua, Sách đẹp, giấy mịn và không bị loá mắt, Rất hài lòng với quyển sách; in ấn đẹp. Xứng đáng để gìn giữ trong tủ sách gia đình; cám ơn các bạn., Quá Xịn, Sách làm mình buồn hẳn mấy ngày. Sách hay., Thích cách in ấn của Nhã Nam, Thật sự rất rất hay, một kiệt tác của văn học Nhật Bản, mình nghĩ mọi người nên thử đọc 1 lần, sẽ không uổng công đâu, Giao lẹ lắm ạ với sách k bị trầy xước hay móp j 🤞, sách hay, đóng gói okela lớm 5 saoooooo, Sách đẹp, giao nhanh, chất lượng sách tiki luôn tốt, đầu tư cho tri thức là khoảng đầu tư đúng đắn., khá hay, hay, quyển sách dày dặn, sẽ tuyệt vời hơn nếu được bọc ngoài một chiếc bao, còn chất lượng sản phẩm khá oke dù đầu sách hơi móp., Bìa đẹ xỉu hihi, bookcare bị rách tí và bị móp một ít ở góc. tuy nhiên cũng ko vấn đề gì, sách vẫn đẹp và mình sẽ đọc để biết sách hay là phim là tác phẩm hay hơn., Nội dung: Thỉnh thoảng có đoạn đọc xong thẫn thờ mất 1 ngày. Nhưng hay, cũng không khó đọc hay tệ như các bạn rì viu đâu ạ, Cực kỳ thích sách luôn. Chất liệu tốt. Gói hàng cẩn thận, giá trị, Sách giáo hàng nhanh tốt sách mới không bị móp méo gì hết, Hấp dẫn, lôi cuốn, Sách đẹp, đóng gói cẩn thận, Để cập nhật đánh giá, bạn vui lòng chia sẻ thêm nội dung có ít nhất 25 kí tự., Tiki giao khá nhanh, hơi bị quăn mép chút, Sách thì không có gì để nói nhưng gói hàng thì tiki thật tệ, có lúc sách sẽ được bọc, có kúc thì nhét giấy thừa để bảo vệ kiểu khó hiểu, Cực kì hay, nên đọc, Ok, Giao nhanh và bọc rất cẩn thận ❤️, Thấy sách này hot quá nên cũng đặt mua về đọc thử ạ! thực sự đáng đọc ạ!, 
Trung lập: Phần giới thiệu cuốn sách:”Cứ 7 người Nhật thì có 1 người đọc Rừng Na Uy.” Vậy nên mình chắc chắn mình là người Việt Nam chăm phần chăm, lý do đơn giản là vì nó không phải gout mình. Hầu hết những tác phẩm của Haruki Murakami đều thêm thắt rất nhiều tình tiết 18+, tự sát, hoặc bị giết hại. Đơn cử như cuốn gần đây mình đọc “Tazaki Tsukuru không màu và những năm tháng hành hương”, cũng có những tình huống tương tự. Mình đánh giá cao khả năng khai thác tâm lý nhân vật rất sâu và “lạ” của tác giả, nhưng nó không thực sự cuốn hút mình, có thể do mình chưa đủ khả năng để hiểu được dụng ý tác giả. 

Sau này khi lựa chọn tiểu thuyết của tác giả Nhật, có vẻ mình sẽ phải tìm đọc thử trước khi mua. Mình là người thích những gì xưa cũ, truyền thống, nói mình cổ lỗ cũng được nhưng đối với mình, làm tình là một việc mình sẽ không bao giờ làm với người mà mình không yêu.

Một tác phẩm best seller, nói những điều này có thể gây ra 2 luồng ý kiến trái chiều, nhưng đó là ý kiến riêng của mình. Thích hay không thích mang trong nó sự cảm tính cá nhân, vậy nên không thể khách quan được các bạn nhé. Mình chỉ nói những gì mình nghĩ để các bạn cân nhắc kĩ hơn về việc có nên đầu tư thời gian, tiền bạc cho cuốn sách này hay không., Giao hàng khá nhanh. Đóng gói sách ổn. BookCare thì mới giở sách ra xem được một lúc BookCare đã bị bung ra, không hiểu Tiki ép BookCare kiểu gì. Mua 2 đơn hàng tổng 10 cuốn sách thì tới 4 cuốn có vấn đề về BookCare. Bực mình thực sự., Sau 1 2 đợt mua bị hoàn đơn lại kho vì lý do gì đó không rõ thì nay mình đã đặt thành công rồi. Tiki giao hàng rất là nhanh, shipper nhiệt tình ( không giao thì thôi chứ giao là siêu tốc luôn ). Nhưng mà bây giờ mua ở Tiki là phải chờ Sale hoặc gom đơn lại chứ phí ship đôi khi cộng đến 44k, quá phân vân. Với lại Tiki kiểu chỉ đóng gói, dán keo dán bill rồi gửi đi thôi hay sao ấy, ngày trước thì xốp đệm sài hoài đúng thích bh thì tìm hoài không có, vận chuyển xa sách nó dập gãy gáy thật đấy ạ :(. mong là Tiki chú ý hơn khoảng đóng gói dùm ạ., Rất vui vì đợt dọn kho này của Nhã Nam, mình đã rinh được em này về. Chỉ là mình không ưng những phần/ góc bị gãy, quăn của sách. Mình mua 3 quyển đợt này thì cả 3 quyển đều có tình trạng như vậy, dù mọi lần mình đều sử dụng dịch vụ ship Giao trong ngày nhưng đây là lần đầu bị như thế., Sách hay. Cảm giác phần nào cuộc sống của mình như nhân vật chính, những mớ hỗn độn trong cuộc sống. Những niềm vui nhỏ nhặt đời thường. Tuy nhiên sách có vài lỗi chính tả khó hiểu, không biết là do cố tình hay thật chất là như vậy., giao hàng nhanh nhưng e nói thật, sách ko có bookcare thì cũng phải cho em cái giảm xóc chứ ạ. hàng về bị nhăn vài chỗ đấy ạ. với tín đồ sách như e thì thật nhìn hàng vậy rất khó chịu., Sách bám bụi tùm lum, dính bẩn, có mùi, vận chuyển rách hết cả hộp đựng. Sách nhìn rất là cũ, không có màng seal. Nội dung sách thì không cần bàn cãi nữa, nhưng hơi thất vọng về cuốn sách được nhận:))), Lúc mình mua sale còn 99k. Sách rẻ cũng làm mình hơi lo nhưng sách khá ổn trừ việc rất hay sai chính tả, lỗi dấu từ. Làm người đọc khá khó chịu, Buồn thiệc chứ bao bọc sách k có tấm chống sốc hay bảo vệ sách nên sách mới bị móp méo như vầy nè. Nội dung sách miễn bàn mà người bán bọc ẩu nhe, Đóng gói khá sơ sài, còn lại thì ko có điểm gì phải chê., Mình nhớ là sách có bookmark mà nhỉ(mong là mình lầm🥲)??? Mình không có trải nghiệm tệ gì với sách cả, sách rất mới và đáng đọc, ngoại trừ việc mình nhận thấy nó đáng lí phải có bookmark🎯🎯, Sách không lỗi, đóng gói chắc chắn. Đọc sách thấy hơi tối và buồn, ncl 1 cảm giác khó tả, mk bị hút mất 3 ngày là đọc xong. Bạn nào thi thoảng muốn thử cảm giác buồn buồn, da diết thì nên đọc nha, sách ko còn seal, bị quăng góc, có vết cắt, rất nhiều bụi và vết dơ 🥲, Mua một số sách của NXB nhã nam, có 1 điểm trừ giờ mới để ý là ko quyển nào có bookmark đi kèm, Tiki giao hàng đúng ngày. Sách không bị trầy xước hay móp méo. Nhưng bìa ngoài sách bám nhiều bụi và bẩn, Buồn lắm tiki ơiii 😢 hào hứng mở ra thấy góc sách thế này làm mình cũng khá cân nhắc cho lần mua tới, Ship hàng lâu, đóng gói ko chắc chắn, móp góc sách, loại giấy thì bình thường, ko gì nổi bật 🥲, Hài lòng về cuốn sách tuyệt vời nhưng không hài lòng về cách bọc và chuyển hàng của Tiki. Sách nhăn hết 2 gáy sách, bọc sơ sài cho có. Sau bao lần mua thì lần này bọc sách đáng thất vọng., Mình đã nghe nói là sách hay rồi nhưng chưa đọc nên ko nói về nội dung được. Có điều khi vận chuyển sách ko dc bảo vệ kĩ cho lắm, bìa ngoài có hơi móp nhẹ nhưngvaanx khá ổn., giao hàng nhanh, đóng gói của tiki chưa bao giờ là ổn ;)), Trang sách đẹp, nội dung thì mình không phải bàn rồi. Góc sách do vận chuyển có bị móp một xíu làm mình hơi thất vọng. Hộp bên ngoài cũng bị móp nặng. Mong vận chuyển sách sẽ chú ý hơn., Cuốn sách miêu tả chân thực 1 phần khác của cuộc sống tại Nhật Bản!, Chê khâu đóng gói, 
Tiêu cực: Giọng văn lôi cuốn của haruki khiến tôi quên luôn cã giờ giấc cứ cầm lên là đọc cho đến trang cuối cùng, nhưng chất lượng in sách rẻ tiền sai chính tả nhiều, và bìa thì quá mõng đóng gói không đẹp, Sách bị thiếu trang.
Mình đọc tới đây thì mới phát hiện, còn sau nữa thì mình không biết có thiếu không. Xui quá!, Sách bị gãy góc rất nhiều, shop không bọc chống xóc kỹ càng. Nói chung là tệ., Nội dung quá tiêu cực, mình không thích những thứ tiêu cực., Nhận được sách mà muốn trầm cảm luôn, chất lượng giao hàng của tiki thực sự là quá tệ., "
115869784,"## Tóm tắt Feedback:

**Tích cực:**

* Nội dung sách hay và súc tích.
* Hình ảnh đẹp.
* Giao hàng nhanh chóng và đúng hẹn.
* Sách được đóng gói kỹ lưỡng.
* Sách mới, đẹp và được bao bọc cẩn thận.

**Trung lập:** Không có.

**Tiêu cực:** Không có. 

**Tổng kết:** Feedback rất tích cực, đánh giá cao về nội dung, hình ảnh, dịch vụ giao hàng và đóng gói. 
","Tích cực: Nội dung hay, súc tích, hình ảnh đẹp, Giao hàng rất nhanh và đúng hẹn, sách được đóng gói và bao bì rất kỹ lưỡng, sách mới, đóng gói cẩn thận, giao hàng nhanh, Sách mới đẹp, bao bọc cẩn thận, Giao hàng rất nhanh 1 ngày, Đóng gói siêu cẩn thận, giao hàng bao nhanh, sách hay, 
Trung lập: 
Tiêu cực: "
117238177,"## Tóm tắt feedback ""Thư viện Nửa Đêm""

**Phản hồi tích cực:**

* **Nội dung:**
    * Câu chuyện đầy cảm xúc, khiến nhiều người rơi nước mắt vì cảm thông với nhân vật.
    * Giúp độc giả hiểu rõ hơn về cuộc sống, những lựa chọn và bản ngã.
    * Mang lại sự chữa lành cho những người đang gặp khó khăn về tinh thần.
    * Cốt truyện hấp dẫn, lôi cuốn, ý nghĩa nhân văn sâu sắc.
    * Cách viết nhẹ nhàng, dễ đọc, phù hợp với mọi lứa tuổi.
    * Cung cấp những góc nhìn mới về cuộc sống, giúp người đọc trân trọng bản thân và hiện tại.
    * Giúp người đọc học cách chấp nhận và đối mặt với những hối tiếc trong quá khứ.
* **Hình thức:**
    * Bìa sách đẹp, thu hút.
    * Chất lượng giấy tốt, in ấn đẹp.
    * Phiên bản tiếng Việt dịch mượt, dễ hiểu.

* **Dịch vụ:**
    * Tiki giao hàng nhanh, đóng gói cẩn thận.
    * Shipper dễ thương, nhiệt tình.
    * Giá cả hợp lý, thường xuyên có chương trình khuyến mãi.

**Phản hồi trung lập:**

* **Nội dung:**
    * Một số độc giả cho rằng nội dung hơi dễ đoán, chưa đủ sâu sắc.
    * Cách hành văn đôi chỗ dài dòng, chưa đủ đặc sắc.
    * Một số phân đoạn có phần hơi rối, khó theo dõi.
* **Hình thức:**
    * Bìa sách có thể bị gập mép, sách hơi bụi hoặc cũ.
    * Chất lượng giấy không dày dặn như một số sách khác của Nhã Nam.
* **Dịch vụ:**
    * Tiki có thể đóng gói sơ sài, không cẩn thận, sách bị móp góc hoặc trầy xước.
    * Tiki không bọc nilon hay túi xốp bảo vệ sách, khiến một số sách bị hư hại trong quá trình vận chuyển.
    * Một số người đánh giá dịch vụ của Tiki không ổn định, có lúc giao hàng nhanh, có lúc chậm trễ.

**Phản hồi tiêu cực:**

* **Nội dung:**
    * Một số độc giả cảm thấy thất vọng với nội dung sách, cho rằng không đáng giá với mức giá.
    * Tác giả lồng ghép các lý thuyết khoa học một cách máy móc, áp đặt.
    * Cách giải quyết vấn đề của tác giả bị đánh giá là nông cạn, thiếu chiều sâu.
    * Nhân vật chính không gây được sự đồng cảm.
* **Hình thức:**
    * Sách bị lỗi in, thiếu trang hoặc bị lặp trang.
    * Sách bị rách gáy, cong mép, bụi bẩn.
    * Sách bị ố, bẩn, sờn mép.
* **Dịch vụ:**
    * Tiki đóng gói sơ sài, không có bọc chống sốc.
    * Sách bị hư hại trong quá trình vận chuyển, gãy góc, méo bìa.
    * Tiki giao hàng chậm trễ, thiếu cẩn thận.
    * Tiki không có bookmark kèm theo.

**Kết luận:**

""Thư viện Nửa Đêm"" là một cuốn sách được đánh giá cao về nội dung và ý nghĩa nhân văn, nhưng chất lượng dịch vụ của Tiki không được đồng đều. Một số người gặp phải vấn đề về đóng gói, vận chuyển và chất lượng sách. 

Tuy nhiên, phần lớn độc giả vẫn đánh giá cao cuốn sách và cho rằng nó rất đáng đọc. 
","Tích cực: Thư viện nửa đêm cuốn sách này đã làm mình khóc vì mình cảm thấy tội cho cô gái ấy trong truyện, tội vì cô đã mắc kẹt trong cái vòng luẩn quẩn, và cảm thấy may mắn cho cô vì cuối cùng sau bao khó khăn vất vả cô đã tìm lại được bản ngã cá nhân và tránh đi nhưng lối mòn của cuộc sống này. Bạn chỉ sống trong cuộc sống của chính bạn và bạn k cần hiểu mọi thứ xquanh quá nhiều.Cô giúp mình hiểu hơn về cuộc đời của mỗi lối ngã mỗi bước đi về một cuộc sống mình mong muốn. Một cuốn sách chữa lành và giúp những người đang chật vật với tinh thần của chính mình có thể vươn lên mà sống tiếp., Giao nhanh đóng gói kỹ, nội dung truyện xuyên này kia, nhưng trong suốt quá trình đọc, trước khi nora tới giai đoạn có thể thoải mái hơn về tư tưởng của mình, thì trước đó nora là 1 người siêu tiêu cực. Và khi đến cuối hành trình, nora cũng thay đổi rất nhiều. 8.5, cái kết quá hay. giải tỏa tất cả cái sự tiêu cực và màu xám quanh nhân vật. cuộc sống hạnh phúc hay không là do cái nhìn của bản thân chứ không phải do xung quanh tác động. muốn rớt nước mắt khi nhân vật chính tìm ra cái mình cần. giờ thì tìm phim xem thôi. nên đọc lắm nè., Sách đẹp, nội dung hay. Sách giúp ta nhận thức đc những thứ đang tồn tại xung quanh chúng ta, không nên hối tiếc mãi việc trong quá khứ, vì chưa chắc thay đổi đã tốt hơn. Vì khi quá mải mê hối tiếc, ta đã không nhận thấy đc những giá trị vốn có của những thực thể quanh ta. Một cuốn sách xứng đáng nằm trên giá sách mọi nhà., Đóng gói chắc chắn, sách không những rẻ mà còn có bookcare nữa nha, mình mua có 2 cuốn mà cho đóng gói cho mình cái hộp to quá, nhưng không sao, sách đẹp lắm, không bị méo cong chỗ nào cả, mình chưa đọc nên không biết thế nào, shipper dễ thương giao hàng đúng hẹn, shop phục vụ tốt, 5 sao nha 💯💯💯!!!!!, Săn sale độ nửa năm của Nhã Nam x Tiki.
Sách dày và hay nhé các bạn. Lần này bên bán đã có thêm miếng chống xốc, gãy góc, gần như là chăm sóc sản phẩm ổn hơn rất nhiều.
Nội dung thì không có gì để chê nhé. Câu chuyện cuộc đời của những người bệnh trầm cảm, luôn là vấn đề nhức nhối của xã hội. Sách được xem là phương thức cũng như là phương tiện chữa lành, cũng là kim chỉ nam đưa đường dẫn lối cho những ai đang tâm trí mù mờ ""cải tà quy chánh"". Thay vì chọn đọc các sách tâm lý kỹ năng sống để tìm các phương pháp trị liệu hay chữa lành bản thân, các bạn có thể chọn mua Thư Viện Nửa Đêm để có cái nhìn khái quát, rộng hơn, cụ thể hơn về cuộc sống thiên biến vạn hóa. Mặt khác, cũng là để phát triển được năng lực tư duy tưởng tượng khi đọc dòng sách này.
Hình thức lẫn nội dung của cuốn này rất ổn. Sách của Nhã Nam thì cứ yên tâm 100% nhé!
-
Hình như lần này đổi shipper thì phải :))) Em còn tính rủ anh đi nhậu đây, mãi mới có dịp săn sale, ngày nào cũng có đơn hàng đây :)))) Nhưng bạn nữ shipper hôm nay giao hàng vẫn rất dễ thương nhé, cảm ơn bạn., ""Thật thú vị làm sao, đôi lúc cuộc sống mang đến cho chúng ta một cách nhìn hoàn toàn mới chỉ bằng cách chờ đợi cho tới khi ta tự mình nhận ra được điều đó.""
Hạnh phúc đến từ cách ta nhìn nhận cuộc đời, đơn giản là vậy., Sp đóg gói cẩn thận ạ🥰
Hình thức thì đúg kiểu mk thíc lun❤️
Ndug đvs mk rất cuốn, có lẽ n sẽ giải quyết đc khúc mắc trog lòg cậu...
Mn có thể coi rì viu trên ***: gr nhã nam reading club, youtube... nha💕
Nhưg mk thấy đọc n và cảm nhận sẽ hay hơn achi êy rì viu, khá là ưng bụng lun đây là lần đầu tiên mình mua sách trên mạng tại ko có time ra nhà sách để mua... nhưng mà do giao trong giờ đang đi học nên nhà nhận giùm và khu sách làm gãy sách😭🤧 đối với cái đứa quý sách hơn mạng như mình thì mình đã cào nhào với nhà:)) thấy có lỗi nhưng giận thiệt, Mình để 5 sao vì bìa cuốn này đẹp, sách đến tay mình nguyên vẹn và nhanh chóng. Chứ cuốn này đọc chán kinh khủng, sách self help đội lốt fiction. 

Tác giả coi nhẹ và đưa ra cách giải quyết nông cạn cho việc bị trầm cảm, sách viết về việc t* t* nhưng không có chiều sâu. Tác giả thay vì chỉ nên tập trung xây dựng cốt truyện và để người đọc tự tìm ra ý nghĩa đằng sau thì lại phải viết huỵch toẹt ý nghĩa câu truyện ra như sợ người đọc không nhận ra vậy. 

Nhân vật không khiến người đọc relate được, ngược lại, còn khiến người đọc cảm thấy khó chịu với cái sự vô ơn và thích phá bĩnh mọi tình huống của mình. Thà cho nhân vật tầm 2x thôi, chứ 35 tuổi mà đọc tưởng con nít vì hành xử như người chưa từng trải đời vậy. 

Mình đọc không nhanh nhưng 100 trang cuối mình đọc trong tầm 2 tiếng, vì mình chỉ muốn đọc cho hết rồi nghỉ. Đọc nguyên cuốn không rút ra được câu nào hay để mà chụp lại làm kỷ niệm luôn., Cốt truyện rất hay, mình đã bị lôi cuốn ngay từ những trang đầu tiên. Mình đã đọc 1 mạch 100 trang. Như thường lệ, Nhã Nam dịch rất mượt, bìa sách rất đẹp, chất liệu giấy tốt vô cùng. 10 điểm cho Nhã Nam. 
Một cuốn sách nên đọc nếu bạn muốn tìm hiểu về nội tâm của những người đang gặp phải trầm cảm., Mình mua sách này ban đầu mà không biết đó là cuốn “the midnight library” 🥲🥲 lúc sau để ý tên tác giả mới bt là TML. Mà ban đầu mình còn tưởng là boxet vì nhìn bìa là 4 gáy sách… Đọc xong cuốn này mình sẽ đọc bản tiếng Anh. Sách rất đẹp và mình siêuu hài lòng, Đọc thư viện nửa đêm, sẽ cho ta thấy tất cả những tiếc nuối của mình. có lẽ sẽ không đáng tiếc đến thế. Chỉ có những thứ chúng ta nghĩ là mình giá như được làm lại hay làm sống cuộc đời khác sẽ tốt hơn. Nhưng dù sống trong hoàn cảnh hay cuộc đời nào thì cũng sẽ đều xuất hiện vấn đề của nó. Không có gì hoàn hảo,, Trước hết mình rất ưng phần bìa của quyển này, gây ấn tượng tốt từ cái nhìn đầu tiên nên sau đó vào xem đánh giá rồi mua, Quyển này rất đáng để trải nghiệm và sau khi đọc thì mình cũng viết hẳn 1 chiếc blog để lưu lại những cảm xúc và bài học mình qua quyển sách 
https://weirdobelly.blogspot.com/2022/08/the-midnight-library-and-art-of-life.html?m=1#more, Một câu chuyện thú vị và đáng để đọc
Có một số chỗ mình chưa thực sự hiểu bởi có lẽ mình đọc kỹ, chưa đủ sâu sắc và chiêm nghiệm. Cần phải đọc thêm một lần nữa hoặc hơn.
Nhưng cá nhân mình thích những lý giải Triết học và những cuộc đời nhân vật được trải nghiệm. Đặc biệt là cuộc đời nhà băng học, Một cuốn sách thuộc thể loại văn học hiện đại, được viết khá mới nên ngôn từ rất dễ ngấm với các bạn trẻ như mình. Nhịp điệu kể chuyện vừa đủ để không cảm thấy nhàm chán khi đọc. Tuy nhiên không biết do bản gốc hay do biên dịch mà một số phân đoạn có phần hơi rối, khó theo dõi. Nhìn chung, đây là cuốn sách dễ đọc, mang lại cảm giác thư giãn, thông điệp truyền tải rõ ràng, nhẹ nhàng, đúng tâm lí của lứa tuổi đang tập trưởng thành. Ngoài ra mình cực kì thích bìa sách và thiết kế sách này., Tiki đóng gói bọc seal kĩ càng mng yên tâm
Rất hay, ai cũng có thể đồng cảm với nhân vật, nhất là phụ nữ, Tiki giao sách nhanh, shipper hỗ trợ nhiệt tình. Sách đến tay còn nguyên vẹn, không bị quăn gì nhiều. Bìa sách siêu đẹp từ minh hoạ đến tiêu đề in nổi. So với các cuốn khác của Matt Haig, cuốn này nội dung vẫn mang nhiều ý nghĩa nhân văn, nhưng mạch truyện đơn giản và cách kể chuyện nhàm chán. Mình không phù hợp với văn học Âu Mỹ nên có thể đưa ra nhận định không quá khách quan., Đang buồn đọc cuốn này. Rất cuốn hút. Cảm thấy nhẹ lòng, yêu đời hơn, nỗi buồn tan biến. Dường như trong cuộc sống, ta mải chìm trong hối tiếc về quá khứ, dằn vặt về những việc mình làm không tốt. Mà không nhìn một cách rộng hơn, đúng đắn là chính những nuối tiếc đấy đều không đáng có. Và ta cũng bỏ quên sự tự hào về những gì mà mình đã làm được., Một quyển sách chắc hẳn sẽ luôn xứng đáng nhận được sự đón nhận dù cho nó xuất hiện trong bất kì thời điểm nào của cuộc đời bạn! 
""Thư Viện Nửa Đêm"" mở đầu và xoay quanh căn bệnh trầm cảm của Nora Seed, mọi tuyệt vọng như hố đen không đáy dẫn đến việc cô đưa ra cho mình một quyết định, và rồi quyết định ấy đã đưa cô đến với thư viện nửa đêm. Thoạt mở đầu với không gian u tối và cảm giác trầm lặng cho tới những gam màu đầy đủ sắc thái khác nhau trong những chuyến đi của mỗi cuộc đời. Mỗi cuộc trò chuyện giữa Nora và thủ thư lại là mỗi lần mở ra cho ta một cơ hội để tiếp thu những ý nghĩa mới, mà chính bản thân chúng ta đang rất cần đến trong cuộc sống bộn bề này. Mỗi sự thay đổi nhỏ nhặt trong tâm trí Nora khiến ta cũng chợt thấy bản thân mình trong đó. Nhưng sau tất cả, một mùa Xuân và sắc màu tươi sáng tràn đầy yêu thương lại về lên các nhân vật của chúng ta. 
Cuộc đời vốn dĩ luôn là thế, chúng ta luôn là một Nora Seed trong vòng tuần hoàn rộng lớn của sự sống này, đôi lúc mỏi mệt mà cũng muốn bước đến bờ vực sự chết, tự cho mình một quyết định để giải thoát và không còn đau khổ. Nhưng hãy bình tĩnh lại đôi chút thôi, bạn sẽ không cô đơn đâu, một ngọn gió thường ngày vẫn đang nỗ lực thổi mát cho tâm hồn bạn dẫu bạn còn không cho nó vào mắt kia mà, ấy thế nên vẫn còn rất nhiều thứ đang nỗ lực vì sự sống của chúng ta mà chỉ vì chúng ta chẳng mảy may biết đến thôi. 
Giữa xã hội bộn bề và thời đại ngày càng phát triển này, căn bệnh trầm cảm được biểu thị trong tác phẩm cũng như là một thông tin, một lời nói để chúng ta biết để tâm đến nó hơn, đến mn xung quanh hơn và cũng như là để tâm đến chính mình hơn. Bất kể khi nào chúng ta cx có thể đã từng là Nora Seed hay sẽ là cô ấy, nhưng chỉ khác rằng ta có thể sẽ ko đến đc thư viện lúc nửa đêm, không gặp được người dẫn dắt là bà Elm và không hề có cơ hội được trải nghiệm cuộc đời nào khác cả. Hãy tạo ra những cuộc đời trong chính cuộc đời mình đang sống, một chút sự yêu thương, một chút sự tử tế với bản thân sẽ mang bạn đến với nhiều góc nhìn đẹp đẽ khác về thế giới này, và khi đó chỉ việc ""sống"" ,đó đã luôn là điều tuyệt vời nhất bạn thực hiện rồi, bạn ""sống"" đồng nghĩa với việc bạn cũng đang giúp cuộc đời người khác được ""sống"". Ấy thế mà ""Thư Viện Nửa Đêm"" hẳn sẽ là một người bạn đồng hành tuyệt vời, cùng bạn vẽ nên bức tranh toàn cảnh về cuộc sống của bạn và chắc chắn sẽ cho bạn thấy được ít nhất là một lí do để sống.
Hãy để cuộc đời bạn chuyển biến như mạch truyện của ""Thư Viện Nửa Đêm"". Có thể mở đầu với sự tuyệt vọng và màn đêm, nhưng tuyệt nhiên đừng bao giờ mất niềm tin rằng nó sẽ kết thúc như một buổi sáng tốt đẹp. Hối tiếc luôn là vật phẩm đi kèm với cs của chúng ta, nhưng cũng là nguyên liệu không thể thiếu để tạo nên hạnh phúc. Cuộc đời là vô hạn, giữ vững ngọn lửa trong bạn âm ỉ cháy, bạn sẽ nhìn thấy được điều bạn cần. 
Cảm ơn ""Thư Viện Nửa Đêm"" đã đến với tôi vào một ngày không sao, đó là một đêm tĩnh lặnh khi tôi thoáng chốc lẫn lự đến với ""cái chết"". Quyết định lật giở ra những trang đầu cuối cùng đã níu chân tôi, và giờ tôi đang ""sống"". Tôi không muốn lan truyền bất kì sự tiêu cực nào đến với bạn, nhưng tôi chỉ muốn gửi gắm đến những người bạn đang đơn độc rằng bạn ko cô đơn nữa đâu, chúng ta giống nhau và vẫn đang cùng tồn tại, vì thế nên hãy cùng nhau tạo nên động lực để ta có thể vẽ tiếp cuộc đời ""giông bão"" của mình :3., Không ngoa chút nào khi đánh giá tuyệt phẩm cho cuốn tiểu thuyết này.
   Không đơn giản chỉ là một cuốn tiểu thuyết, nó còn là một cuốn selfhelp, một cuốn sách khai mở tâm trí con người về khía cạnh “sống-chết”.
   Đâu đó có câu nói rằng, mọi việc luôn đã và sẽ diễn ra đúng như nó. Người cần gặp sẽ gặp, chuyện xảy ra ắt xảy ra. Không nên sống vì quá khứ, không hối tiếc vì những thứ đã xảy ra. Không hối hận vì những việc đã làm…. Bởi mọi thứ vốn dĩ là như thế…
   Có quá nhiều lời dạy như thế, nhưng chỉ là từ ngữ. Thế nhưng, Nora cùng với hành trình đi tìm ý nghĩa của sự sống, sẽ cho ta một ví dụ rõ ràng và mạnh mẽ nhất, hơn bất kỳ lời giáo huấn nào khác. Một ví dụ cụ thể luôn mạnh hơn một lời châm ngôn. 
   Rất phù hợp với những ai cảm thấy cuộc sống là bế tắc hay chán nản. Cuốn sách sẽ cho bạn thấy rõ rằng không có một ngã rẽ nào là hoàn hảo cả, ngay cuộc sống này của bạn mới là hoàn hảo nhất. Dù nó có tệ như thế nào, nó cũng vẫn là hoàn hảo nhất, chẳng qua bạn không nhận ra thôi.
   Một cuốn tiểu thuyết không ngôn tình, không đồng bóng, mà là một triết lý nhân sinh, một cách nhìn xuyên qua các vấn đề, để thay đổi cách nhìn về cuộc sống. (Cũng giống hồi ký Người đi tìm lẽ sống, của Viktor Frankl)
  Đáng để đọc và suy nghĩ., Sau khi đọc xong, mình cảm nhận được Matt Haig còn là một tác giả khá non tay và thiếu cả một biên tập viên phù hợp. 
Nhưng công bằng mà nói, ý tưởng về Thư viện nửa đêm và cách vận hành nó khá tốt., Bìa sách quá đẹp luôn, lúc đầu vì bìa sách mà mình chọn mua quyển này. Nhưng nội dung cũng rất cuốn, nhẹ nhàng nhưng lại khiến mình tò mò về các lựa chọn tiếp theo của nv chính sẽ như thế nào. Sau khi đọc chính mình cũng tò mò nếu các lần lưỡng lự trong quá khứ mình đưa ra lựa chọn khác thì tương lai sẽ đi về đâu., Cốt truyện cực hấp dẫn. 
Phần nhập đề của “Thư viện nửa đêm” cực lôi cuốn, nhất là với những ai có tìm hiểu về Vật lý. 
Việc mượn những thuyết trong Vật lý để dẫn dắt câu chuyện cực kỳ mới mẻ và hấp dẫn., Một quyển sách rất phù hợp để giúp mọi người nhìn lại bản thân, thay đổi thái độ sống. Mình không thích văn phong của dịch giả lắm nhưng bù lại thì hình thức sách đẹp, câu chuyện được dẫn dắt, phát triển và có cái kết hợp lý., Bìa sách đẹp miễn chê luôn, chọn sách 1 nửa vì bìa quá cuốn hút. Nội dung thì khá nhẹ nhàng, mạch truyện diễn biến nhanh với lối viết hài hước nên mình thấy nó dễ đọc và đọc được nhanh. Càng về cuối câu chuyện càng mở ra nhiều tầng ý nghĩa cho người đọc tự suy ngẫm về giá trị của cuộc sống., thật sự là một cuốn sách mang lại nhiều ý nghĩa nhân văn thấm đẫm bao chiêm nghiệm về cuộc sống. chỉ qua ẩn dụ về thư viện, những cuốn sách mà không chỉ nhân vật chính mà đến cả bản thân mỗi người chúng ta cũng thấy được rằng mọi quyết định của chúng ta đều dẫn đến những lối đi khác nhau, nhưng không có nghĩa là sẽ có một lối đi hoàn toàn hoàn hảo, lối đi nào rồi cũng sẽ có những hòn đá xấu xí cản đường. Vậy nên thay vì quá tập trung tìm kiếm một lối đi đẹp đẽ, chả phải ta cứ nên chỉ sống, chỉ tận hưởng con đường chúng ta đã chọn, vì kể cả con đường có xấu xí thì bầu trời vẫn luôn xanh mà, Bạn có cuốn sách về những điều nuối tiếc của bản thân? Bạn có muốn thay đổi việc gì đó đã từng xảy ra tới với mình?                                                                                                           
Cuốn sách cho mình một trải nghiệm thú vị và cả những câu trả lời nữa. Như được trải nghiệm vô vàn cuộc đời khác nhau cùng nhân vật chính, mình càng thấy trân quý, nhẹ nhàng, yêu thương khu vườn bên trong mình.

Một cuốn sách thú vị, nhẹ nhàng và cảm động., Thư viện nửa đêm - hình thành từ giữa ranh giới của sự sống và cái chết, nơi bạn đọc được cuốn sách về những hối tiếc trong cuộc đời, nơi bạn có thể trải nghiệm các cuộc đời mà bạn đã bỏ qua khi lựa chọn ra quyết định.
Những cuộc đời ở đó chứa đựng câu trả lời cho câu hỏi giá như.
Nhưng quyền lợi luôn đi kèm nghĩa vụ, ánh hào quang luôn song kèm với bóng tối, bạn luôn phải trả giá tương ứng cho những gì bạn nhận được.
Mỗi cuộc đời nếu bạn chỉ sống trong vài giờ, vài ngày, vài tháng, vài năm ... ở một vài giai đoạn thì sao bạn có thể hiểu được nó?
Mỗi cuộc đời trải qua chỉ cho ta một bài học mà ta buộc phải học, bài học đó là .... mua sách đọc thì biết, Một tácphẩm rất đáng để đọc và suy ngẫm. Đặc biệt là với các bạn trẻ đang sống trong thời đại kỹ thuật số như hiện nay.
Tiki Now giao hàng siêu nhanh :)., Ý tưởng kết hợp giữa khoa học và tâm thức hay, không ngạc nhiên là thời điểm xuất bản lại là best seller, thích hợp cho mọi người, đặc biệt là những ai đang tìm kiếm mục đích sống,
Giao hàng đúng hẹn, chất lượng giấy ổn so với giá tiền, Bìa đẹp, cốt truyện hay, mọi kết quả trong tương lai đều bắt đầu từ hành động ở ngay hiện tại. Một câu truyện đáng đọc ngen., Sách rất hay, nhẹ nhàng. Là một cuốn sách nên đọc cho những ai cảm thấy có nhiều điều nuối tiếc trong cuộc sống, có thể khi đọc xong ta sẽ không còn cảm thấy những điều nuối tiếc đó đáng để… tiếc nuối…!!, Văn phong và cách kể chuyện gần gũi với đời sống thường ngày, cốt truyện khá thú vị. Sách thuộc loại tiểu thuyết giả tưởng nhưng có rất nhiều bài học về cuộc sống, về self-help. Mình rất thích câu quote trong sách “Sometimes the only way to learn is to live”., Truyện khá hay. Đọc xong mình cảm thấy hài lòng với những quyết định của mình hiện tại và nên gạt bỏ những hối hận trong quá khứ
Có điều tiki đóng gói ẩu quá. Hồi xưa đóng gói ổn hơn, lâu rồi mới mua lại mà đóng gói quá tệ, Sách giao tới nơi nguyên vẹn, không bị trầy xước hoặc cong móp; nội dung sách cuốn hút, ấm áp và nhẹ nhàng. Giúp người đọc có cơ hội suy ngẫm về cuộc đời của bản thân, qua câu chuyện và cuộc hành trình của nhân vật Nora Seed qua Thư Viện Nửa Đêm. 

Nên đọc qua cuốn sách này một lần, nhất là đối với những ai đang lâm vào tâm trạng chán trường, vô vị trong cuộc sống., ""Thật dễ dàng để nuối tiếc những cuộc đời chúng ta không được sống. Dễ dàng ước gì ta bồi đắp nhiều khả năng khác, gật đầu trước những lời đề nghị khác"". Một thư viện chỉ dành cho riêng ta, và tại thư viện đó, chúng ta được sống những cuộc đời mà ta đã bỏ lỡ. Mỗi lựa chọn của chúng ta sẽ đưa chúng ta đến một cuộc đời khác. Liệu đã bao giờ chúng ta tự hỏi cuộc đời chúng ta sẽ như thế nào khi lựa chọn của chúng ta khác đi...Cuối năm với một cuốn sách thuộc dạng ""must read"". Hãy đọc để thấy đôi khi ""những bông hoa trước đây đối với cô dường như không có ý nghĩa gì thì nay lại khiến cô ngây ngất với sắc tím đẹp nhất mà cô từng thấy. Như thể hoa không chỉ là màu sắc mà là một phần của ngôn ngữ, những nốt nhạc của một giai điệu hoa tuyệt vời, mạnh mẽ như Chopin, âm thầm truyền đạt sự huy hoàng vĩ đại của chính cuộc đời"".
Gấp lại cuốn sách trong chiều cuối năm, lại nhớ đến lời giảng của Thầy Thích Nhất Hạnh ""được sống trong giây phút hiện tại là một phép lạ. Phép lạ không phải là khả năng đi trên mặt nước, nó chính là bạn có thể đi bộ trên trái đất xanh ngay lúc này để nhìn thấy sự bình yên và vẻ đẹp của cuộc sống"".
Chiều 29 Tết năm Tân Sửu 2021!, Một trải nghiệm tuyệt vời cùng Nora Seed, đưa ta đến sự vô định của vũ trụ, nơi mà chỉ có ta mới biết ta là ai., Hay, lúc mk đang mấp mé trên bờ vực trầm cảm thì đọc được cuốn này. Một số câu thức tỉnh mk luôn, đọc xong t luôn nhắc nhở rằng, chúng ta có vô vàn lựa chọn và cơ hội, cánh cửa này đóng lại để cánh cửa khác mở ra, Tuy giao hàng hơi trễ nhưng chất lượng sách đảm bảo. Nội dung của sách không những vô cùng ý nghĩa mà cách diễn đạt rất sáng tạo và có khả năng gây ấn tượng mạnh. Cuốn sách thích hợp cho những con người đang gặp khó khăn không chỉ về mặt vật chất hay tinh thần hoắc cả hai, và đặc biệt quan trọng cho những ai đang có dấu hiệu trầm cảm và bi quan về cuộc đời bản thân. Có thể việc đọc cuốn sách này không đủ để khiến bản thay đổi ngay lập tức nhưng nó mang lại góc nhìn mới có sức truyền cảm hứng sâu sắc. Chúc các bạn năm mới 2022 đầy ý nghĩa., Truyện nay tiki giao hơi df nhẹ nhưng mà cũng ổn với em ạ. Dù em dời ngày giao tận mấy lần nhưng anh shipper vẫn dễ thương lắm ạ. Cuốn này nội dung thì quá đỉnh luôn không chê vào đâu được. Rất recommend mọi người mua để đọc ạ., Lúc nhỏ có coi 1 chương trình hoa hậu thì cô hoa hậu đoạt giải có nói: Đời em không có gì hối tiếc, lúc nhỏ coi thấy hay quá ngầu quá tới bây giờ đọc cuốn này mới nhớ lại thì thấy đời làm gì mà không có hối tiếc. Sách hay nên đọc, nhờ có hội sách mới có giá rẻ mà mua đọc thử, cám ơn tiki cám ơn Nhã Nam, Ai chắc cũng từng một lần ao ước, Nếu ngày ấy mình làm khác đi, cuộc đời mình sẽ sung sướng thêm biết bao. Biết vậy mình đã thi vào trường đó. Biết vậy mình đã không yêu anh ta. Biết vậy mình đã cố gắng thêm một chút. Mình chọn lựa sai lầm nên giờ mình là một kẻ thất bại. 

Nhưng bạn có chắc là cuộc đời kia sẽ tốt hơn cuộc đời hiện tại của bạn không?

""Thư viện nửa đêm"" đặt nhân vật chính vào tình huống có đặc quyền trải nghiệm ""bản dùng thử"" của bất kỳ cuộc đời nào khác mà cô chọn. Nếu bạn không có đặc quyền của cô ấy (giống mình), thì thử đồng hành cùng cô bằng cuốn sách này nhé.

Lưu ý: có nhắc đến t.ự.s.á.t, bạn cân nhắc kĩ tâm lý của bản thân trước khi đọc nhe.

Sách Tiki giao luôn nhanh chóng, bookcare chỉn chu, sách thật không lăn tăn gì., sách đẹp, xịn, ngoại hình ok, góc hơi nhăn xíu, giao tiki now mà đổi ngươi vận chuyển nên hơi lâu hơn 1 xíu, Sách đẹp lắm nha mng, hum có bọc nhưng mình dễ tính với sách k hư hỏng gì nên uki hết nà
Tiki giao nhanh quá shock lun mới đặt 23:51 hqua nay đã nhận đc lun rùi, chưa đến 1 ngày nữa 
Quá là iuuuuuuuuu❤️❤️❤️❤️❤️✨✨✨✨✨💙💙💙💙💙💙💙💙
Sách mình chưa đọc nên hong có ý kiến nhưng đọc rv sương sương là đã thấy hay rùi á, Tiki giao hàng nhanh. Chất lượng giấy tốt, giấy của Nhã Nam vẫn rất tốt. Nhìn vào bìa sách đã bị cuốn hút. Khi nhìn vào bìa tôi đã muốn mua ngay mà không cần đọc đến nội dung. Về nội dung sách phù hợp cho những tâm hồn bế tắc, lạc lối, tuyệt vọng, trầm cảm, dằn vặt, hối hận về những lựa chọn mình đã chọn hoặc đã không chọn. Không có cuộc đời nào đáng sống hơn cuộc đời mà chúng ta đã và đang lựa chọn nó. Một quyển chữa lành nhưng tâm hồn đang tổn thương, Một quyển sách hay giúp mn có thể hiểu đc những khía cạnh của cuộc sống. mỗi ng chỉ có một cuộc đời nhưng nếu chúng ta đc sống ở một cuộc đời khác, của một phiên bản khác. Giữa vô vàng phiên bản như vậy đâu là phiên bản bạn muốn trở thành nhất, giàu sang, nghèo khó, vinh quanh,... Đâu là phiên bản bạn muốn trở thành nhất., Mình nghĩ bản thân mỗi chúng ta đều phần nào giống Nora Seed - nhân vật chính trong truyện, người mang nhiều nuối tiếc về những quyết định trong quá khứ & tự dằn vặt về hiện tại của chính mình. Dù là một người mang suy nghĩ tích cực, nhưng cũng không ít lần bản thân mình “sống” trong quá khứ: “phải chi lúc đó mình như này / lẽ ra … / tại sao ngày đó không … / …” - và tác phẩm của Matt Haig phần nào khiến mình giảm bớt tần suất về những snghi trách móc bản thân đó lại. Mình tin rằng đây là một quyển sách rất đáng mua & đáng đọc nha mng ơiii!!
Em cảm ơn chị Chi (The Present Writer) đã tặng voucher trong giveaway hôm Tết để em có thể đọc cuốn sách này ạ 💖, Sách nhiều bụi quá ạ, cứ như Tiki tồn kho rồi không lau sách trước giao á. Về nội dung thì sách kỹ năng, mất 2 tuần đọc và 6 tháng để học. Lần đầu em buồn về shipper (hình như anh ấy đang quạu gì đó) và Tiki vì không giữ vệ sinh sách á. Ngoài ra, cuốn này rất đẹp và đọc cực kỳ thấm, ai nhạy cảm thì cân nhắc giữ vững tâm lý và quan điểm trước khi đọc., Lần đầu đặt tiki, trộm vía sách không bị gì, đẹp lắm, giao hàng nhanh nữa, nội dung thì nghe review siu cuốn, Cốt truyện lôi cuốn, concept thư viện nửa đêm thực sự hay. Mình rất mong chờ phiên bản tiếng phim từ cuốn này!!!! Với mình cuốn này 4/5, Cuốn sách hay và cuốn hút. Mình có sự đồng cảm ngay từ những chương đầu với Nora vì mình cũng từng trải qua sự trầm cảm vào 9 năm trước và nó quay lại với mình khoảng 2 năm nay nhưng mình đã cố gắng mỗi ngày. 
Một cuốn sách bạn nên đọc, Một cuốn sách rất hay và ý nghĩa. Đã rất lâu rồi mình không đọc thể loại fiction, mừng quá Thư viện nửa đêm không làm mình thất vọng. Mình cảm thấy rất may mắn vì đã tìm được cuốn sách này vào lúc mình đang cảm thấy mông lung về cuộc sống (chắc cũng nhiều người từng trải qua cảm giác này nhỉ?). Nói rằng đây là cuốn sách ""thay đổi cuộc đời"" thì có lẽ hơi quá, mình muốn dùng từ theo kiểu ""cho mình một góc nhìn mới về cuộc đời"" hơn. Mình thích nhân vật Nora ở chỗ con người Nora không hề hoàn hảo - điều đó khiến mình rất dễ cảm thông với nhân vật. 
Cảm ơn Matt Haig vì một cuốn sách thú vị. Cảm ơn Nhã Nam và Tiki vì đã mang cuốn sách này tới với đông đảo độc giả Việt Nam., Ulatr, em hơi hoảng hồn khi khui hộp ra nha shop ơi!!! Khâu đóng gói lỏng lẻo quá chừng, may mà sách không sao với lại anh shipper thân thiện, nhiệt tình nên bù lại đó.
Nội dung em chưa đọc nên không biết thế nào, đọc xong em rì viu cho nhá., “Thư viện lúc nửa đêm” là một cuốn sách siêu hot của Nhã Nam nên vừa sale 35% là mình đã mua ngay để đọc.
. Về chất lượng sản phẩm:
- Bìa sách có sắc xanh pha đen rất hợp với cốt truyện. Đặc biệt, chiếc bìa xinh đẹp  này tạo nên tiếng vang cho cuốn sách do nó gồm nhiều gáy sách khác nhau đặt liền kề khiến người nhìn đôi khi lầm tưởng là nhiều quyển sách.
- Sách mới tinh, không bị trầy xước hay hở keo gì cả.
- Chất giấy xốp nhẹ nên tuy nhiều trang nhưng cầm đọc không mỏi tay.
- Nội dung giàu tính nhân văn, cái kết rất ý nghĩa.

. Về chất lượng dịch vụ:
- Cuốn sách này thuộc một đơn hàng được giao khá nhanh đối với mình trong mùa dịch này. Biết là dịch bệnh vận chuyển khó khăn nên mình không quá hóng chờ, tuy nhiên, đơn hàng lại đến nhanh khiến mình khá bất ngờ và thích thú.
- Miền Trung đang mưa bão, mỗi khi nhận hàng mình thấp thỏm sợ sách bị ướt, may là sách vẫn nguyên vẹn.
- Anh shipper ở chỗ mình thì không có gì để chê: Lịch sự, đẹp trai, vui tính nữa. 

. Trải nghiệm thực tế về sản phẩm : Sau đây là cảm nhận của mình sau khi đọc sách: (Mình xin xưng tôi khi review)
“Thư viện lúc nửa đêm” của  Matt Haig là tác phẩm đạt giải tiểu thuyết hay nhất của Goodreads Choice Awards 2020. Nó khiến tôi đặt quá nhiều kỳ vọng vào nên có phần hụt hẫng khi đọc. Tuy nhiên, nói thế không phải là tôi đánh giá thấp tác phẩm, tôi chỉ là cảm giác nó không quá hay như mình tưởng tượng và mong chờ. Nhưng xét ở khía cạnh ý nghĩa thì nó quả là một liều thuốc bổ cho tâm hồn.

Truyện có những yếu tố phi logic và đó cũng là thứ tạo nên sự hấp dẫn cho những trang sách cũng như khơi gợi trí tò mò của người đọc. Thư viện tồn tại lúc 0h, nó đứng giữa ranh giới của sự sống và cái chết đã đem đến cho Nora Seed cơ hội được trải nghiệm những cuộc đời khác, những lựa chọn khác. Nora là một cô gái bị trầm cảm nên chán ghét cuộc sống và luôn hối tiếc về những điều mình chưa làm được. Thư viện đặc biệt này đã giúp cô thực hiện những ước mơ còn dang dở, những lựa chọn trái ngược với những gì cô đã quyết định để rồi dẫn đến tình trạng chán chường, mệt mỏi, cô độc bủa vậy như hiện tại.

Qua những cuộc đời mà Nora trải nghiệm, độc giả như được phiêu lưu, hòa mình vào những câu chuyện có lúc kịch tính, có khi quá nhạt nhẽo của nhân vật. Nora cùng những câu chuyện, những con người xoay quanh cô khiến ta thêm trân quý những người bênh cạnh mình, khiến ta tự nhủ với lòng phải sống tích cực hơn, ý nghĩa hơn, đừng để hối tiếc hóa thành con bạch tuộc khổng lồ dùng những chiếc vòi to lớn của nó quấn chặt lấy ta khiến ta nghẹt thở, buông xuôi, bất lực.

Có những cấu trúc cứ lặp đi lặp lại nên đôi khi khiến câu chuyện có phần nhàm chán. Nhưng phần cuối truyện lại là sự trỗi dậy của ngôn từ, của cảm xúc, của sự vỡ òa yêu thương. Cái kết vẹn tròn biết bao và giàu ý nghĩa biết bao.

Tuy có những nốt trầm nhưng “Thư viện nửa đêm” vẫn là một tác phẩm với nhiều điều huyền bí đáng để trải nghiệm. Có thể nó sẽ giúp cho bạn, cho những người chông chênh giữa cuộc đời mạnh mẽ hơn.

. Chấm điểm: 
Chất lượng sản phẩm : 9/10
Chất lượng dịch vụ: 10/10, Một câu chuyện hay, nhẹ nhàng tác động và thay đổi cách nhìn của nhân vật và chính người đọc về ý nghĩa, mục đích sống. Thật tình cờ khi mình đọc được quyển này vào dịp Tết, sau 1 năm rối bời và bế tắc, để rồi nhận ra, chỉ cần sống, chỉ cần tiếp tục sống thì mọi vấn đề đều không còn quá quan trọng, chỉ cần sống, mọi sự đều có thể thay đổi, và chỉ cần sống, mọi khả năng đều là có thể, mọi mơ ước đều sẽ khả thi. Dù chưa biết được sống để làm gì, vì sao mình tồn tại, nhưng trước hết bạn phải sống, sống để tìm hiểu, để trải nghiệm, đúc kết và chứng minh cho sự tồn tại của chính mình.

Với mình, quyển sách như một khởi đầu mới cho một hành trình mới. Và cũng tình cờ thay, sau quyển này mình đọc ""Nhà giả kim"" - quyển sách trả lời cho câu hỏi mà ""Thư viện nửa đêm"" còn bỏ dở: ""Sống để làm gì? Để tìm kiếm điều gì? Và nên sống như thế nào?""
 
Highly recommend quyển này cho những bạn trẻ đang cảm thấy bế tắc hoặc lạc lối giữa những cuộc đời song song. Cứ bình tĩnh sống rồi mọi chuyện sẽ ổn thôi., Sách rất hay và ý nghĩa, đóng gói đẹp , giao hàng nhanh, Dành cho những ai trầm cảm và muốn một cuộc đời tốt hơn. Mình cũng từng bị trầm cảm và cũng từng loay hoay như nhân vật chính. Một cuộc đời khác không hẳn sẽ toàn điều tốt đẹp. Hạnh phúc chỉ có bây giờ và ở đây..., đợt này tiki gói có bbw còn những lần trước mình mua thì không thấy.Hàng về tay an toàn nhưng mỗi tội không có bookmark, Câu chuyện mở đầu khắc họa cuộc đời Nora với những tình tiết khá là tối và u ám. Cô dần dần trải qua phép thử với những cuộc đời khác nhau, những tiếc nuối dần phai mờ, đan xen trong đó là những cảm xúc, câu nói, trích đoạn rất sâu sắc. Đến phần cuối cảm xúc trào dâng, những tình tiết nhỏ ban đầu tưởng chừng u tối đó bỗng trở nên tươi sáng, và Nora đã biết phải làm gì, tự viết lên cuộc đời cho mình., Lần đầu tiên mua một cuốn sách vì bìa quá đẹp quá quyến rũ. Nội dung đọc review thấy cũng ok nhưng chính vì chiếc bìa xanh thẳm bí ẩn mới quyết định rinh về bằng được. Mua lúc flash sale 40%, ship siêu tố tối muộn đặt sáng hôm sau đã nhận được., sách đẹp nma tiki giao sách mà Ko chống sốc chi hết làm méo mất cái góc sách của mình huhu, Sách đẹp, k có lỗi. Mình mua theo giới thiệu của bạn.
Tiki ship rất nhanh. Nhã Nam sale 40% 🤤, ""Thư viện nửa đêm"" mang lại cho người đọc một hành trình cảm xúc tuyệt vời, từ sự đơn độc, tuyệt vọng trong cuộc sống đến sự trân quý chính cuộc đời ấy. Sự thay đổi này đến từ sự trưởng thành trong thái độ sống của nhân vật chính, điều may mắn có được trong niềm tin vào vụ trụ song song, cụ thể hơn là trong những phiên bản cuộc đời khác. 

Một cuốn sách có thể giúp bạn nuôi dưỡng sự tích cực, trân trọng bản thân và biết ơn mọi điều bạn trải qua dù là nhỏ bé nhất. Thật vậy, quan trọng không phải bạn ""nhìn"" gì, mà là bạn ""thấy"" gì..., Giao hàng nhanh, đóng gói kỹ, sách đẹp. Mình đã đọc xong mới review, sách khá hay, lúc đầu đọc hơi chán nhưng dần về sau càng đọc càng cuốn., Một quyển sách đối với mình là rất đáng đọc. Đọc từng trang sách, mình được cùng Nora trải qua nhiều cuộc đời khác nhau, nhận ra nhiều bài học đáng giá. Có thể nói đây là một quyển sách chữa lành, khiến bản thân yêu và trân trọng cuộc sống này hơn biết chừng nào.

Bên cạnh đó, tiki giao hàng nhanh và đóng gói cẩn thận, sách không bị trầy xước. Cảm ơn tiki nhé., Mình đọc cuốn này vì có theory rằng đây là cuốn sách có liên quan đến album tiếp theo của BTS và các thành viên BTS cũng đã đọc quyển này trong In The Soop 2. 
Vì đọc theo idol nên mình thiên vị quyển này hơn. Đọc khá nhanh, dễ hiểu, giúp mình nhận ra nhiều mặt của cuộc sống và dù cs của người khác có hoàn hảo trong mắt mình thế nào nhưng đằng sau đó vẫn có nhìu khó khăn, rằng cs của mình hiện tại k phải khó khăn và bế tắc mà chỉ do mình chưa nhìn nhận ra hết những điều hphuc xung quanh thôi. 
Sách của Tiki luôn rất mới, đẹp, giao nhanh. Mua sách ở Tiki lúc nào cũng an tâm mà còn rẻ nữa, chiếc bìa siêu xinh luôn ạ!!! Tuyệt vời hơn nếu tiki thêm giấy gói bảo vệ khi gói hàng., nghe bạn bè giới thiệu nên mua đọc thử. sách thiết kế đẹp, nhìn đúng chất thư viện, Sách đẹp, giao hàng nhanh hơn dự kiến nhưng sách khá bụi và hơi xước ở mặt sách, đầu gáy sách bị quăn làm mình khá khó chịu, thôi thì hàng sale nên chấp nhận, nội dung truyện nhẹ nhàng nhưng đọc rất cuốn. Một quyển sách chữa lành, sống tích cực hơn nhưng ko hề khô khan. Mỗi câu chuyện là 1 hành trình của nhân vật nữ chính siu thú vị và tò mò, mọi người nên mua nhé, Cốt truyện hấp dẫn. Đọc cuốn. Thực ra có thể đoán trước kết quả. Nhưng vẫn muốn đọc tiếp. Cũng nhẹ nhàng k drama hay j cả. Nên đọc, Đóng gói cẩn thận. Chuyển phát nhanh. Thiết kế bìa đẹp. Chất lượng bản in tốt. Mới nhận sách chưa đọc nên chưa có nhận xét về nội dung và dịch thuật., Quyển này có lẽ là quyển mik thích nhất trong ba quyển mua gần đây, bìa rất đẹp với màu sắc chủ đạo là xanh đậm, rất thu hút, làm mik nhớ về những cuốn sách cổ. Vc thì siêu nhanh một ngày là có ngay, lần này k làm cong sách nữa., Sách mới và đẹp lắm. Nội dung thì mình chưa đọc nên chưa thể review được.Trong mùa dịch nhưng tiki đem lại dịch vụ rất tốt ạ. Dịch vụ bookcare rất tốt, giao hàng rất nhanh và shipper cũng rất thân thiện và nhiệt tình. Cảm ơn tiki nhiều lắm ạ. ^^, Sách tiki thì chất lượng miễn bàn rồi, giá sale siêu rẻ nhưng khâu đóng gói hơi cẩu thả. Mình mua mấy quyển mà quyển nào cũng bị móp góc :(, Sách được giao rất nhanh trước 15 giờ (đặt hàng khoảng 12 giờ rưỡi). Sách dày 418 trang, giấy dày dặn, không được bọc nilon như trước, chỉ là cuốn sách trần trụi trong hộp giấy Tiki, Một quyển sách tuyệt vời với lối kể chuyện theo mình là triết lí và sâu sắc. Mình phải công nhận những góc nhìn về cuộc sống mà tác giả gửi gắm vào đây. Văn phong có nét rực rỡ và tạo ấn tượng mạnh mẽ cho mình, cách xây dựng câu chuyện cũng không phức tạp nếu mình bỏ qua những lí thuyết chuyên ngành được nhắc đến trong sách. Mình yêu quyển sách này! Cảm ơn tác giả và cả Tiki nữa nhé.
Hãy đọc và cảm nhận cuộc sống thú vị thế nào, tiềm năng thế nào., Sách có bookcare xịn sò, hong bị cong như sách mấy lần trước mình đặt. Sách in ấn màu sắc rõ nét, giấy k quá mỏng, Chúng ta chỉ có thể lựa chọn phương án nhưng không thể lựa chọn kết quả. Và có thể có một số lựa chọn làm bản thân hối tiếc sau này, nhưng đó chính xác là những xâu chuỗi các sự việc xảy ra vào thời điểm đó làm cho bạn lựa chọn phương án này thay vì một phương án khác.
Chủ đề về lựa chọn và hối tiếc là một chủ đề không mới, nhưng câu chuyện của tác giả là một cách khắc họa khác. Một tác phẩm hay, một câu chuyện có vẻ tối ngay phần mở đầu nhưng gợi ra những điểm sáng trong suy nghĩ về cuộc sống., Sau ""Điều kỳ diệu của tiệm tạp hóa Namiya"" thì ""Thư viện nửa đêm"" là quyển được liệt vào danh sách những quyển sách mình tâm đắc nhất trong danh sách đọc của mình năm nay.

Gấp lại trang cuối cùng của ""Thư viện nửa đêm"", mình đã hiểu vì sao quyển sách này được bình chọn là tiểu thuyết giả tưởng hay nhất năm 2020 trên Goodreads.

Được chấp bút bởi một người từng có thời gian trải qua rối loạn lo âu trong thời gian dài, cốt truyện và nhân vật phần nào phản ánh giai đoạn khó khăn đó của chính tác giả.

Có giây phút nào đó trong cuộc đời của mình, bạn dừng lại và tự hỏi bản thân mình rằng mình tồn tại trong cuộc đời này với mục đích gì không.

Nora Seed cũng đã làm điều tương tự nhưng cô lại không có được câu trả lời cô mong muốn. Cuộc đời cô bấy giờ chỉ toàn là khổ đau và sự hoài tiếc về những điều cô bỏ lỡ. Cô cảm thấy bản thân cô không đóng góp một chút giá trị nào trong cuộc đời cô đang sống. Và cô tự nhận mình là nguồn cơn mang đến sự thất vọng của những người xung quanh cô. Cô tự trách và tự đổ lỗi bản thân. Một giọt nước tràn ly và cô quyết định đặt dấu chấm cho cuộc đời mình. Thế nhưng, trong giây phút cô đứng giữa lằn ranh của sự sống và cái c.h.ế.t, một Thư viện xuất hiện với mục đích cho phép cô thể nghiệm vô vàn các cuộc sống khác nhau. Cô được trao cho quyền năng sửa chữa những sai lầm trong quá khứ, mở ra những tương lai tốt đẹp (?!) mà cô hằng mong muốn. Và trong quá trình trải nghiệm đó, trải qua đủ các cảm xúc, có lúc đã chạm đến khoảnh khắc cận t.ử, cô nhận ra rằng những gì cô đang theo đuổi là đang phụng sự cho người khác chứ không phải sống cuộc đời của riêng cô. Càng gần với khoảnh khắc giã từ cuộc đời, chúng ta mới càng nhận ra khát khao muốn sống và được sống mãnh liệt đến nhường nào.

Được đan cài một cách khéo léo xuyên suốt tác phẩm là những triết lý của triết học phương Tây và có sự phảng phất của triết học phương Đông. Trong đó nổi bật nhất và được nhắc đến thường xuyên nhất là triết gia Henry David Thoreau với tác phẩm nổi tiếng Một mình sống trong rừng. 

Không chỉ vậy, trong tác phẩm còn cung cấp kiến thức về sức khỏe tâm thần, một vấn đề rất đáng được quan tâm trong bối cảnh xã hội hiện nay. Tác phẩm mở ra một cái nhìn khác về cuộc sống của những người đang đấu tranh với các căn bệnh tinh thần. Chúng ta không biết được những người xung quanh chúng ta đang mang trong mình những vết thương nào hay đang chịu đựng nỗi đau tinh thần gì. Hãy dành cho họ tình yêu, sự thấu cảm. Nếu làm như vậy, bạn không chỉ đang giúp chữa lành vết thương của họ mà cũng đang chữa lành vết thương trong chính bản thân bạn., chưa đọc hết nhưng mà cuốn lắm, Hay lắm. Kể về 1 cô gái muốn tự tử vì thấy cuộc đời mình sống quá nhiều tiếc nuối hối hận, thế nhưng khi sống những cuộc đời khác nhau thì cô hiểu được đâu mới là cuộc sống phù hợp của mình, một cuốn sách rất hay, rất nhiều điều đáng để suy ngẫm và học hỏi. một quyển sách dành cho tôi - người luôn tự hỏi ""sẽ ra sao, nếu như... "" và luôn cảm thấy muốn sớm kết thúc cuộc đời này để bắt đầu một cuộc đời khác, một cuộc chơi khác. 
sách của tiki thì luôn rẻ và đẹp!, Cuốn sách có tách dụng chữa lành. Dành cho những ai đang cảm thấy mông lung, hoài nghi về những sự lựa chọn của mình trong quá khứ thì nhất định nên đọc cuốn này nhé, Bìa sách quá đẹp, nội dung chưa xem nhưng biết đây là sách thuộc dòng chữa lành. Kỳ vọng cao đây sẽ là cuốn sách hay, Giao nhanh hơn ngày dự kiến, đóng gói cẩn thận. Rất hài lòng., Dù có trải qua bnhiu loại cđ thì cứ sống là chính mình để quá trình hoàn thiện chính mình là 1 cđ trọn vẹn nhất, Từ lúc Nhã Nam thông báo phát hành là mình đã háo hức chờ sách ""lên kệ"" ở Tiki rồi :)
Thiết kế bìa sách đẹp mê li. Bọc bookcare mướt :)
Mới hai chương đầu thôi mà đã rất cuốn hút và kịch tính rồi, Bìa thì ko phải bàn rồi. Cốt truyện lôi cuốn và mang đến những giá trị sâu sắc cho những ai còn đang mông lung trước những quyết định của cuộc đời. 1 quyển sách đáng có mặt trong tủ sách., Nghe cộng đồng khen quá nên mua về đọc. Khi nào đọc xong sẽ review. Tiki ship siêu tốc, sản phẩm brandnew, mùi giấy thơm phức, bìa xanh tối đầy ma mị với tên tác giả & tên truyện được in nổi.  Thật đáng tiền, Lúc đầu mình lên mạng tìm những cuốn sách bán chạy bên nước ngoài, thấy midnight library mà khi dịch ra cũng nghe quen nên đi tìm. Với sách cũng cuốn hút lắm, nên đọc nha, 1 cuốn sách rất hay, ý nghĩa. Đời người ai cũng có hối tiếc về những việc mình ko làm, nhưng liệu nếu mình làm, thì chắc gì sẽ ko có hối tiếc? Nên, tốt nhất là hãy sống cho trọn vẹn với những lựa chọn của mình. 1 cuốn sách đáng đọc., Chuyện hay, nằm trong top bestseller của amazon. Nội dung sách: ""Điều quan trọng không phải là bạn nhìn gì, mà là bạn thấy gì"", Sách in rõ nét, chất giấy chống lóa mỏi mắt. Giao hàng nhanh, gói hàng cẩn thận.
P/S: nội dung truyện khá thú vị., Sản phẩm đúng như mô tả! Giao hàng siêu nhanh! Đóng gói chắc chắn và hàng giao nguyên vẹn!, Ảnh chỉ mang tính chất nhận xu, nhưng nội dung truyện khá là hấp dẫn. Hãy cùng nhau đọc lựa chọn  những chương sách trong cuộc đời và sống, Cốt truyện hấp dẫn, cách hành văn dễ chịu, bài học vừa ý nghĩa vừa mang tính chữa lành, bìa đẹp ghê, nghe nói hay lắm nên phải mua thôi, ước gì có đc cái bm, quyển này thì mình đã đọc bản Anh rồi nhưng mà vì bìa quá đẹp nên phải mua để sưu tầm.. sách nổi tiếng nên nội dung thì ko cần phải bàn cãi, một chữ hay thôi ạ..., Sách được giao nhanh, không bị hư hỏng, cong mép hay gãy bìa. Nội dung sách được đánh giá là khá ổn và hấp dẫn. Rất mong chờ đọc nội dung của sách., Vì bao bì có màu xanh cổ vịt nhìn rất chi là thích mắt. Nội dung mình chỉ đọc phần giới thiệu nhưng thể loại kỳ ảo luôn khiến mình hứng khởi, Mùi sách mới thơm nức. Ship nhanh, sách đẹp. Bọc hàng cẩn thận. Mê cuốn này từ lâu rồi, giờ canh sale mới mua, Sách được giao trọn vẹn, có hơi gập phần góc trên bìa trước nhưng không đáng kể, là một cuốn sách được đợi khá lâu nên có đợt giảm phải mua liên, hàng ổn nha, Good, Sách được tiki giao nhanh miễn bàn. Được bọc kĩ trong bao và không hư hại xíu nào. Nội dung thì tui chưa đọc nhưng mà đọc review thì thấy ổn nha, Nội dung sâu sắc, ý nghĩa, hình thức sách đẹp 😍, Cốt truyện khá mới lạ, đọc xong cũng có nhiều suy ngẫm hơn về cuộc đời thực tại của mình 😎, Tốt, Sách thiết kế đẹp, mới tinh và không bị lỗi tí nào, có điều hơi buồn vì quà tặng kèm theo ít quá, nhưng chủ yếu sách đẹp và chất lượng là được rồi., Tiki gói hàng siêu cẩn thận, ship siêu nhanh, xin nghiêng mình cảm ơn vì tất cả><
 Gần đây mới luyện lại được thói quen đọc sách, sẽ còn ủng hộ Tiki nhiềuuuu>, sách màu rất là đẹp luôn, nội dung hay lôi cuốn, lần này mình khá ngạc nhiên và tiki giao đúng hẹn( mọi lần toàn giao trước :)) ) 
sách rất chi là đẹp nhưng bìa sách dính bụi nhưng may là lau đi vẫn hết.
mình chx đọc nên chx thể nhận xét nội dung đc., Cuốn sách hay, chất liệu giấy mỏng sẽ nhìn thấy chữ ở trang sau hằn lên. Giấy vàng nên khi đọc sẽ bảo vệ mắt hơn, phông chữ đẹp. Bìa sách thiết kế rất đẹp và sáng tạo., Một cuốn sách hay, giao nhanh, sách đẹp, mua hàng ở tiki luôn yên tâm về chất lượng. đầu tư cho tri thức là khoản đầu tư đúng đắn, Một cuốn sách mình thấy hay từ trang đầu đến tận trang cuối cùng. Một cuốn sách gợi cho mình nhiều suy nghĩ về những lựa chọn của bản thân..., Chất lượng sách tốt. Giấy không mùi. Bìa đẹp. Ít mềm góc gáy. Nội dung sách cũng được. Vì sách cũng còn mới sáng tác gần đây thôi, sách đẹp......….… muốn giao nhanh hơn. chờ lâu quá, Bìa đẹp, sách đôi chỗ tuy hơi gồng selfhelp nhưng nhìn chung đáng đọc, phù hợp với những ai đang cảm thấy bế tắc và lạc lối., Giao đúng hạn bìa đẹp nội dung chữa lành, Ban đầu cứ tưởng nó là truyện ma, sau đọc mới biết đây là một quyển sách cứu rối tqam hồn, Bìa rất đẹp. Đợt này Tiki giao hàng k xếp sách làm cong 1 góc bìa sách của mình đặt. Lần sau rút kinh nghiệm nha shop. Nội dung thì chưa đọc, tạm thời cho 5 sao ha 🥰, Một cuốn truyện hay & ý nghĩa. Nội dung ko quá bất ngờ nhưng vẫn có những tình tiết mới lạ. Lời văn đẹp, dịch mượt mà, sách chuẩn ko bị sai chính tả. Lâu rồi mới đọc đc 1 quyển sách khiến mình hài lòng như vậy., Hihi đặt hqua mà hôm nay đã giao rồi, sớm hẳn 1 tuần luôn ấy!! Hộp còn nguyên, bìa xinh xỉu, không móp méo còn thơm thơm nữa mỗi tội là không có bookmark thôi. Chưa đọc nhưng hào hứng lắm lắm ( /^ω^)/♪♪, Cảm nhận cá nhân của mình là nội dung cũng sâu sắc. Nhưng hơi khó cảm. Phù hợp cho những giai đoạn hoang mang về cuộc đời mình 😀, Hàng giao đúng dự kiến. Hộp không bị móp méo. Sách được bọc cẩn thận. Mình chưa đọc nên không thể nhận xét về nội dung được., Cuốn sống thích hợp chữa lành, thay đổi góc nhìn cuộc sống và có 1 cuộc đời ý nghĩa., Truyện đọc hay và cuốn cực, cốt truyện mới mẻ đem lại được nhiều góc nhìn về cuộc đời hơn, tích cực, Cốt truyện hấp dẫn lôi cuốn, hình vẽ đẹp, Đóng gói cẩn thận. Sách đẹp và mới. Giao hàng nhanh chóng. Đọc xong sách này mang lại cho tôi cảm giác yêu cuộc sống này hơn. Xin cảm ơn, Sách thật sự đẹp hơn trong hình nhiều, từ những câu chữ đầu tiên đã rất cuốn hút. Nội dung mới mẻ, thú vị, và bất ngờ, Rất hay. Nên đọc để biết nhiều hơn về những mong muốn của mình . Đừng hối tiếc những gì đã qua, hãy sống cho hiện tại, sách xinhh❤ màu bên ngoài trầm hơn trong ảnh một chút. k có bọc nhưng k ảnh hưởng đếm sách nhee, Sách mới,của Nhã Nam nên k có màng Co. Bìa sách khá gây lú. Nội dung cũng ổn,tuy không đc như kì vọng ban đầu, Chưa xem nội dung, ko biết sách có màng bọc ko nữa vì quyển của mình về ko có, giấy còn mới nhưng ko phải kiểu mới tinh :(, Sản phẩm chất lượng., 
Trung lập: Sách không có bọc ở ngoài, nhìn như sách cũ, phần đầu và dưới của sách bị lỗi, không ưng ý. Sách nhìn hơi xước và bám bụi. Phần đóng gói cần cải thiện, còn nội dung mình chưa tìm hiểu kỹ nhưng cách bảo quản và đóng gói chưa được tốt, Lần đầu tiên có trải nghiệm tệ ntn . Sách bị mất màng bảo vệ hơn nữa giấy còn bị bẩn và sách bị bong bìa. Mình để ý gần đây quển này hay có đánh giá thấp. Và mình thực sự thất vọng, Bìa sách đẹp mê li mà Tiki giao cho mình quyển bìa bị gập mép. :""( Sách mới xuất bản 7/2021 mà mình cảm giác sách hơi cũ, bìa hơi ố. Giấy cũng k dầy như các quyển khác đã mua của Nhã Nam. :""(, Sách chỉ để trong hộp giấy, bề mặt sách hơi bụi, mặt trước dính ít keo (nhưng lấy ra đc) còn mặt sau thì bị trầy rất rõ kiểu chà sát lên cái j đó để lại vết trầy gần như hết cả mặt sau. Có bị gập mấy trang sách nhưng đỡ hơn dụ trầy sách., Sách rất hay nhưng mà đây cũng không phải lần đầu mình đặt mà có vấn đề này xảy ra. sách thật sự rất quý mong lần sau tiki trading cải thiện bọc hàng để tránh trường hợp vận chuyển xô xát làm hỏng sách, Đóng gói, giao hàng tốt. Theo quan điểm cá nhân của mình thì truyện dừng lại ở mức tạm được. Cách hành văn không quá đặc sắc, có đoạn khá dài dòng. Cách tháo gỡ những nút thắt của truyện cũng không mấy thuyết phục. Nói chung là khá thất vọng., Mình khá buồn về cách gói hàng của Tiki, không biết là do gần Tết nên việc đóng gói và vận chuyển ko còn cẩn thận được như trước. Hầu hết các đầu, góc sách mình mua đều bị lỗi va đập và để lại vết ko đẹp. Tiki cũng ko bọc màng chống sốc hay gì đó vào mà chỉ để vài cuốn sách trong cái hộp vậy thôi. Từ Nam ra Bắc nên sách cũng bị ảnh hưởng ít nhiều. Vậy nên mình cho 3* với chất lượng phục vụ của Tiki. Mong Tiki chú ý hơn để khách hàng sau có những trải nghiệm tốt hơn khi sử dụng dịch vụ. Mình cảm ơn!, Lần này mua hàng ở Tiki hơi thất vọng vì không có bọc sách Chỉ cho quyển sách vào hộp rồi giao hàng Cũng may shipper cẩn thận nên hộp đựng không bị méo mó ảnh hưởng đến sản phẩm bên trong Nhưng mình vẫn kiến nghị bên gói hàng cẩn thận hơn nếu xảy ra hỏng hóc hay méo mó gì thì không hay ho lắm Mình còn một đơn hàng và mong là sẽ không có tình trạng này xảy ra nữa, Để mà nói đây là cuốn sách giúp những người đang phân vân, suy nghĩ, băn khoăn rằng cuộc sống mình hiện tại đang sống có thực sự ý nghĩa, có như mình mong muốn trở nên trân trọng những gì mình đang có thì cuốn sách này chưa đủ đến mức đó. Câu chuyện khá mới mở, nhưng có nhiều câu chuyện làm chưa tới, chưa đưa được cảm xúc người đọc đi lên và câu chuyện khá dễ đoán ở cuối. Những triết lý, tầng ý nghĩa thì cũng hơi nhẹ nên mình cảm thấy chưa gọi là xuất sắc được.
Nói chung là một cuốn sách giải trí khá ok., Tiki ơi bookcare của mình đâu? Giao nhanh, đóng gói kỹ nhưng mà k có bookcare 🤧 đang đọc đoạn đầu của sách, khá hay và cuốn hút, Sản phẩm tốt
Điểm trừ duy nhất là tất cả sách mình mua đợt này đều không có bookmark kèm theo. Không biết là do sách không kèm theo hay tiki làm rơi. Và không bọc chống sốc, sách đến nơi nhăn góc và trầy xướt mặt ngoài khá nhiều.
Hy vọng tiki tiếp thu để hoàn thiện hơn, Đơn thì giao chậm trễ hẹn tới hẹn lui. Khi nhận được sách thì gáy sách như thế này đây. Sách thì cong ơi cong, bộ Khách Sạn Mặt Nạ là mới ra cơ mà. Thôi thì đánh giá cho 3 sao., Cốt truyện không khó đoán nhưng ý tưởng hay, Bìa sách ấn tượng, nội dung ổn, gói hàng ko chắc chắn, giao hàng nhanh, ko được quà tặng kèm, Khá ok nhưng mà sách hơi cũ , mua sách mới mà sách đã có đôi chỗ dơ,ố, Với những ai từng bị trầm cảm thì sẽ có thể hiểu tại sao nhân vật chính lại có suy nghĩ và hành xử như vậy. Cách cuốn sách đưa ra những lựa chọn khiến cho mình phải nhìn lại cuộc đời và băn khoăn khá nhiều. Đáng đọc!, Ủa sao ko có bọc xốp hay seal hay gì chơn chọi, cái hộp móp méo, giao trễ 1 ngày lại còn ẩu thả nữa. Lần đầu thấy tiki tệ dị luôn, Sách mình được đóng hộp chung đơn 1 chai dầu gội 490ml, dầu gội được bọc màng chống sốc rồi nhưng đặt đè lên sách nên làm gãy và vênh bìa. Tiki lần sau lưu ý gíup mình, mở ra thấy sách vậy buồn lắm., Mở hàng của tiki như quay gacha ấy, may thì sách ổn, ko may thì bị df, gào thét mong tiki cho miếng chống sốc, 5 sao nhưng trừ 1 sao vì lúc nhận sách khá bụi, Nội dung không quá hấp dẫn nhưng cũng khiến người ta phải suy nghĩ về những lựa chọn bấy lâu trong cuộc sống., tiki giao hàng siêu lâu đặt hai cuốn sách mà một cuốn cả tuần mới thấy giao còn cuốn kia  không biết bao giờ mới về sách không có bọc chống sốc nhưng may là không bị gì, 
Tiêu cực: Sách bị rách phần gáy, không biết do khâu lưu kho hay đóng gói. Tôi không hài lòng điều này. Dạo gần đây sách hay được bỏ thẳng vô hộp bìa mà không bọc túi xốp hay túi bóng, chắc do Tiki cắt giảm chi phí. Điều này cũng không sao nhưng nên bảo quản tình trạng sách tốt nhất khi đến tay người dùng.

Nội dung sách chắc chắn rất hấp dẫn, vốn đã được review nhiều nên tôi không bàn thêm., Sách của tôi bị lặp lại từ trang 321 tới 352, đồng nghĩa với việc mất từ trang 353 tới 384. Không biết do lỗi của nhà in hay không phải sách thật? Những trang thiếu thì tôi không đọc được và phải làm thế nào? Mong Tiki giải đáp và hỗ trợ đổi trả sản phẩm có đầy đủ trang., ngày càng chán tiki, sách cầm hơi bị bụi, khi giao không có nổi một cái gì để bao bọc hay chống sốc nên sách bị rách luôn phần bìa và mấy trang đầu, đợt trước sách mình đặt trên tiki từng bị gãy góc còn nặng hơn như này nữa cơ nhưng vì lười nên không đánh giá, vs mình nghĩ thôi ai mà chẳng đôi lần sai sót, nhưng thực sự mà nói thì dịch vụ của tiki ngày càng tệ:), tác phẩm này có gì mà mấy bạn review ảo diệu thế?! vừa đắt vừa dài dòng lề mề. không có đột biến về văn phong lẫn bố cục . Tác giả lồng ghép đa vũ trụ, lí thuyết dây rối luoẹng tử.... 1 cách máy móc áp đặt, Đây là lần đầu mua sách trên tiki mà mình thấy thất vọng thật sự. Hàng thì đóng gói sơ sài. Sách thì in lộn gần 3 chương, mua cuốn này mà nội dụng cuốn khác. Lại còn k có bookmark. Mình cảm thấy thật tệ với trải nghiệm đầu tiên này.Có lẽ đây là lần đầu cũng như lần cuối mình mua hàng tiki, Mình đã mua nhiều sách của tiki rồi và mọi lần đều rất ổn nhưng lần này không hiểu sao cuốn sách của mình bị nát một góc ở mấy trang cuối sách trông khá mất thẩm mỹ và thật sự đáng tiếc, Tôi chả biết ai giao hàng cho tôi. Tôi ko nhận được hàng mà lại bảo giao rồi, Tiki làm ăn càng ngày càng ẩu, không còn bọc màng trong từng cuốn, đóng hộp cũng không ra gì, chưa ship đến nơi đã nát bung nát bấy, sách ố bẩn và sờn mép nhiều chỗ.
Quá mức tồi tệ, mình rất thích và chờ để mua được cuốn này nhưng cách gói hàng rất tệ và khiến munhf thất vọng vô cùng! Bì trầy nhiều không có nilon bao lại, Tiki bọc hàng chán kinh khủng, không hề có bọc chống sốc hay gì, độc mỗi lớp nilon quấn thức ăn, Thất vọng với cách gói hàng của Tiki. Ship từ HCM ra HN mà sách không hề được bọc chống sốc hay lót gì đó, khi nhận hộp bị rách ở góc. Sách bị ẩm giấy quăn hết 😥, Tiki làm ơn đóng gói hàng đàng hoàng đc k?? Chỉ có mỗi hộp carton ngoài ra chả còn gì nữa, sách thì gáy nát có cuốn còn bị lượn sóng, Tiki giao nhanh khỏi bàn rồi nhưng chắc vì vậy mà khâu đóng gói luôn rất ẩu, sách bị trầy mép và hộp thì méo., "
117254517,"## Tóm tắt Feedback về sách ""Đại dương đen""

**Phản hồi tích cực:**

* **Đóng gói:** Chất lượng đóng gói tốt, sách được bảo vệ cẩn thận, có tặng kèm postcard, bookmark và tờ giấy dành cho người trầm cảm.
* **Giao hàng:** Tiki giao hàng nhanh chóng, shipper thân thiện.
* **Nội dung:** Sách hay, phù hợp với những ai đang học ngành tâm lý hoặc quan tâm đến sức khỏe tinh thần. Lời văn dễ hiểu, câu chuyện chân thực, tác giả Đặng Hoàng Giang chia sẻ những góc khuất của thế giới trầm cảm. 
* **Chất lượng:** Sách mới nguyên seal, bookmark đầy đủ, giấy chất lượng tốt.
* **Tác giả:**  Ngòi bút của Đặng Hoàng Giang chân thực, lôi cuốn, khiến người đọc tự vấn bản thân. 
* **Ý nghĩa:** Cuốn sách giúp mọi người thấu hiểu hơn về bệnh trầm cảm, từ đó có cái nhìn đồng cảm hơn với người bệnh.


**Phản hồi trung lập:**

* **Nội dung:** Một số người cho rằng phần kiến thức về trầm cảm hơi khô khan, cần thêm chi tiết. 
* **Hình ảnh:**  Hình ảnh minh họa không để lại nhiều ấn tượng, có thể do  người đọc tập trung vào chữ nhiều hơn.


**Phản hồi tiêu cực:**

* **Đóng gói:**  Một số khách hàng phàn nàn về cách đóng gói của Tiki, hộp bị móp méo, sách bị rách, bị bẩn.
* **Giao hàng:**  Tiki giao hàng chậm, có trường hợp shipper thái độ không tốt.
* **Nội dung:**  Một số người cảm thấy  nội dung sách quá nặng nề, ngôn từ thô tục, không phù hợp với trẻ em và những người có tâm lý yếu.

**Tổng kết:**

""Đại dương đen"" nhận được phản hồi tích cực về nội dung, chất lượng sách, và tác giả. Tuy nhiên, Tiki cần cải thiện chất lượng đóng gói và giao hàng để mang đến trải nghiệm tốt hơn cho khách hàng. 
","Tích cực: Đóng gói khá chất lượng, hàng giao nhanh nhưng mình bị trễ 1 ngày do gặp trục trặc trong quá trình xử lí đơn hàng. Sách đóng gói cẩn thận lắm, được tặng kèm 1 cái postcard, 1 cái đánh dấu trang, và 1 tờ giấy dành cho người trầm cảm, tuy mình không cần mà chắc mình cứ giữ =)), Sách hay lắm luôn. Phù hợp cho những bạn đang học ngành tâm lý và lời văn cũng dễ hiểu cho đại chúng. Những ai quan tâm đến sức khỏe tinh thần thì có thể đọc cuốn này. Rất là đáng!

Sách lúc mình mới mua về thì còn nguyên seal, bookmark đầy đủ, giấy hay chính tả chất lượng ok!, Mình chưa đọc qua nhưng có nghe review về cuốn sách, cảm nhận đầu tiên là sách khá dày và cái dày của nó làm mình cảm thấy đúng như tên gọi của cuốn sách, cầm cuốn này mình có cảm giác rất khác những loại sách mình từng mua, nếu ai muốn tìm hiểu sâu về tâm lý thì nên mua cuốn này nha, - Vận chuyển: TIKI lúc nào cũng giao nhanh ko bàn cãi, shipper luôn thân thiện
- Gói hàng: ổn áp, phẳng lì các góc sách
- Nội dung: Lúc đầu khá do dự vì được review nội dung khá nặng và người đang có tâm lý không ổn định như mình đọc hơi sợ chút. Nhưng mua về đọc xong thì mình lại thấy thương cho họ vì tình trạng của họ nặng hơn mình nghĩ. Mỗi câu chuyện đều có kết thúc mở và ko khiến mình quá nặng nề khi đọc xong từng câu chuyện. Qua sách mình vừa có thể thấy được bản thân mình cũng như những người mình quen biết có những dấu hiệu tâm lý liên quan. Nhìn nhận đúng cách khi mới xuất hiện các triệu chứng nhẹ như mình giúp mình bớt hoang mang lại và chấp nhận bản thân mình hơn. Nói chung cảm ơn tác giả đã đào sâu về thế giới của người nhạy cảm theo một cách “thô mà thật”, phơi bày hết tâm tư suy nghĩ lời nói của các nhân vật., Mua vì nghe review và tin tưởng tác giả. Đọc sách của tác giả Đặng Hoàng Giang luôn khiến mình tự vấn bản thân rất nhiều. Rất nhiều cái mình nghĩ là đúng, là thiện nhưng lại được tác giả bóc trần là đúng, thiện chỉ là cái cớ, nhân danh chứ thật ra nó là cái sai, cái ác., Sách đúng trọng tâm vấn đề về những hoàng cảnh mang căn bệnh này. Mong mọi người hãy từ từ đón nhận nó vì những nội dung mang tiêu cực nhưng nó giúp ta có góc nhìn từ nó. Quyển sách rất ý nghĩa, mình mong tác giả có thể tìm và ra thêm những câu chuyện như vậy., Đầu tiên là về gói hàng. Sách được gói rất kĩ, còn nguyên vẹn, hộp đựng bên ngoài cũng được gấp đàng hoàng. Mình đặt hàng trưa ngày 20/8, nhưng đến trưa 21/8 đã nhận được hàng rồi. Bìa sách đẹp, trong sách có tranh, chữ không lem, in rất đều. Nội dụng sâu sắc., • Đóng gói chắc chắn không móp méo, sách bên trong không bị hư hại
• Giao hàng nhanh, hôm trc đặt sáng hôm sau hàng tới
• Chất lượng sách ổn: Sách được bọc Bookcare; giấy chống loá; bìa không bị xước;
ngoài ra còn được tặng kèm với đồ đánh dấu trang, postcard và một tờ liên hệ hỗ trợ
• Nội dung sách(Vì mới chỉ đọc sơ qua nên chắn chắn sẽ có vài sai sót) : đối với cảm nhận của mình(một người không bị trầm cảm) thì sách rất ổn, tác giả đã chia làm hai phần, một phần những câu truyện về những người trầm cảm và một phần là những lời, nghiên cứu của tác giả, tham khảo bên ngoài.
Phần một sẽ cho ta một cái nhìn của người thứ 3 hoặc chính nhân vật trong truyện, ta dễ đồng cảm với những suy nghĩ hay hành động của họ( mình không biết cảm nhận của những bạn mắc bệnh trầm cảm khi đọc sẽ cảm nhận như nào, vì đối với mình, mình giữ cảm xúc được trung hoà nhất có thể, tất nhiên những câu truyện có thể tác động xấu lên cảm xúc với những người chưa biết rõ về căn bệnh trầm cảm, mình thắc mắc liệu câu truyện có tác động xấu lên cảm xúc của những bạn mắc bệnh trầm cảm không,các bạn sẽ đồng cảm, buồn bã hơn hay sẽ trơ lì với những cảm xúc?)
Phần 2 là những lời của tác giả nên mình không chắc chăn lời của mình là đúng nên mình xin phép không nói nhé, chủ yếu là về các phương pháp trị liệu hay giúp mọi người hiểu trầm cảm chỉ là một căn bệnh như bệnh cảm.
Căn bệnh này vẫn còn nhiều định kiến về nó, chúng ta nên chia sẻ những cuốn sách như này để những người không may mắn được sống đúng với họ.Khi đọc các bạn cũng nên mở lòng và dẹp hết những định kiến của xã hội, đọc nó với một cảm nhận trân trọng., Giao 2 cuốn thôi mà hộp bị nát, may mà sách không bị dập. Sách được bọc ni lông và bên trong còn có bookmark riêng, cùng 1 tấm postcard đẹp quá. Nội dung sách chất lượng, cho một khởi đầu về những người mới tìm hiểu về các bệnh tâm thần, về trầm cảm., do dịch nên nhận hàng lâu hơn dự kiến, sách được bọc kĩ không bị móp méo. Còn về chất lượng của sách thì không phải bàn cãi. Ta có thể thất được nỗi đau, sự tuyệt vọng và những thước màu u ám, trầm uất được hiện lên rõ nên qua các nhân vật. Bên cạnh đó sách còn cung cấp nhiều kiến thức về can bệnh, nguồn gốc, nguyên nhân, tầm ảnh hưởng lớn mà nó đem lại cho người bệnh. Ngoài ra còn có các phương pháp trị liệu được nêu dõ dàng. Đây là cuốn sách mà mọi người ai cũng có thể tiếp cận đọc và hiểu được. Mn nên mua để hiểu hơn về can bệnh trầm cảm nhé!, sách hay, mn nên đọc để hiểu thêm về trầm cảm, khi đọc cuốn sách này mình như sống thêm nhiều cuộc đời vậy, mình dc nghe những câu chuyện của các nhân vật, mình như sống trong câu chuyện ấy quả thật những người đã và đang hoặc vượt qua trầm cảm thực sự rất mạnh mẽ.
sách này rất đáng để đọc nhé., Sách khá chân thực về kể về những người thật việc thật, miêu tả khá chi tiết về bệnh trầm cảm. Cùng với thêm cả việc những bức hình hơi ám ảnh. Cơ mà sách hơi mang tính tham khảo chút tiêu cực nữa ý, cũng đưa ra những mặt tối trong ngành tâm lý y khoa ở Việt Nam., Sách rất hay và ý nghĩa. Bản thân mình cũng đang bị trầm cảm, nên khi đọc từng câu chuyện, mình như nhìn thấy chính bản thân phần nào trong những nhân vật đó. Cảm ơn tác giả vì đã dành rất nhiều tâm huyết để giúp đỡ cho những người mắc bệnh tâm lý nói chung và trầm cảm nói riêng, Cuốn sách này rất hay nhé mình thích cái cách tác giả dùng để lắng nghe thân chủ của mình mà ko hề áp đặt việc họ bị bệnh, vì mình từng đi khám tâm lý rồi mình không thích việc ai đó đặc cố đặc cho cảm xúc lúc đó của mình 1 cái tên vì nó không chỉ đơn thuần có thể tóm gọn bằng 1 cái tên như vậy, nên cái cách mà tác giả ko áp đặc để cho thân chủ của mình tự giải quyết cái khúc mắc đó làm mình rất thích ở cuốn sách này., Có hai phần, phần I là những câu chuyện mà người trầm cảm chia sẻ, phần II về kiến thức chuyên môn. Tằng kèm bookmark, postcard như hình.
Có thể mình không thể hiểu hết suy nghĩ của người trầm cảm, nhưng đọc để biết và thông cảm hơn khi họ cáu gắt hoặc có những hành động mà ta thường đánh giá là ""phiền, hỗn ***, vô ơn..."". Mình rất ấn tượng với một câu chuyện, ban đầu giọng văn rất bình thường, nhưng càng về sau, tần suất người này dùng các từ ngữ thô tục tăng lên. Mình cảm giác được cảm xúc của họ đang bùng nổ, đang tuôn trào ra bên ngoài mà không kiểm soát được. Trước kia họ kiểm soát nó, nhưng bây giờ thì không, như một đợt xả lũ ập đến. 

Rất cám ơn tác giả về quyển sách này. Đọc xong mới thấy được những gì mình biết về trầm cảm trước kia như ""đau buồn, tuyệt vọng, giải thoát"" quá ít ỏi, quá đơn giản. Trầm cảm là những gì sâu hơn thế, họ vật lộn với những cảm xúc đó rất nhiều, nếu trước kia mình nghĩ bệnh trầm cảm là người bệnh sẽ như như mặt hồ tĩnh lặng thì bây giờ mình thấy nó như biển động, sóng ngầm. Thế giới của người trầm cảm khó khăn hơn ta nghĩ., trong sách là 12 câu chuyện của những người trầm cảm và kiến thức phổ cập về trầm cảm. trầm cảm của mỗi người mỗi khác vì có quá nhiều yếu tố ảnh hưởng tới trải nghiệm của từng cá nhân.
mình chưa đọc hết, nhưng tâm đắc nhất là phần truyện của Thùy Dương, chắc vì trải nghiệm của mình cũng gần giống như thế. bắt đầu từ áp lực, kỳ vọng vào bản thân, chí cầu tiến không điều độ được trở thành gánh nặng chứ không còn là động lực phát triển nữa, quyền lực của người này và cái giá phải trả lên người kia,... cả hành trình chữa lành là sự nổ lực từng chút từng chút một. có thể hôm nay là một ngày thất bại, không hoàn thành nổi chuyện gì, bên trong mình là một Void, một sự trống rỗng, nó mong muốn được lấp đầy bằng cảm giác và suy nghĩ: ""làm gì có ích đi"", những cảm xúc và suy nghĩ ngổn ngang không đâu vào đâu, nỗi lo âu về tương lai, nỗi sợ mình vô gia trị và rồi lại rơi vào vòng xoáy làm tâm trạng tệ hơn, với Thùy Dương là xem phim, tìm khoá học này, chỗ thực tập kia không ngừng nghỉ nhằm lấp đầy sự trống rỗng bên trong (ở mình là chơi game, nâng cao nghiệp vụ chuyên môn, học ngôn ngữ cả ngày lẫn đêm) nhưng càng làm vậy càng cảm thấy không đủ, đi kèm cảm giác bất mãn ngày một lớn dần. cái chìa khoá không phải là gạt cảm xúc đi, ngó lơ sự trống rỗng, xem như nó không tồn tại. hành động này chỉ làm mọi chuyện tệ đi, đáng buồn đây cũng là con đường mà phần lớn mọi người mắc phải. cái chìa khoá thực sự là chấp nhận sự trống rỗng đó, sử dụng liệu pháp tâm lý để sống cùng nó và đợi đến khi nó rời đi. nó, trầm cảm, chắn chắn sẽ quay trở lại vào một ngày nào đó và nếu ngày đó tới cũng không sao. 
khi trầm cảm tới, hãy nở một nụ cười chân thành, mời nó vào nhà, pha cho nó một tách trà, ngồi xuống và lắng nghe nó cho tới khi nó rời đi, điều quan trọng là không nóng vội, không phán xét, không sỉ vã, chỉ ngồi đó và lắng nghe là được., Sách bìa đẹp, giấy tốt, được tặng kèm post card với bookmark đẹp quá trời luôn. Về nội dung cuốn sách thì chia ra nhiều phần, phần đầu là kể về những câu chuyện có thật về thế giới của ngừoi trầm cảm. Đọc phần này cảm thấy vô cùng nặng nề và thương xót, vì lí do đó mà mình chọn đọc ngắt quãng mỗi ngày 1,2 câu chuyện chứ đọc liên tục chắc mình trầm cảm luôn 😢. Tuy nhiên nhờ đó mà mình hiểu hơn về căn bệnh trầm cảm hơn. Các phần sau sẽ đi sâu vào nghiên cứu khoa học, triệu chứng và có cả cách trị liệu căn bệnh này. Thì mình hứng thú với cuốn sách bởi mình cũng là người bị trầm cảm cấp độ nhẹ, và mình nghĩ cuốn sách này phù hợp với tất cả mọi người, để hiểu thêm hơn về căn bệnh thế kỉ này và cảm thông cho những người bị như vậy, họ sống rất khổ. Nếu theo mình biết thì trầm cảm đã nằm trong top những căn bệnh phổ biến nhất trên thế giới, vì vậy công dân của thế kỉ mơis rất nên cần đọc cuốn sách này, để có thể quay lại và yêu thương chăm sóc bản thân nhiều hơn. Mình thực sự yêu thích cuốn này!, Những câu chuyện làm mình phải tự xét lại bản thân và người xung quanh, mặc dù u tối nhưng nó khiến mình thấy dễ chịu vì có cảm giác được đồng cảm, không đơn độc. Trong thời đại áp lực này, bất kì ai đọc cũng sẽ thấy bản thân trong đó, nội dung thì mình chx đọc
nhưng bàn về chất lượng thì miễn bàn ạ. sách đẹp, có màu, bookmarks và postcard hẳn hoi ạ
nội dung em sẽ recommend sau ạ, Nhận được sách siêu nhanh và hài lòng ạ. Mua sale được giá tốt quá chừng. Sách của bác Đặng Hoàng Giang mình đã được nghe rv tốt nhiều rồi nhưng đây mới là cuốn đầu tiên mua. Hi vọng sẽ có trải nghiệm tốt với cuốn sách này., Đây là chủ đề dc quan tâm nhiều vào đợt covid vừa r. Mình k bt gì về thế giới này nên đã tìm để đọc. Bản thân mình sẽ k đọc nó vào buổi tối và đọc liên tù tì vì nhiều câu chn mang lại cảm xúc nặng nề khó tả. Rất đáng để đọc để thấu hiểu các b hơn., Mình mới đọc đc khoảng 60 trang thôi nhưng cảm thấy cuốn sách này đúng như lời tựa đầu: ""tặng người trầm cảm, bạn xứng đáng có một cuộc sống tốt đẹp"". Bản thân mình là 1 đứa bị rối loạn lo âu, rl nhân cách ranh giới và rl lưỡng cực, có thời gian suýt phải nội trú ở viện, vậy nên mình đồng cảm sâu sắc vs những anh/chị/em đc kể đến trong sách. Theo mục lục, từ phần 2 trở đi là tổng hợp hiện tượng và phân tích, mình nghĩ chúng sẽ có ích cho những ai giống như mình - đang bước đi trên hành trình chữa lành., nội dung khá nặng nên cân nhắc trước khi đọc, theo mình nghĩ nên đọc phần 2 trước, phân 1 đọc khi nào có tâm trạng tốt ổn định !, Với mình đây là cuốn sách quan trọng nhất của tác giả ĐHG tính đến giờ. Nó không chỉ là những câu chuyện để đồng cảm, rút ra bài học hay là toàn kiến thức học thuật, mà chính nhờ kết hợp cả 2 nội dung ấy nên những thông tin và thông điệp nó đưa ra rất mạnh và rõ ràng - điều mình cho là cần thiết trong thời điểm này khi bệnh trầm cảm trong cộng đồng đang khá nặng. 

Mình đọc cuốn này từ 2 góc độ: người bệnh và người muốn giúp người bệnh. Như một tập tài liệu, mình nghĩ cuốn này đặc biệt hữu ích cho những người tương đối khỏe mạnh, có người thân bị trầm cảm, muốn hiểu và giúp họ - thì sẽ rất cần một nguồn thông tin chất lượng & đầy đủ để hiểu về bệnh, biết cách chung sống và giúp đỡ người thân của mình ở một mức độ nào đó. Tốt hơn việc tìm thông tin rải rác ở các nguồn khác rất nhiều, và những câu chuyện cũng đem lại cái nhìn sâu hơn vào trải nghiệm của người bệnh. 

Còn từ góc độ người bệnh thì cuốn này quá khó đọc. Sách chia làm hai phần: phần đầu là các câu chuyện của những người trầm cảm, phần sau nghiêng về kiến thức hơn. Hình như chính tác giả từng nói có thể mọi người nên bắt đầu đọc từ phần sau vì phần đầu rất nặng (nhưng rất tiếc mình đã ko làm dậy hic). Những câu chuyện của mọi người trong sách khiến có lúc mình nghĩ họ như thế thì mình đã thấm vào đâu, dù rõ ràng mình từng có những khoảng tg suy sụp tàn tạ khủng khiếp. Ấy vậy nhưng chính những người chia sẻ trong sách cũng có lúc nghĩ giống mình: rằng ""tâm bệnh"" thế này có gì đâu, không đáng. Thế mới thấy mọi người rất cần nhận thức về trầm cảm rõ hơn. Sức tàn phá của nó rất lớn và sức lây lan cũng lớn, nếu không nhận thức rõ thì rất dễ bị ảnh hưởng.

Nếu review của mình dùng từ ""người bệnh"" khiến bạn nào khó chịu thì mình xin lỗi trước, nhưng trong quá trình tìm cách chữa trị cho bản thân, mình nhận ra phải công nhận nó đúng bản chất của nó mới có thể bắt đầu chữa tử tế. Cuốn sách cũng có thông điệp tương tự. Rất khuyến khích mọi người mua cuốn này, dù có thể không đọc ngay mà chờ đến lúc thích hợp. 

Sách in ấn rất ổn, bìa đẹp, giấy đẹp, kích cỡ và kiểu chữ dễ đọc. Các tranh minh họa đẹp cực. Bản này có kèm kẹp sách và postcard., Đóng gói cẩn thận, sách khá dày, bên trong là những câu chuyện của những con người khác nhau. Thấy mọi người bảo đọc rất “trầm” nên mú đọc thử để xem cuộc sống của người trầm cảm như thế nào, Chất lượng sản phẩm:

Lúc về nhà, bằng tốc độ của dịch vụ Tiki. Tôi cầm hộp và phi thẳng lên nhà! Hộp lúc đó hơi ẩm nhưng không bị nát nhiều. Lúc cầm cây bút lên để rạch, tôi vẫn khá run. Nếu cuốn sách có chuyện gì chắc xỉu quá. “Mạnh mẽ lên”-Lão tôi chấn an. Được, rạch thôi. Wowwww, bên trong cuốn sách mới tinh, được bọc bằng một màng ni-lông. Chợt nhớ, Tiki trading có một điểm vô cùng kì lạ, dù hộp có nát, có nhàu thế nào nhưng sản phẩm bên trong vẫn mới, nguyên vẹn. Đặc biệt lần này tôi mua của Nhã Nam lên chất lược cuốn sách được đẩy lên đến đỉnh điểm.
Cái khoảnh khắc khi mình cầm sách trên tay, mơn man từng chi tiết trên trang bìa, đây quả thật là một thiết kế khá ấn tượng với hình ảnh những vòng xoáy xanh tím giàu tính liên tưởng, độc và lạ. Và chỉ khi đọc sách, tôi mới hiểu ý nghĩa, câu chuyện đằng sau hình ảnh “kì lạ” này. Cái này tôi sẽ giới thiệu ở phần sau. Ngoài ra, màu sắc chủ đạo của cuốn sách là ba màu trắng – đen – đỏ cũng đã thực sự làm tốt nhiệm vụ của mình đó là làm nổi bật lên được chủ đề.
Các tranh minh họa được thể hiện theo từng câu chuyện, tuy nhiên chi tiết này không để lại quá nhiều ấn tượng với mình. Có thể do mình bị hút sâu vào phần chữ hơn. Điều này vô tình làm các hình ảnh chở nên nhạt nhòa, nếu được mong lần tới khi tái bản cuốn sách, Nhã Nam sẽ tạo nên nhiều tông màu để thực sự khiến người đọc phải nhớ tới từng hình ảnh. Tiếp đến mình cực kì thích tà giấy lần này, điều này Nhã Nam luôn làm tốt. Và phần chữ cũng vậy, chỗ nào cần chú ý sẽ có màu đỏ. Cỡ chữ to, dễ đọc., Shop gói hàng mà chỉ có mỗi 1 cái màng co bọc quyển sách á, mong lần sau shop gói hàng kĩ hơn. Mình có check mã QR đằng sau thì ra *** của Nhã Nam. Giao hàng nhanh, hôm trước đặt hôm sau có luôn. Lần sau shop giao hàng thì bọc sách kĩ 1 tẹo nhé., Mình chỉ mới biết Ts Đặng Hoàng Giang qua cuốn sách này. Sau khi đọc sách và tìm hiểu về những dự án phi lợi nhuận mà Ts đã và đang thực hiện, mình đã thực sự cảm động. Cuốn sách đã mở ra một thế giới khác, thế giới của người trầm cảm. Bên cạnh đó không thiếu những lý thuyết khoa học, giúp mọi người hiểu hơn về “bệnh tâm lý”, và đặc biệt giúp cho những người trầm cảm không thấy mình cô độc. Qua cuốn sách mình học được rất nhiều điều, cả về mặt kiến thức lẫn các kỹ nặng mềm (khả năng lắng nghe, thấu cảm,…). Dưới góc độ của một sinh viên tâm lý, mình thực sự tin rằng cuốn sách này nên trở thành một phần thiết yếu đối với tất cả mọi người. Hy vọng Ts Đặng Hoàng Giang sẽ bền bỉ trên con đường tạo nên những sự thay đổi tích cực. Cảm ơn thầy rất nhiều ❤️, Sách này hay nha mn. Nhưng nửa quyển về sau không hay lắm. Chắc do mình là người thích chiêm nghiệm qua các câu chuyện thôi. Đọc mà rớt nước mắt, Sách rất hay về căn bệnh trầm cảm. Sách đưa ra những ví dụ là những chuyện rất đời thực của những người đang phải vật lộn với bệnh trầm cảm. Tác giả giúp ng đọc có cái nhìn chân thực về cảm xúc, những khó khăn mà người trầm cảm và ng thân của họ phải trải qua. Đồng thời sách cũng đưa ra giải pháp để ng thân có thể giúp đỡ ng trầm cảm vượt qua căn bệnh và cách để mỗi người tự phòng tránh được căn bệnh. Rất cám ơn bác Đặng Hoàng Giang vì cuốn sách rất bổ ích., Cuốn này mình đọc ở nhà sách Hải Nam và thấy rất hay. Mình quyết định mua về để hiểu hơn về chứng Rối loạn lưỡng cực .

Nếu bạn nào đang cân nhắc, mình thật lòng khuyên bạn hãy mua cuốn sách này thay vì tìm thông tin ít ỏi trên mạng vì
- Tác giả đã dành 2 năm để trò chuyện với những người gặp rắc rối về tinh thần.
- Tài liệu tác giả nghiên cứu dựa trên nguồn uy tín, có tính khoa học. 
- Thông tin đúng, sâu sẽ thuyết phục bạn tìm được cách điều trị phù hợp., Vẫn thích văn của bác Giang. Thích những câu chuyện “thiệt” được bóc tách bằng suy ngẫm và đôi chút khoa học. Đọc đoạn đầu đã có ngay dòng, chuyện buồn vì thế cần lưu ý bị ảnh hưởng. Về tình trạng hàng khi nhận (Hà Nội), sách nguyên vẹn, đóng gói ổn, người giao hàng ổn!, Mua ở tiki n lần rồi 😌 lần nào cũng ưng hết 
Sách bọc cẩn thận, có cả poscad, sách vẫn còn mới nữa. Giá lại rẻ 🙏🙏😊 cảm ơn tiki nhiều nhiều, CASEMIRO: MÓN HỜI 70 TRIỆU BẢNG CỦA MAN UNITED

Sau tất cả, 70 triệu bảng cho một cầu thủ vừa bước sang tuổi 31 cách đây chưa lâu hóa ra lại là một món hời với Manchester United. Những nỗi lo ngại từ không ít người về một thương vụ mua bán hoảng loạn (panic buy) của Man United đã hoàn toàn tan biến sau những màn trình diễn đẳng cấp của Casemiro. Quả thực, cựu cầu thủ Real Madrid đã giải quyết những vấn đề của “Quỷ đỏ” như những gì anh tuyên bố.

Casemiro thực sự là lời giải cho một trong những điều gây đau đầu nhất cho Manchester United trong suốt nhiều mùa giải là có một tiền vệ phòng ngự đẳng cấp trong đội hình. Những mùa giải trước đó, vị trí này thực sự là mắt xích yếu trong hệ thống của “Quỷ đỏ” khi Nemanja Matic đã sa sút phong độ, Fred hay Scott McTominay đều không đủ sự chín chắn và phù hợp để đảm đương vai trò hộ vệ phía trước hàng thủ. Nhưng sự có mặt của Casemiro khiến vị trí ấy được lấp một cách trọn vẹn.

Mất một quãng thời gian đầu phải ngồi dự bị để làm quen môi trường và hệ thống chơi bóng mới, sau đó ngôi sao người Brazil đã hoàn toàn chứng tỏ đẳng cấp của mình. Sự khôn ngoan, nhiệt huyết và năng lượng của Casemiro giải tỏa rất nhiều áp lực cho các đồng đội xung quanh. Luke Shaw nói: “Với những hậu vệ như tôi, anh ấy mang tới cảm giác bảo đảm an toàn. Anh ấy thích tắc và đoạt lại bóng. Trong đội mọi người thường đùa nhau là anh ấy thích làm mất bóng để có thể đoạt lại”.

Còn với HLV Erik ten Hag, khi được hỏi về vai trò của tiền vệ người Brazil, ông trả lời một cách đơn giản: “Cậu ấy là lớp xi măng giữa những viên gạch”. Nếu như vậy, anh đích thực là loại xi măng thượng hạng để xây dựng nên những công trình kỳ vĩ và một đội bóng vĩ đại như Manchester United cần những con người như Casemiro.

Một thập kỷ ở Real Madrid đã tôi luyện Casemiro trở thành một trong những tiền vệ phòng ngự xuất sắc nhất thế giới cùng bộ ba tiền vệ được xem là hay bậc nhất thế hệ: Casemiro - Toni Kroos - Luka Modric.

Nếu ở Real Madrid, việc tham gia vào quá trình tấn công của Casemiro phần nào đó được giảm bớt khi đá cùng với anh là những Kroos hay Modric quá giỏi trong việc đưa trái bóng đến những nơi họ mong muốn. Tại Manchester United, không chỉ phòng ngự thượng thừa, khả năng tham gia tấn công của Casemiro được minh chứng tới tất cả. 5 bàn thắng và 5 kiến tạo trên mọi đấu trường là con số đáng kể với một cầu thủ luôn bị đánh giá là thuần về phòng thủ, trong đó có pha lập công quan trọng vào lưới Newcastle ở chung kết Carabao Cup vừa qua.

Nhưng không chỉ là chuyên môn, giá trị quan trọng mà Casemiro mang tới Manchester United là tinh thần chiến thắng. Ten Hag nói những cầu thủ như Casemiro hay Varane rất cần thiết trong đội bóng, ngoài khía cạnh chiến thuật còn là thái độ của một nhà vô địch mà họ truyền vào tập thể.

(...) Ngày gia nhập đội bóng chủ sân Old Traffod, anh nói với Erik ten Hag rằng cần một thử thách mới bởi ở Real Madrid anh đã có được tất cả. Thứ khát khao ấy phù hợp với một đội bóng đang trong quá trình tạo dựng lại vị thế vĩ đại như Man United, và Casemiro đã chứng minh điều đó bằng hành động.

(Mời các bạn đọc đầy đủ bài viết về Casemiro ở phía dưới bình luận), Sách đẹp, giao hàng nhanh. Phần đầu là những câu chuyện có thật mà tác giả đã phỏng vấn và chọn lọc để đưa vào sách. Cả phần đầu này nhuốm màu u ám và ám ảnh người đọc bởi sự trần trụi và nỗ lực vùng vẫy khỏi vũng bùn của căn bệnh trầm cảm. Phần 2 tác giả sẽ đưa ra những kiến thức khoa học về căn bệnh trầm cảm đang đeo bám và ăn mòn người bệnh., Sách không lỗi, giao về đẹp như mới. Ship nhanh. Đọc sách cảm giác bị rơi vào tâm trạng của nhân vật nên không nên đọc lúc đang bị tiêu cực nhé mn, phải giữ tinh thần tỉnh táo, sách cũng là lời cảnh tỉnh về căn bệnh trầm cảm và cách đối xử với họ, Những cuốn sách của chú Giang chưa bao giờ làm mình thất vọng. Một cuốn sách có đau đớn, có thất vọng, có bóng tối và cả ánh sáng của niềm tin. Chân thật đến mức có nhiều lúc mình đã phải dừng lại một thời gian rồi mới dám đọc tiếp. Must try nhé mn, Nghe nói đây là 1 tác phẩm không thể bỏ lỡ nên mình đã cố gắng mua nó với mức thu nhập ít ỏi của mình 😅 tiki giao hàng rất nhanh. Cuốn sách của mình được chăm sóc rất tốt. Mình rất hài lòng về dịch vụ của tiki, as always, Tiki giao siêu nhanh trong ngày mà chả móp méo gì dù chỉ đựng hộp. Cũng như các tác phẩm khác, Đại dương đen của bác Đặng Hoàng Giang đều để lại cho mình những cảm xúc rất mạnh mẽ và dai dẳng, suy ngẫm rất lâu về những thông điệp trong sách. Trầm cảm là một căn bệnh vô cùng nguy hiểm, nguy hiểm hơn bất kỳ loại bệnh tác động lên thể chất con người nào do nó tàn phá họ từ tâm hồn. Cay đắng hơn là căn bệnh này vẫn chưa được mọi người nhìn nhận một cách nghiêm túc, nghĩ rằng nó chỉ là một ""bệnh tưởng tượng"" trẻ con, xuất hiện ở những ""kẻ thích gây chú ý"". Một cuốn sách thật sự rất đáng đọc, đọc để hiểu về trầm cảm, đọc để biết cách quan tâm hơn những người xung quanh mình., cuốn này là 1 trong những cuốn mình thật sự rất thích, hầu như mình có thể cảm thấy không khí nặng nề, đen tối bao trùm cuốn sách, bạn nào tâm lí yếu thì kh nên đọc lắm đâu nhen, Sách giao tới nơi không có gì để chê hết, mới và có mùi thơm của sách. Về nội dung thì đây là quyển sách hay và ý nghĩa. Theo cảm nhận của mình thì 12 câu chuyện của sách nó thấm đẫm những tuyệt vọng bao trùm bởi trầm cảm. Nhưng mình thấy những câu chuyện này còn chung chung với có vài phần khó hiểu (có lẽ do tác giả tập trung miêu tả những hành vi của những người trầm cảm) còn lại thì đều ok và mình có hơi bàng hoàng với những câu chuyện. Đọc để hiểu và thông cảm với những người trầm cảm( ngoài lề xíu là ngành tâm lý học vẫn chưa phát triển ở Việt Nam hi vọng tương lai không xa sẽ phát triển ngành này), hơi ám ảnh tý, mọi người đọc cẩn thận kẻo bị lây tâm trạng tệ của nhân vật trong sách, cần chuẩn bị tâm lý trước là cả cuốn sách này chỉ nói về chuyện buồn thôi, không có chút nào vui đâu. Ngôn từ trong sách cũng rất đời, các từ chửi bậy hay tục đều được giữ nguyên, không nên cho người dưới 18 tuổi xem sách này, sách về trầm cảm thường ít vì nhạy cảm và mọi người chưa coi trọng vấn đề này.
Nhưng xã hội càng phát triển vấn đề trầm cảm càng xuất hiện nhiều.
Một vài điểm chung của những người trầm cảm đều có một môi trường sống bất ổn trong thời gian dài., Ban đầu thấy giới thiệu trên *** nên tò mò đọc thử. Nghe những bạn trầm cảm bảo đọc vào sẽ khóc. Bản thân khi đọc thì không khóc, chỉ cảm thấy rất bức bối, khó chịu, nặng nề, tâm trạng như chìm xuồng theo những mẫu truyện. Dù chỉ đọc 1 câu chuyện một tối nhưng vẫn không ngăn được cảm giác bị kéo theo bị nhấn chìm. Có cảm giác bản thân chưa đến mức trầm cảm nhưng cứ đọc miết có khi lại bị. Mỗi câu chuyện sẽ có vài chi tiết cảm thấy bản thân cũng từng trải qua. Nói chung là như khuyến cáo đầu sách, những mẫu chuyện này sẽ khiến cho bạn cảm thấy khó chịu, nặng nề., giao hàng nhanh lắm luôn mình đặt từ tối hôm trước mà sáng hôm sau đã giao đến. Sách còn nguyên seal và nội dung mang hướng tiêu cực thì ng đọc nên cần có tâm lí trước, Vì là fan của Đặng Hoàng Giang, lại còn là chủ đề mình rất quan tâm nên đợt xả kho này là phải hốt luôn. Trong sách có cả postcard, tờ giấy ghi *** hỗ trợ bệnh nhân trầm cảm và may mắn mình được bonus 2 cái bookmark nữa :), ""Đại dương đen"" đưa ta đến với nhiều câu chuyện thăng trầm từ thế giới của người mắc bệnh trầm cảm. Những nỗi đau muôn hình vạn trạng được hé mở để độc giả biết được, và thấu hiểu, cảm thông cho họ nhiều hơn để những con người đáng thương ấy không phải suy sụp vì chịu định kiến, cái nhìn sai từ xã hội. Từ mọi độ tuổi, giới tính và hoàn cảnh khác nhau đều có một trải nghiệm không mấy tốt đẹp, ủy khuất của từng nhân vật đều được khắc họa rõ rệt làm người đọc thấy giằng xé trong lòng vì quá xót xa. Có người đã khỏi, người thì không. Dù vậy biết về hoàn cảnh của họ vẫn khiến ta hiểu cho họ hơn thay vì trách móc. 
Sau cùng là những kiến thức chuyên môn của ngành tâm lí về các vấn đề liên quan đến căn bệnh trầm cảm. Gỡ những nút thắt giúp chúng ta biết thêm và áp dụng nó để giúp chính mình, hoặc bạn bè, người thân bị trầm cảm. Mình sẽ không nhận xét kĩ để mọi người tự trải nghiệm nha. Mong mọi người ủng hộ ""Đại dương đen"". Đây là một cuốn sách thật sự đáng đọc., - Giao hành nhanh: 1 ngày là giao đến ngoại thành Hà Nội. 
- Sách được bọc giấy bóng nha, kèm postcard + bookmark nữa. 
- Nội dung sách thì mình chưa đánh giá được. Nma như cách sách trước đó, ngoài các câu chuyện được nhân vật chia sẻ, tác giả đưa ra cả những lý thuyết tổng quan về sức khoẻ tâm lý ở VN. 💪, Sách mới nguyên, đẹp. Vì xem Have a sip nên mình mới quyết định mua, dù đã biết đến sách trước đó nhưng chưa đọc thử., Sau khi bị shiper bùng đơn và hủy luôn đơn mình. Lần sau đặt lại đã gói ghém ship nhanh hơn và đk giá rẻ hơn chắc do tiki tạ lỗi chăng :)). Sách có bọc nhưng khá ẩu phần trên bị mở toang rồi nhưng sách ko bị bóp méo là đk. Còn nội dung để đọc đã rồi sẽ rv sau hen. See ya!, Sách hay, nên đọc. Good book. Sách bác Giang thì khỏi bàn, sắc - sâu lắm, giao nhanh, có bọc seal nhưng nó bị rách may là ko ảnh hưởng tới sách nhưng mình thật sự rất đau lòng về cách đóng gói,mình mua 7 cuốn thì chỉ có 2 cuốn là có seal còn lại ko có bọc gì hết sách có bị hư nhẹ may là chọn giao nhanh cái này để giao tk chắc sách mình toang hết quá,cũng trả tiền đàng hoàng mà làm kì quá, đọc mình mới biết trầm cảm có muôn hình vạn trạng, thực sự rất hay, cảm ơn tác giả đã đem đến một cái nhìn gần gũi dường như xảy ra hằng ngày về rối loạn lo âu và trầm cảm. mình tưởng suốt ngày  do mình suy nghĩ tiêu cực ủ dột nhưng thật sự đôi lúc không thể kiểm chế được thì bây giờ mình hiểu nó là bệnh lý nữa. vì có những tác độmg vậy lý lên cơ thể chứ không chỉ tinh thần.
nhiều câu chuyện rất cảm động và mình thấy mình còn rất may mắn vì được gia đình quan tâm.
tác giả đã đưa ra nhiều phương pháp để đối phó với bệnh trầm cảm và mình ứng dụng được rất nhiều. thật sự cảm ơn, không có j phải bàn, cuốn sách với nội dung sâu sắc, chân thực và lối viết thô nhưng thật, mình dễ cảm nhận và thấu hiểu nội dung do những câu chuyện đến từ những con người trong môi trường hàng ngày mình sinh sống. Khác với việc đọc những tác phẩm ngoại quốc đôi khi mình k thể hiểu cặn kẽ từng tình tiết., Một quyển sách cực kỳ đáng đọc về chủ đề trầm cảm. Đọc để giat mình với những con người đang hăng ngày phải vật lộn với chứng bệnh mà có rất nhiều người vẫn nghĩ đó là bệnh của nhà giàu, bệnh của những đứa mỏng manh, suy nghĩ nhiều, thừa thời gian rãnh rỗi, Về hình thức, sách đẹp, giấy tốt, phần hình ảnh và màu sắc phù hợp với nội dung, nhà xuất bản rất chú trọng đến cách trình bày.
Về nội dung, cách dẫn nhập bằng các ví dụ cụ thể trong phần 1 giúp người đọc hình dung gần như rất rõ về nội tâm của người bị trầm cảm, và cũng dễ làm tiền đề cho người đọc dễ hiểu hơn khi đọc phần 2. Phần 2 tác giả diễn giải những kiến thức tổng quát 1 cách dễ hiểu cho người đọc.
Tác giả đã làm rất tốt vị trí đáng lí ra là của 1 bác sĩ điều trị hoặc là người tham vấn tâm lý., Mình thích ngòi bút của tác giả Hoàng Giang vì các câu chuyện tác giả đưa đến rất chân thực, sắc sảo và để lại nhiều suy nghĩ. Cuốn sách này cũng vậy, với phần đầu là các câu chuyện của những cá nhân đang chịu đựng chứng trầm cảm hay là những người thân của các cá nhân này. Phần hai cung cấp những kiến thức tâm lý, số liệu thống kê của căn bệnh này. 
Thực sự mình nghĩ cuốn sách này nên được phổ biến rộng rãi để mỗi người chúng ta có cái nhìn thông cảm hơn về những con người đang phải chịu đựng các đau khổ tinh thần này; hoặc ít nhất là trân trọng hơn những giây phút khi mà sức khỏe chúng ta còn cho phép chũng ta suy nghĩ thấu đáo, hành động đúng mực. Chỉ đơn giản là trân quý hơn sự tự do mà một sức khỏe tốt mang lại!, Nặng nề, đúng như lời cảnh báo ở đầu cuốn sách.
Nếu những ai có tâm lý không ổn định không nên đọc liên tục thời gian dài, mỗi ngày đọc vài trang thôi dù biết là rất cuốn hút. 
Tuy nhiên, sự nặng nề này chỉ kéo dài ở nửa đầu của cuốn sách khi miêu tả câu chuyện của từng nhân vật.
Nửa sau đi sâu vào phân tích nguồn gốc, nguyên nhân, hậu quả và phương pháp trị liệu cho căn bệnh, thực sự rất hữu ích và nên được phổ cập rộng rãi. 
Sách của bác Giang không chê nổi quyển nào., Đóng gói cẩn thận, sách đẹp, chất lượng giấy khá tốt!!! Tks tiki nhá, Đây là cuốn sách đầu tiên về trầm cảm được viết một cách đầy đủ mà mình đọc được. Ở đây có những câu chuyện người thật việc thật. Những câu chuyện là suy nghĩ, cảm xúc (tác giả đi đúng những gì nhân vật kể lại, có những từ ngữ cực kỳ thô tục nhưng nó đúng chính xác những gì mà nhân vật trải qua). Cuốn sách có 2 phần, phần 1 là những câu chuyện trầm cảm do những người trong cuộc (người trầm cảm, người thân, bố mẹ, người yêu, xã hội nhìn vào) đủ mọi góc nhìn và phần 2 là những kiến thức về trầm cảm (phần này cũng chỉ mang tính chất nêu ra, đánh giá, có thể là cuốn sách đầu tiên về trầm cảm nên tác giả không muốn kiến thưc chuyên sâu quá nhiều). Theo mình thì nên đọc từ phần 2 để chuẩn bị trước tinh thần và hiểu tổng quan trước. Sau đó quay lại phần 1, mình sẽ có góc nhìn thông cảm, góc nhìn khoa học từ đó cảm nhận tốt hơn những gì nhân vật đang trải qua.
Cuốn sách đáng đọc để hiểu hơn về tâm lý, tâm thần., sách rất hay đống khá cẩn thận sách có một lớp siu khi vận chuyển kh sợ bị trầy( mua về mới biết sách bị gắn mác 18+ ) mà kh sao bạn nào có tâm lý vững vàng thì kh sao cả còn bạn nào mà có những chịu chứng về tâm lý thì nên cân nhắc trc khi mua nha, Giao hàng nhanh đóng gói không đc kĩ cho lắm 😭
Ngoài đóng gói ra thì tất cả đều okee, Sách đẹp- giao hàng nhanh
Nội dung chưa xem hết chưa đánh giá đc ạ
Cơ mà có nghe qua 1 vài trích đoạn trong sách nên rất thích. Với cả cũng mê bác Giang từ mấy quyển trước nên chốt đơn e này để hiểu hơn về Đại Dương Đen mà nhiều người phải gánh chịu…để thấu hiểu, yêu thương và sẻ chia 1 phần nào đó, Mình biết đến cuốn này lâu rồi, nhưng đến hôm nay mới mua. Sách của Nhã Nam thì khỏi phải bàn. Mình mới đọc mấy trang đầu khá nặng, mình nghĩ mình sẽ đọc p2 trước sau đó quay lại p1., Dù mình đã biết đến nó khá lâu nhưng không dám đọc. Mình nghĩ quyển sách này tất cả mọi người nên đọc, kể cả những người đang có vấn đề về sức khoẻ tâm thần và người thân, bạn bè của họ. Đọc để biết, để cảm thông. Đọc để chữa lành, vì trầm cảm không đồng nghĩa với một con người, nó là bệnh, là vấn đề, cần được giải quyết. Cảm ơn tác giả., Mình từng nghĩ, trên thế giới này chỉ có mỗi bản thân mình, nhưng cuốn sách đã cho mình gặp những ""mình"" khác, những ""mình"" cũng đang vật lộn với bóng tối mà không tìm thấy đường ra, Chưa đọc nhưng vì tham gia buổi trò chuyện với tác giả nên mình rất kì vọng vào nội dung. Tiki giao hàng nhanh, giá rẻ hơn bìa, dc mã freeship. Sách giá khá cao so với mặt bằng nhưng xứng đáng từ hình thức đến nội dung (học thuật). Bìa, chất lượng in ấn, giấy rất ok, sách đóng gói cẩn thận, giao sớm hơn dự kiến có kèm poscard, bookmark và *** hỗ trợ các bạn đối mặt với trầm cảm. rất hài lòng với sản phẩm và nhà xuất bản nhã nam, chân thực và có phần bổ ích, nhưng hơi dảk, các bạn không nên đọc một mình và đọc khi buồn, không nên đọc từ đầu tới đuôi, nên đan xen với những hoạt động tích cực, tốt nhất là đọc cùng bạn bè để không bị đồng cảm quá mức với nhân vật. Nếu đọc xong có gì khác lạ thì nên ghi chú và theo dõi lại, nếu quá 7 ngày không cải thiện thì nên liên hệ tác giả hoặc *** sau sách để nhận tư vấn., Trước khi đọc quyển này, mình đã đọc toàn bộ những quyển sách khác của tác giả, chỉ thời gian ngăn vài tháng và suy nghĩ cách hành xử của mình khác đi nhiều, tác giả khai sáng và giúp mình có cái nhìn bao dung hơn với mọi người. 

Đó là lí do khi xem Instagram biết tác giả ra sách mới mình mua ngay, dù cá nhân mình nghĩ mình không trầm cảm, mình sống khá lạc quan.

Sách giao được 3 hôm, mình chưa đọc, thì tối qua mới nge tin 1 anh bạn mình bị trầm cảm, mới tre.o c.ổ t.ư t.ư, cảm xúc khi nge tin mình rất bất ngờ :( mình nhìn vào không gian vô vọng, không nói nên lời, tại sao sách lại xuất hiện đúng thời điểm như vậy? Mình sẽ đọc để thấu hiểu cho những người đang trầm cảm, để không phán xét họ, và giúp đỡ họ, có thể mình làm được hoặc không làm được, nhưng đó là mong muốn khi đọc quyển này. 

Đà Nẵng, ngày 12/09/2021 bạn mình mất đã 1 ngày., Dịch giao hàng hơi lâu nhưng vẫn không sao vì mình còn khá nhiều sách để đọc. Nghe Vui Lên Channel review e này, mình cũng là một người từng mắc trầm cảm và đã điều trị. Hiện tại mình ổn. Nhưng đâu đó vẫn còn khó chịu vì những vấn đề mà bản thân mình chưa giải quyết. Hi vọng cuốn sách này sẽ giúp ích cho mình, Giao nhanh ghê á, nhận trước ngày dự kiến một ngày, mà giao ngay sau tết luôn. Hộp k bị móp hay hỏng, sách còn mới nguyên á. Vui ghê~, Là cuốn thứ hai mình mua, cuốn thứ nhất tặng cho một người bạn đặc biệt.
Nội dung trần trụi, cung cấp nhiều thông tin, kiến thức.
Một quyển sách đáng để mua, đọc và chiêm nghiệm., mới đặt tối hôm qua là sáng chưa mở mắt dậy là giao rồi. Sách mới, dày, không bị mớp méo, đầy đủ postcard và Bookmark❤, Lần đầu tiên trong đời đọc sách mà khóc. Nó như viết về mình vậy. Giống đến từng chữ..., Mỗi câu chuyện được chia sẻ trong cuốn sách là một số phận khác nhau, có người trẻ, người già, người nghèo, người giàu,…mới thấy được trầm cảm vốn thật thất thường trong cảm xúc và nó không phân biệt đối tượng. Với sự kết hợp các hình vẽ minh họa bắt mắt khiến mình cảm thấy như bị lạc vào một vòng xoáy cảm xúc không lối thoát của người mang tâm bệnh. Đôi khi khiến mình “sốc"" bởi không thể hình dung rằng thế giới ấy lại đen tối và đau đớn đến thế. Có thế ta mới hiểu mỗi ngày của người trầm cảm là một cố gắng “đu dây” phi thường, một cuộc vật lộn không ngừng nghỉ để kiểm soát bản thân mình. Ở đó họ thấy tay chân, cơ thể đã trở thành cái vỏ, bên trong là sự trống rỗng tuyệt đối. Đau đớn là thế nhưng mấy ai có thể thấu được? Những người xung quanh từ gia đình, bạn bè hay môi trường học đường, công ty đều dán nhãn họ là “giả vờ”, “lười biếng”, “nổi loạn kiểu Tây”. Một điều đơn giản người trầm cảm xứng đáng được nhận đó là sự cảm thông, lắng nghe và tôn trọng chứ không phải lời khuyên “Cố gắng lên” hay sự thờ ơ “Bị như vậy là bình thường, ai chả vậy”. Họ như đã trèo lên được khỏi miệng hố nhưng vẫn lanh quanh ở miệng nó mà không thế lết đi xa và lúc nào cũng có thế bị tụt xuống. Loay hoay mãi với cái hố đen trong lòng mình, đến khi người bệnh muốn tìm kiếm giúp đỡ từ các vị bác sĩ thì lại phải đối diện với sự thờ ơ, bị quẳng cho toa thuốc để uống. Chính vì thế họ càng thu mình lại, tự đổ lỗi cho bản thân mình, mang những niềm tin bóp méo bởi nghĩ rằng mình đáng bị trừng phạt như thế. Điều đáng báo động hơn là đôi khi nỗi đau thể xác dù nhỏ người ta vẫn đi khắp bệnh viện để khám còn tâm bệnh thì lại bị bỏ qua bởi những định kiến xã hội hay sự thiếu kiến thức., những câu chuyện khá nặng nề và cũng chẳng có cái kết nào cho những cảm xúc đó cả, cuộc chiến thầm lặng nhưng chẳng mấy ai thấu hiểu...., rất hài lòng, sách đóng gói rất cẩn thận, giao hàng siêu tốc của tiki luôn làm tôi hài lòng, cuốn sách đến với tôi thật sự là một cái duyên, trước khi tìm mua thì tôi đã tìm hiểu về ""Đường dây nóng Ngày mai"", 1 tổ chức phi lợi nhuận về hỗ trợ tâm lí từ xa cho công đồng, nhưng vì bán tín bán nghi nên chưa có dịp liên hệ, sau đó là Vietcetera tổ chức một buổi phỏng vấn với tác giả Đặng Hoàng Giang, người đồng sáng lập ""Đường dây nóng ngày mai"". Giây phút mở sách ra thì tờ rơi của tổ chức này rớt xuống, khoảnh khắc đó thật sự rất bất ngờ, tôi không thể ngỡ ngàng và hạnh phúc hơn. Tôi sẽ tận hưởng quyển sách thật trọn vẹn, xin cảm ơn tác giả., Chuyện không của riêng ai trong một thế giới với nhiều lo toan và mặc cảm. Những câu chuyện hay và ý nghĩa và đôi lúc cũng tìm thấy mình trong đó. Cảm ơn tác giả cũng như tiki đã giao hàng thật nhanh và cẩn thận với tác phẩm này., Sách xuất sắc thật sự. Trước mình từng đọc cuốn “Bức xúc không làm ta vô can” của bác Đặng Hoàng Giang rồi, và thực sự phải nó là đọc rất “đã”. Mình thích từ văn phong cho đến logical thinking của bác, kiểu như đọc xuôi tai và cực kì dễ hiểu, dễ ngấm. Background knowledge của mình đã mở rộng đáng kể qua những cuốn sách mà mình đọc của tiến sĩ viết., Đóng gói kĩ, giao nhanh. Sách có lớp bóng kính bên ngoài mà hơi bị rách xíu. Mua tặng nên cũng ko có tháo lớp bóng kính ra coi bên trong sách. Hi vọng ko có  j sai sót, Sách in đẹp, nội dung chất lượng, giúp ta có thể hiểu biết hơn về trầm cảm. Nên có nhiều tác giả người Việt cho ra đời những cuốn sách chất lượng như vậy., Cuốn sách rất đáng để đọc, giúp bạn có cái nhìn rõ ràng hơn về trầm cảm. Thật đáng buồn là ở xã hội VN rất nhiều bậc cha mẹ vẫn như liều thuốc độc với con cái của họ. Họ không nghe thấy lời cầu cứu của con cái mình., Cuốn sách đc tặng kèm bookmark xinh. Mình chưa đọc nhưng đã đc nghe giới thiệu về cuốn sách này, vẫn là pháp sư tiki với kiểu giao sách k tí chống sốc nào mà vẫn nguyên vẹn =)))) lần này mình đặt thì đc ship rất nhanh nên khá là vui. từ tối qua mà sáng nay đã đc nhận r, Phần một của cuốn sách là những câu chuyện của những người trầm cảm, có phần nặng nề và u ám, phải mất nhiều thời gian để đọc và đồng cảm. Phần hai là những điều cần biết về trầm cảm. Là một cuốn sách nên đọc., Sách hay lắm ạ. Từ sau cuốn Tìm mình trong thế giới hậu tuổi thơ mình đã tìm đọc thêm cuốn Đại dương đen này, highly recommend mọi người đọc 2 cuốn để hiểu rõ hơn về trầm cảm, về thế giới của người trầm cảm. Từ đó hiểu mình và mọi người xung quanh hơn., Thực sự khi đọc cuốn sách này, mình đã suy tư rất nhiều. Mình tự hỏi sẽ còn bao nhiêu con người ngoài xã hội phải gánh chịu những nỗi đau này.
Rất cảm kích trước sự tâm huyết của tác giả trong công cuộc đem những câu truyện như thế này đến với xã hội.
Một góc nhìn cực kì sâu sắc và đầy tình thương đối với những người có thể xem như là bị chối bỏ bởi xã hội., Một trong những cuốn sách mình rất thích. Sách in rất đẹp. Tiki đóng gói đẹp và giao hàng rất nhanh!, Sách được đóng gói cẩn thận, chữ rõ. Nội dung của sách là những câu chuyện mà ở đâu đó tôi lại nhìn thấy hình ảnh của mình trong đó., Sácg của chú Giang khá hợp vs mình trước giờ, cuốn này là 1 phong cách khác hẳn nên ban đầu mình hơi dè dặt. Tuy nhiên nghe thử 1 chương sách nói trên podcast thì ưng quá, quyết định mua ngay. Sách còn nilon, giá sale rất hợp lý., Nội dung mang tính giáo dục cao, giúp người bình thường hiểu và đồng cảm hơn với những người mang bệnh trầm cảm, thiết kế sách đẹp hình vẽ đỉnh giao hàng nhanh hơi tiếc là giấy hơi mỏng mình sợ khi high light sẽ thấm ra mặt sau 🤔, Giao hàng nhanh Shipper rất thân thiện sách bọc cẩn thận mua Trên Tiki trading giá rẻ hơn rất nhiều., Lần đầu chuyển sang tiki mua sách,rất hài lòng với chất lượng sách,hứa sẽ ủng hộ lâu dài👏👏👍👍, Phải nói là sách rất hay, diễn giải nhiều về căn bệnh và các câu chuyện được kể. Nhói lòng khi thấy hình bóng mình đâu đó trong sách. Mong là có nhiều người quan tâm hơn tới vấn đề, bệnh trầm cảm này., Vừa nhận sách hôm qua mình đã đọc được 5 câu chuyện rồi sách rất hay đúng như mong đợi. Còn được tặng kèm postcard rất đẹp nữa. Timi giao hàng rất nhanh vừa đặt hôm trước hôm sau đã có rồi. Mình mua còn được tặng kèm mã giảm giá 20k . Tóm lại là rất hài lòng, Giao nhanh. Đóng gói khá kĩ. Nhma vẫn bị móp góc, Giao hàng nhanh, đóng gói cẩn thận, thấy nhiều người giới thiệu cho mình quyển này quá nên mua đọc thử coi như nào hehee, Nội dung hay, phù hợp với mình. Giao hàng nhanh đóng gói đẹp, sản phẩm oke lắm luôn, Cuốn sách có thể làm bạn đọc ám ảnh bởi những câu chuyện của các nhân vật nhưng đây là một cuốn sách nên đọc giúp bạn đọc hiểu hơn về thế giới của trầm cảm từ đó bạn đọc có thể thấu cảm được vấn đề mà người bệnh mắc phải., Đại dương đen, giáo hàng nhanh đóng gói cẩn thận, có quà tặng đi kèm sách ( như trong ảnh), Mình biết tới cuốn sách khi nghe qua podcast mới chỉ nghe 1 phần nhỏ thôi nhưng lại có sức hấp dẫn giục mình phải mua ngay. Mình ở nước ngoài nên là việc mua và gửi sang cũng rất là cầu kì nhưng vì thế mình lại càng muốn đọc cuốn sách hơn bao giờ hết., Sách đọc khá ám ảnh… những bạn đã từng bị hoặc tinh thần dễ bị ảnh hưởng ko nên xem :)…. khá là…, Sách hay lắm luôn, còn tặng kèm theo bức tranh đẹp nữa, giao hàng nhanh, sách bên trong không bị móp.
còn nội dung sách mình vẫn chưa đọc hết nên chưa đánh giá được., Giao hàng rất đúng thời gian. Sách giao về còn bọc cả bìa ngoài, mình rất ưng ý., Cuốn sách đọc mà ám ảnh, mãi là fan chú Đặng Hoàng Giang. Đọc xong khuyên mọi người hãy quan tâm đến sức khoẻ tinh thần ngang bằng hoặc thậm chí hơn sức khoẻ thể chất nhé!, Sách giao đến vẫn còn màng co, đẹp và nguyên vẹn. Giao hàng nhanh nhưng mà chiếc hộp đựng sách bên ngoài bị móp hết cả, thật may là k ảnh hưởng đến sách bên trong. À bản này có kèm bookmark và postcard nữa. Nói chung rất ổn., mình chưa đọc qua cuốn này nhưng hi vọng nội dung sách hay vì mình thấy nhiều bạn review tốt, công nhận sách nào của bác Đặng Hoàng Giang cũng hay cả 😄, Đang đọc đến p2 của cuốn sách! Nội dung hấp dẫn, truyện khá nặng nề nên mình đọc khá chậm, thiết kế đẹp, bạn nào đang muốn tìm hiểu về các căn bệnh tâm lý, đặc biệt là trầm cảm thì nên sở hữu!!😍😍😍, Sách mới đẹp, Giao hàng nhanh, sách chất lượng, chưa đọc nên chx biết nội dung thế nào. Đây là sách về trầm cảm nên cx sợ là đọc ko hiểu gì., mình chưa đọc nhưng mà thấy review tốt trên group NN nên mua về. sách được giao đến mình với tình trạng còn nguyên seal, hài lòng kk, Mình đã mong quyển này của chú Giang từ lâu, nay 9.9 trên tiki có ưu đãi lớn nên rất mừng. Hàng đóng gói cẩn thận, ship rất nhanh, trong 1 ngày là nhận được, lại còn sớm hơn lịch hẹn 1 ngày., Giao hàng siêu nhanh, nhưng Tiki bọc sách sơ sài quá, may là không bị làm sao 😭, -Sản phẩm tốt, không có dấu hiệu bị hư hỏng. 
- Giao hàng nhanh. Vừa đặt tối hôm trước thì hôm sau đã có rồi.
Tuyệt vời!, Giao đúng hạn sách nhiều kiến thức thú vị nhưng 16+ ms nên đọc, đọc xong cuốn sách, mình có cái nhìn đa chiều hơn về những hành vi bất thường của mn xung quanh, cảm thấy thương và cảm thông thay vì bức xúc như trước đây., Tiki giao hàng siêu nhanh luôn. Đặt giao tiết kiệm nhưng hôm sau có liền rồi 🥰🥰🥰 Sách đc review nghe thích quá nên đặt hi vọng là hợp với mình, Thế giới trầm cảm, đọc để biết, để hiểu, để cảm thông và để chia sẻ vs những ng đã, đang và có nguy cơ mắc bệnh quanh mình, để không vô tâm, dẫn đến những điều hối tiếc xảy ra., Ship nhanh hơn dự kiến, sách riel đc bọc siu, khá ưng, Sách bọc kính nguyên vẹn ko trầy xước 
Cuốn này sale 40% hốt lẹ 
Ấn phẩm nổi tiếng của bác đặng hoàng giang thì nội dung ko cần bàn cãi rồi 
Dịch vụ tiki giao hàng siêu ưng nhé mn 
Nên mua, Sách giao nhanh, hàng đẹp. Đóng gói bìa hộp tiki như mọi khi.
Sách đọc khoảng 1/2 đầu là vài câu chuyện đời thực. Nửa sau là định nghĩa, phân loại, trị liệu, etc. Đọc khá cuốn, cũng khá buồn thương, Dạo gần đây mình đang tò mò về tâm ký học hành vi của con người, không biết sách có liên quan hay không nhưng sách của TS Đặng Hoàng Giang chắc chắn là một kho tàng kiến thức uyên thâm không thể bỏ qua, sách hay ạ, cho mình cái nhìn khác về bệnh trầm cảm
Nên đọc ạ, Mở rộng kiến thức về trầm cảm và những ảnh hưởng của nó tới đời sống cũng như nhưcng biện pháp để đối mặt với trầm cảm, Ai cũng nên đọc nhé. Nhưng bạn nào tâm lí không được tốt thì nên đợi tâm lí ổn hẵng rồi hãy đọc chứ đừng như mình xong lại bị rơi vào khó thở, tiêu cực., Tiki giao nhanh, thấy mọi người khen hay nên mình mua về làm quà tặng bạn, Tiến sĩ Đặng Hoàng Giang, trở lại với cuốn sách Đại dương đen cho ta những cái nhìn về căn bệnh trầm cảm- qua những lăng kính của cuộc đời, nhiều số phận và hoàn cảnh. Tiki giao nhanh dù dịch bệnh. 5 sao, Sách bị có cái kim đầu bút chọc vào thủng mấy trang, ngoài ra sách ok, sách đẹp, nội dung hay và để lại nhiều ám ảnh hơn mình nghĩ. đáng mua và rất đáng mua 🫶🏻, Nên đọc để hiểu hơn về cơn trầm cảm của mình và người xung quanh, để chung sống tốt hơn hoặc vượt qua. Khá nặng nề. Khuyến cáo chia nhỏ đọc dần. Ko nên đọc cùng 1 lúc. Chung cảm giác bế tắc như Tìm mình trong thế giới hậu tuổi thơ., Giao hàng nhanh, đóng gói kĩ lưỡng. Mng đừng phân vân mà mua liền nha, nội dung đỉnh khỏi phải bàn, đọc mà phải phát sợ vì những thứ nỗi đau vô hình bám lấy các nhân vật luôn ấy., Ôi, Tiki giao hàng cực nhanh, không móp méo.
Sách của bác Giang thì chất rồi. Mình đã đọc 4 cuốn nên tiếp tục đặt cuốn này về đọc. 
Đọc xong sẽ viết cảm nhận về cuốn sách nghe, Giao nhanh đóng gói chưa kĩ lắm, sách có seal nhưng trông hơi cũ, sách chia thành 2 phần, phần đầu là những câu chuyện hết sức chân thật và thậm chí để lại ám ảnh với bản thân mình sau khi đọc xong. Phần sau đi vào phân tích chuyên sâu về khái niệm, nguyên nhân và cách chữa trị, nội dung hay, đọc để biết được các thông tin về trầm cảm, đọc xong vẫn còn buồn :))
biết được cuốn sách này qua nghe audio trích đoạn của sách và tìm mua để đọc thêm, Sách cung cấp kiến thức cơ bản và những câu chuyện rất đời cho những người đang trầm cảm hoặc đang muốn tìm hiểu về nó. Tiki giao hàng siêu nhanh, đóng gói cẩn thận., Một cuộc sách trần trụi về thế giới của những người trầm cảm.
Hãy đọc cuốn sách này để hiểu rằng ""trầm cảm"" ko phải là một từ khóa để đùa vui. 
Nên đọc vào những lúc tâm trạng và tinh thần thoải mái., Giao hàng nhanh, nguyên seal, nội dung lôi cuốn, mang đến nhiều cảm xúc khác nhau, mỗi câu chuyện đều khiến lòng mình thắt lại, Có bọc sách bên ngoài, nội dung chưa đọc, nhưng mik khá thích sách của tg Đặng Hoàng Giang., sách mới, đóng gói cẩn thận, Giao siu nhanh, ko có chống sốc nhưng vẫn ko df 10/10 
Có nghe qua chương 1 qua podcast nên quyết định mua bản sách. Thực sự hay!, Noiij dung rất hay và mô tả chi tiết biểu hiện và dấu hiệu của bệnh trầm cảm, cũng như một số giải pháp điều trị bệnh giúp người đọc có caia nhìn rõ ràng hơn về căn bệnh tâm lý, 
Trung lập: Phần 1 gồm những câu chuyện cụ thể, khá hay và xúc động, giúp thêm hiểu biết về bệnh trầm cảm. Phần 2 về cách trị liệu khá khô khan buồn tẻ. Sách in đẹp, sạch sẽ, nhìn bắt mắt, và nhìn chung ko có lỗi. Tiki đóng gói tốt, sách ko hề bị nhăn góc hay có vấn đề gì., Nội dung phần 1 khá nặng nề tôi nghĩ nên gắn mác 16+ hoặc 18+ vì nó thật sự ko phù hợp với trẻ e và những ng có tâm lý kém hay đang có ván đề . Phần 2 là phổ cập kiến thức về bệnh trầm cảm tôi rất thích nó , tuy ko học về ngành tâm lý nhưng nhờ quyển sách này tôi đã đc trang bị và mở mang rất nhiều về căn bệnh trầm cảm 
Về phâng in ấn và chất lượng giấy tôi rất hài lòng tuy nhiên đóng gói hơi qua loa tôi nghĩ cần thêm 1 lớp bọc chống sóc nó sẽ giúp quyển sách bới và trạm trên đường vận chuyển hơn, Nội dung hay, đồng cảm với từng nhân vật trong câu chuyện. Mình cũng đã từng trong trạng thái như vậy nên có thể hiểu được đôi chút cảm giác của họ. Sách dày, gói ok, sẽ ủng hộ tiếp, Giao hàng: mình đặt giao trong ngày nên sáng đặt hàng xong là chiều giao đến luôn.
Đóng gói: vì giao trong ngày nên không bọc chống sốc, sách giao đến với cái hộp còn nguyên vẹn, rất ưng bên vận chuyển.
Chất lượng: sách có một lớp bọc mỏng, bóc ra thì thấy bìa như từng bị dính gì lên rồi, cọ ra vẫn còn vết mờ mờ, có ánh sáng chiếu vào là thấy rất rõ, có trang bị dính vào nhau.
Nội dung: đúng sở thích nên về nội dung là 10*. Mỗi câu chuyện đều khiến mk phải ngẫm một lúc lâu, cuốn cực kì luôn, thực sự rất đáng tiền., Sách rất hay nhưng mà đây cũng không phải lần đầu mình đặt mà có vấn đề này xảy ra. sách thật sự rất quý mong lần sau tiki trading cải thiện bọc hàng để tránh trường hợp vận chuyển xô xát làm hỏng sách, Đừng thắc mắc sao nó đắt tại là đẹp á nhưng lúc nhận đc thì cái đầu trên gáy sách hơi gãy nha shop. Còn nội dung bạn nào quá tiêu cực hoặc tâm lý kh vững mình khuyên là đừng!, Nếu như bạn theo dõi Đặng Hoàng Giang trong khoảng tầm 5 năm gần đây, sẽ thấy tác giả rất biết tìm những đề tài, những góc nhìn đặc sắc mà trong cuộc sống, đôi khi chúng ta vô tình không để ý.
Từ Thiện Ác & Smart phone, Điểm đến của cuộc đời, Bức xúc không làm ta vô can, Tìm mình trong thế giới hậu tuổi thơ cho đên Đại Dương Đen. Tác giả đã lột tả được những điểm khuất của những con người, số phận vô tình bị lãng quên trong thường nhật hàng ngày.
Đại Dương Đen nói về thế giới của những người trầm cảm, cho chúng ta biết cảm thông, đồng hành và qua đó thấu hiểu để chia sẻ với họ, giúp họ tái hòa nhập, cân bằng trong cuộc sống, bớt cô đơn, bớt ẩn mình để thấy đời tươi đẹp hơn., Sách bọc rất kĩ, mới, đẹp, không bị móp, cấn hay rách, tuy nhiên bị vệt bẩn ở một chỗ, định 5 sao nhưng suýt được, Giao hàng khá nhanh. Sách được bao bọc khá cẩn thận. Có điều BookCare bọc chưa tốt, mới chỉ được bọc một bìa. Thời gian đổi trả hàng khá lâu., Giao hàng lâu, sách vẫn nguyên seal tuy nhiên lại bị như thế này ở một vài chỗ trên bề mặt và gáy sách, hộp carton khi đến tay mình thậm chí còn rách và bị méo nhiều chỗ.  Mình khá kĩ tính và giữ sách nên cái này làm mình không hài lòng lắm. Mong lần sau vận chuyển ổn hơn., Tui sách được đóng gói cẩn thận nhưng vẫn có 1 vài chỗ bỉ bận và xước nhé!, Minh đã đọc tất cả sách của bác Giang, và quyển này mình thích ngang vơi Thiện Ác và Smartphone. một cuốn sách mở ra góc nhìn mới mẻ hơn về thế giới của những người trầm cảm, từ đó giúp chúng ta dễ dàng thấu cảm và đồng hành cùng họ (hoặc thậm chí, cả chính chúng ta) trong hành trình chữa lành, mình mong bên tiki sẽ cải thiện lại chất lượng giao hàng, vì mình không nhận được cuộc gọi nào nhưng tiki báo về là giao hàng không thành công tới hai lần. sách về không bị móp méo, nên về phần này mình an tâm., Mình có đọc được một đoạn ngắn trích từ Đại dương đen liên quan đến câu chuyện buồn chàng trai mất tích rồi được kết luận là do tự vẫn đeo cục đá lớn trong balo. Sách có những câu chuyện mà ở đó mình cảm thấy không cô đơn. Nhưng vẫn còn chút lẻ loi., 4 cuốn mình mua chỉ có cuốn này và cuốn ""Thiên tài bên trái, kẻ điên bên phải"" (bị quăn góc)  có bookmark và được gói kĩ càng nhưng lúc khui ra thì một vế trầy đen thấy rõ cạnh tên tác giả, sách viết rất sâu về câu chuyện của những thế giới trầm cảm, mình được mở rộng thêm thế giới quan sau khi được đi sâu vào các câu truyện từ mọi lửa tuổi, từ đó mới thấy rằng sức khỏe tinh thần cũng rất quan trọng và nên biết chăm sóc cho sức khỏe tinh thần của mình mỗi ngày, nuỗi dưỡng một tầm hồn thiieetj đẹp cùng với một body cường tráng, Nội dung hay nhưng sách bị in lỗi., Chỉ cần thấy tên chú Giang là biết phải là 1 quyển sách hay rồi. Nhưng k hiểu sao lần này mình lại thấy quyển sách này hơi nặng nề quá đối với mình. Vì những nhân vật của chú quá chật vật với những nổi đau và khó thoát khỏi tình cảnh khiến người đọc cũng nặng nề theo với cảm xúc đó. 
Nhưng hiểu ra được 1 cuộc sống của những con người trầm cảm là như thế nào. Sau mỗi cuốn sách luôn là 1 bài học., Sách chất lượng tốt nhưng giao hàng thì Tiki nên lưu ý lần tới. Do ảnh hưởng của bão, mưa lớn nên mình nghĩ đóng gói nhớ bọc thêm nilon vào thì sẽ đảm bảo an toàn cho sách hơn. Rất may mình đã dùng Bookcrare không thì chắc chắn sách sẽ ướt., Chất lượng sách tốt, đáng mua, còn nguyên seal không bị rách, hình thức đẹp. Nội dung viết rất kỹ, giọng văn hay, dễ hiểu, truyền cảm. Nhưng mà trừ 1 sao do tiki đóng gói hàng còn lỏng lẻo, hộp do vận chuyển móp nát hết cả, mong tiki xem xét lại về khâu đóng gói để có thể đưa ra phương án cải thiện tốt hơn cho người tiêu dùng., Góc khuất của những con người cảm thấy lạc lõng, cô đơn. Trầm cảm đã và đang là mối đe dọa với người trẻ trong xã hội ngày nay. Mong rằng chúng ta thẳng thắn và cởi mở hơn với những mong muốn, suy nghĩ của các bạn trẻ., cuốn sách này kể về các câu chuyện buồn, những mảnh đời bất hạnh. Màu sắc u ám. M có chút sợ hãi khi đọc sách. 
Sách giao nhanh, đẹp, Sách dù có màng seal nhưng vẫn bị quăn? Giá sale mềm. Nội dung thì chưa đọc nhưng sách của chú Đặng Hoàng Giang nên khá tin tưởng. Ngoài ra được tặng kèm postcard và bookmark., giao hàng nhanh, mép sách hơi lỗi tí nma vẫn ok.  có kèm postcard đầy đủ nói chung đáng mua nha, Sách viết cũng được, nhưng câu chuyện trong sách không hẳn là về trầm cảm. Nói chung cũng có bài về trầm cảm, và cũng có bài về tâm thần. Đọc được, nhưng khuyến khích bạn nào đang trong tư thế trầm cảm nặng thì không nên đọc., Tiki ship hàng quá lâu. Không thể lấy lý do dịch bệnh được. *** vẫn ship hàng với thời gian nhanh hơn. Có thể thông cảm cho thời gian kéo dài 2-3 tuần. Đằng này phải chờ đến tận 2 tháng. Không còn hứng thú đọc sách nữa., 
Tiêu cực: Mấy lần mua của tiki đều thấy tiki đóng gói sơ sài nhưng không bị móp nên không sao nhưng lần này sách vừa bị móp vừa bị rách luôn 😀… hơi tiếc cho cuốn sách vì đây là cuốn đắt nhất trong đơn 🥲, 5 sao cho tiki nhưng 1 sao cho nội dung sách nha. 
Lần đầu phải đánh giá 1 sao như này. Giọng văn đời thường phát sợ, ko có tí văn học nào hết. Nào thì ***, ***, rồi *** con mẹ, v...vv

Nếu ai đó bảo văn kể từ những câu chuyện có thật nó thế, thì đừng quên hảo nữ trung hoa vẫn biết cách dùng từ khéo léo hơn rất nhiều. Và bản thân tác giả sách phải biết lược bỏ những từ ngữ nhạy cảm để phù hợp với văn chương. Tóm lại 200k cho 1 quyển sách rác, mình xin khiếu nại cuốn sách này, sau khi unbox túi bọc cuốn đại dương đen thì thấy gáy sách đã bị rách mất một đoạn tầm 2cm, cảm giác như cuốn sách sẽ bị tẽ đôi và rơi ra vậy. mong tiki đổi hàng giúp mình ạ. mình cảm ơn. lần đầu thấy tiki giao hàng kém chất lượng như vậy., Giao hàng quá lâu. Tiki cần xem lại. Lấy lý do giãn cách chỉ hợp lý lúc đầu thôi, từ tháng 10 thông thương lại rồi. Những đơn hàng mình vừa đặt ở nền tảng khác đều nhận được trước đơn sách này nhiều ngày. Quá thất vọng!, Đọc tới câu chuyện của thằng trầm cảm 41 tuổi ngừng uống thuốc vì không xuất tinh được khi chơi gái, tôi thả sách cái bộp cho nó tự gấp lại :))., Sách dc gói cẩn thận. Tuy nhiên người giao hàng thái độ quá tệ. Tiki nên có đánh giá tách riêng cho phần sản phẩm và dịch vụ, nếu ko đánh giá sản phẩm sẽ bị ảnh hưởng bởi những trải nghiệm dịch vụ quá tệ này., Thật sự là lúc đầu nhìn qua lớp seal ko nma lúc bóc ra thì hú hồn. Quá nản, "
118124351,"## Tóm tắt feedback về cuốn sách:

**Phản hồi tích cực:**

* Khách hàng rất hài lòng với nội dung sách, đặc biệt là phần về chú ý đến cảm xúc trong công việc.
* Sách được đánh giá là hay, dễ hiểu, dễ đọc với nhiều ví dụ và hình ảnh minh họa sáng tạo.
* Bìa sách đẹp, thu hút, tạo cảm giác muốn đọc.
* Sách được giao hàng nhanh chóng, bọc cẩn thận và còn mới tinh.
* Khách hàng đánh giá sách hữu ích, nội dung đào sâu về cảm xúc con người.

**Phản hồi trung lập:**

* Nội dung sách tạm ổn, phù hợp với việc chia sẻ kinh nghiệm.
* Một số khách hàng cho rằng nội dung sách bình thường.

**Phản hồi tiêu cực:**

* Một số khách hàng cho rằng sách được viết bởi tác giả Trung Quốc và có nội dung giống ngôn tình nên không nên đọc.

**Tổng quan:**

Đa số khách hàng đánh giá tích cực về cuốn sách, khen nội dung hay, dễ hiểu, dễ đọc, bìa sách đẹp và dịch vụ giao hàng tốt. Tuy nhiên, một số ít khách hàng cho rằng nội dung sách bình thường hoặc có nội dung giống ngôn tình. 
","Tích cực: Hôm trc mình xích mích vs đồng nghiệp, tình cờ gặp quyển này ở nhà sách nên mình đứng đọc. Đọc đến trang thứ 53 lận. Sách rất là hay. Mng cần chú ý hơn đến cảm xúc, vì có thoải mái ms làm việc với nhau đc. Sách này ở nhà sách giá gốc 178k, tối về mình search thấy tiki sale 105k nên mình mua lun, Sách giao nhanh, mới tinh. Sách có tranh minh họa khá vui. Gồm 8 chương phân tích các công cụ đánh giá cảm xúc đi kèm. Có vẻ là một cuốn sách hữu ích đó :), Sách bọc cẩn thận
Ship giao hàng nhanh
Chưa đọc kỹ nhưng thấy nội dung gồm cả hình minh hoạ với màu xinh lắm mong là n đúng như mong đợi ^^, Ngon bổ rẻ, sách hay nhiều ví dụ và hình ảnh sáng tạo, dễ hiểu dễ đọc, bìa sách in đẹp tạo cảm giác hấp dẫn muốn đọc ghê gớm 😁, Sách trình bày đẹp, rõ ràng. Hình thức bìa còn mới, sách đẹp, nội dung đào sâu cảm xúc con người trong công việc và cuộc sống, Sách mới, bọc rất cẩn thận, Hài lòng, sản phẩm mới, đẹp, Giao hàng nhanh, sách bọc cẩn thận. Okieeee, Sách chất lượng, Ok, Addhjsankdsvjkeafgbbnh ág, good, 
Trung lập: Vì là sách nước ngoài dịch sang tiếng việt và chia sẻ kinh nghiệm nên tổng quan nội dung tạm ổn, Nội dung sách bình thường, 
Tiêu cực: sách trung quốc viết dạng ngôn tình ko nên đọc, "
12107394,"## Tóm tắt feedback về sách TOEIC 600 Từ Vựng TOEIC

**Phản hồi tích cực:**

* **Giao hàng nhanh:**  Khách hàng khen ngợi Tiki giao hàng rất nhanh chóng, thậm chí có người nhận được hàng trong ngày.
* **Đóng gói cẩn thận:**  Hầu hết khách hàng đều hài lòng với cách đóng gói cẩn thận, sản phẩm được bảo quản tốt.
* **Nội dung hay, dễ học:**  Khách hàng đánh giá cao nội dung sách,  bài tập phong phú,  phù hợp với người tự học TOEIC.
* **Sách mới, chất lượng tốt:**  Khách hàng hài lòng với chất lượng giấy, in ấn sắc nét, sách mới nguyên seal.
* **Có mã QR để tải file nghe:**  Khách hàng đánh giá cao việc cung cấp mã QR để tải file nghe, tiện lợi hơn đĩa CD.
* **Giá hợp lý:**  Khách hàng cho rằng giá sách phù hợp, thậm chí được giảm giá so với giá bìa.
* **Sách bổ ích:**  Khách hàng đánh giá sách cung cấp nhiều kiến thức hữu ích cho việc học TOEIC. 
* **Giao diện đẹp, dễ nhìn:**  Nhiều khách hàng khen ngợi giao diện sách đẹp, bố cục rõ ràng, dễ hiểu.

**Phản hồi trung lập:**

* **Chất lượng giấy:**  Một số khách hàng nhận xét chất lượng giấy hơi mỏng, dễ bị lem mực khi viết bút bi.
* **File nghe:**  Một số khách hàng chưa tìm thấy file nghe, hoặc file nghe có lỗi.
* **Đáp án:**  Một số khách hàng cho rằng đáp án trong sách có lỗi.
* **CD:**  Một số khách hàng nhận được sách không kèm CD như thông tin sản phẩm.
* **Tài liệu bổ sung:**  Một số khách hàng mong muốn sách có thêm phần dịch nghĩa, phiên âm.
* **Thái độ nhân viên giao hàng:**  Một khách hàng phản ánh về thái độ không tốt của nhân viên giao hàng.

**Phản hồi tiêu cực:**

* **File nghe bị lỗi:**  Khách hàng không thể tải file nghe do lỗi link hoặc link không hoạt động.
* **Sách bị lỗi:**  Khách hàng nhận được sách bị rách, gãy mép bìa, lỗi in ấn.
* **Thiếu CD:**  Khách hàng nhận được sách không kèm CD như thông tin sản phẩm.
* **Đáp án sai:**  Khách hàng phát hiện lỗi sai trong đáp án của bài tập.
* **Giao hàng chậm:**  Khách hàng phản ánh về việc giao hàng chậm hơn dự kiến.
* **Sản phẩm không như quảng cáo:**  Khách hàng nhận được sách không giống với mô tả sản phẩm.
* **Không thể liên lạc với người bán:**  Khách hàng không thể liên lạc với người bán để giải quyết vấn đề.

**Tổng kết:**

Sách TOEIC 600 Từ Vựng TOEIC nhận được phản hồi tích cực từ phần lớn khách hàng về nội dung, giá cả và dịch vụ giao hàng. Tuy nhiên, một số khách hàng gặp phải vấn đề về file nghe, chất lượng giấy, đáp án và sản phẩm bị lỗi. Nên kiểm tra kỹ thông tin sản phẩm và liên hệ với người bán nếu có vấn đề phát sinh. 
","Tích cực: Update: Mình đã nhận được hỗ trợ của Tiki rất nhanh chóng. Vì vậy từ 2 sao mình sửa lại thành 5 sao. Cảm ơn Tiki và mong là lần sau mình ko gặp trường hợp như vậy nữa.

Mua cực kì cực kì nhiều sách Tiki rồi nhưng lần đầu tiên gặp phải cuốn in thiếu trang nhiều như thế này. Ngay trang đầu tiên của mục lục đã trắng tinh, tiếp theo đó là phần hướng dẫn học thì cứ in 2 trang lại trắng 2 trang. Khá là thất vọng, cũng may là quét QR vẫn ra file nghe., Hic, giá trước sale rẻ hơn giá trong đợt sale, btw sách thẳng thớm mới tinh nha mn, dùng được bookcare á, đóng gói oke. Mỗi bài có 12 từ, một số từ sẽ có cả word family, bài tập để vận dụng từ được mô phỏng như mini toeic test, có thể kết hợp tra thêm từ điển để mở rộng collocation, word family, trái nghĩa đồng nghĩa, mở rộng vốn từ., Chất lượng in tốt, tuy nhiên giấy khá mỏng.
Nội dung sách trình bày thống nhất, có các bài tập listening và reading để ứng dụng từ mới học sau mỗi lesson, bài tập kiểu sát form đề thi TOEIC. Ở cuối sách còn có phần audioscript nên giúp ích nhiều khi học listening lắm nha., Mình đã học được 22/50 lesson của cuốn sách này và thật sự thích nội dung mà sách cung cấp. Mỗi lesson có 12 từ vựng cần gì nhớ, có giải thích từ và cách dùng từ trong ngữ cảnh, trong mỗi lesson có 23 câu bài tập tương ứng với 7part trong đề thi toeic nên có thể luyện tập các từ vựng đã học luôn. Sau khi học xong 5 lesson thì có thêm 1 bài word review làm bài tập nữa. Sách ko kèm đĩa nhưng có mã QR ở trang sách thứ 2 để tải file nghe nên cũng rất tiện lợi. Chất lượng giấy thì hơi mỏng nhưng dùng cũng ổn. Khi học mình có sử dụng thêm website 600tuvungtoeic.com để học cách phát âm từ vựng và học nghĩa tiếng việt nên mn cũng có thể tham khảo học cùng sách này nha., Chất lượng giấy tốt, hàng mới 2023, giao hành cực nhanh, mới đặt rạng sáng chiều cùng ngày đã đến. Khâu đóng gói và bảo quản cũng rất okela. Ủng hộ doanh nghiệp Việt, rấy vui vì lâu rồi mới mua sách mà ưng ý đến vậy., Rất ưng ạ. Sách dễ học, dễ hiểu. Mỗi lesson có 5 phần như trong phần cách sử dụng nêu ra, học theo rất dễ để nhớ từ. Tiki giao hàng sớm hơn dự định, gói hàng cẩn thận. Lúc order thì mình có thấy ghi là kèm đĩa, tuy nhận được k kèm đĩa nhưng với mình đĩa k cần thiết vì quét mã QR thuận tiện hơn rất nhiều., sản phẩk được đóng gói cẩn thận. trong mùa dịch mà có thể giao hàng với tốc độ như vậy là rất ok rồi. mình thắc mắc là mã code tải cd của mình đâu nhỉ??? Mình mua của Tiki trading và mặt hàng ghi là quét mã tải file. Về chất lượng của sách thì sách khá là thơm mùi sách mới :)), giấy khá mỏng nhưng in rất rõ ràng dễ nhìn tạo cảm hứng học nữa. Về nội dung thì mình thấy thiết kế bài học cực kì phù hợp vowdi những bạn tự ôn luyện TOEIC mà k biết học từ vựng ở đâu. Sách hướng dẫn khá chi tiêdt để mình có thể bổ sung thêm lượng từ vựng cần thiết nhưng đồng thời cũng cải thiện các kỹ năng nghe-nói-đọc-viết. Nếu bạn còn đang suy nghĩ nên mua hay không thì lời khuyên cho các bạn là nên vì so với giá trên bìa thì tiki luôn có giảm giá hơn nữa đây là một đầu sách có uy tín các bạn không phải sợ phí tiền  như những cuốn sách tạp nham về ngôn ngữ (đặc biệt là tiếng Anh) ngoài kia. Chọn đúng nguồn cung cấp kiến thức đáng tin cậy nó sẽ dẫn bạn đi đúng hướng, đến đúng nơi bạn cần đến., Mình cần ôn tập thêm từ vựng để ôn thi nên cuốn sách khá phù hợp với mình. Các chủ đề khá đa dạng, 5 lesson thì sẽ thành 1 chủ đề. Sách đọc khá dễ hiểu, có tích hợp cả reading và listening, ngoài ra có file nghe dưới dạng mã vạch ở trang 2, rất tiện cho những ai không xài ổ đĩa như mình., Sách rất hay, chất lượng sách rất tốt 
Nội dung phù hợp để học toeic 
Sau này nhất định sẽ giới thiệu cho thêm nhiều bạn trẻ khác để ôn luyện, Nói chung khá là tâm đắc cuốn sách này. Một cuốn sách hay không chỉ ở nội dung bên trong nó mà còn nằm ở tinh thần mà nó truyền đến cho người đọc, đặc biệt là đối với sách ngoại ngữ. Quyển sách này đã làm rất tốt điều đó! sách mới, thơm tho & giao hàng nhanh nữa, cho 5 sao, Fahasa giao hàng rất nhanh, dù mình đặt ship về HD nhưng chỉ trong 3 ngày đã nhận được (dự kiến giao hàng tận 29/10 trong tình hình covid). Sách được bọc rất cẩn thận. Về nội dung: có 50 lesson, mã QR để tải file nghe ngay trang 2 kèm theo hướng dẫn học khá chi tiết, có bản cam kết học tập để tạo động lực cho các bạn tự học. Điểm trừ là giấy hơi mỏng xíu. Mình mua giá sale 151k. Nói chung là đáng tiền và nên mua nha!, Chất lượng giấy tốt, học dễ dễ hiểu . Đọc sách như bước đi trên bờ biển, sẽ ko để lại dấu chân nhưng bạn sẽ nhớ cảnh biển như thế nào, Nhìn hộp ở ngoài thấy nát quá trời, tưởng hư sách rùi, mở ra thấy bọc rất cẩn thận luôn, đẹp quá trời, huhu. Không uổng công đợi 1 tháng trời 😍😍😘🥰🥰, Shop đóng gói rất cẩn thận. Vừa chống sốc vừa chống trầy. Giao hàng nhanh nữa., 10 điểm giao hàng nhanh quá mình mới đặt hôm qua hôm nay đã giao,nội dung sách thì quá ngon r, Mình đã học được 22/50 lesson của cuốn sách này và thật sự thích nội dung mà sách cung cấp. Mỗi lesson có 12 từ vựng cần gì nhớ, có giải thích từ và cách dùng từ trong ngữ cảnh, trong mỗi lesson có 23 câu bài tập tương ứng với 7part trong đề thi toeic nên có thể luyện tập các từ vựng đã học luôn. Sau khi học xong 5 lesson thì có thêm 1 bài word review làm bài tập nữa. Sách ko kèm đĩa nhưng có mã QR ở trang sách thứ 2 để tải file nghe nên cũng rất tiện lợi. Chất lượng giấy thì hơi mỏng nhưng dùng cũng ổn. Khi học mình có sử dụng thêm website 600tuvungtoeic.com để học cách phát âm từ vựng và học nghĩa tiếng việt nên mn cũng có thể tham khảo học cùng sách này nha., Giao hàng siêu tốt lun, sách bọc nilong, đẹp, ko dơ. Còn chất lượng hay không thì phải chăm chỉ học từng trang mới biết, cuốn này thì kinh điển trong làng ôn Toeic rồi!, Đóng gói hàng kỹ, in đẹp rõ ràng, có điểm nhấn, sách khá dày, Sách mới có bọc túi nilon, không bị rách hay xước mép. Sách không kèm đĩa CD nhưng nội dung nghe sẽ quét mã QR. Mình rất thích!! Giao hàng nhanh!, Sách to nhưng chữ nhỏ quá. Giá mà nbx in to hơn 1 xíu nhìn đỡ nhức mắt hơn. Còn lại sách đẹp, giao siêu nhanh., Sách đẹp, in ấn sắc nét, chất lượng giấy tốt, Giao hàng nhanh, đóng gói hàng cẩn thận. Mình thấy mua sách ở tiki là chuẩn nhất rồi, giá rẻ hơn so với nơi khác mà giao hàng khá nhanh, sách lúc nào mình nhận đc cũng mới tinh ❤️, Thấy mọi người khen nên cũng mua về ôn thi. Nhận xét đầu là trunhf bày rõ ràng khá dễ học nhưng k có phụ đề tiếng việt đâu nha mn, Chất lượng giấy tốt, nội dung dễ hiểu, file nghe thì dũng mã qr nên rất tiện., trời đất ơi k tin đc luôn ý. Tối qua mình đặt mà sáng nay đã giao tới :))) tiki làm lẹ làng quá. 
sách thì chất lượng ý, ko bị nhoè, đóng góp cũng kĩ nên k móp sách gì cả, Sách đẹp, màu giấy mk nhìn rất ưng, sách có hướng dẫn sử dụng chi tiết dễ hiểu, cầm trên tay là thấy ưng cái bụng liền nha, Hưởng ứng Ngày Pháp luật nước Cộng hòa *** Việt Nam 09/11, toàn dân nâng cao ý thức tôn trọng, tuân theo Hiến pháp và pháp luật., Giao hàng 2h bao nhanh, 8h đặt 10h có. Sách rất hiệu quả để ôn TOEIC, Chất lượng tốt, giá rẻ nhất thị trường, Chất lượng sản phẩm rất là oke con de. Phù hợp với giá tiền. Đánh giá 5 sao ❤️❤️❤️❤️❤️❤️❤️❤️, Hàng đóng gói cẩn thận
Chất lượng sách tốt, Sách mới, có hướng dẫn học rất cặn kẽ. So với tải file pdf free trên mạng thì mình vẫn thấy mua sách học thích hơn nhé mng. Vừa ủng hộ tác giả vừa có sách đẹp để học. Quét mã QR code để tải file nghe cũng rất là tiện nha, Sách in rõ nét, chữ hơi nhỏ một xíu., Mua làm quà tặng nên chưa mở ra. Nhưng giao hàng nhanh, đóng gói cẩn thận., Sách đẹp lắm ko bị gập ở đâu cả. Nhưng mình thấy khâu đóng gói hơi sơ sài, chỉ có 1 lớp giấy bóng mỏng bọc sách thôi., thấy mọi người review nhiều cuốn này tự học toeic tóot nên mua thử. Hi vọng giúp minhd nâng cao trình độ.
có cả file nghe để mọi ng tải về nha, mình học được cách điệu rồi lên xe hoa với lại em có thể là do người đăng ký *** ngay hôm nay sẽ tốt hơn nếu bạn có thể là do người đăng ký ***, in giấy quá mỏng, nên tôi không thích chất lượng sách 
in giấy quá mỏng, nên tôi không thích chất lượng sách 
in giấy quá mỏng, nên tôi không thích chất lượng sách 
in giấy quá mỏng, nên tôi không thích chất lượng sách 
in giấy quá mỏng, nên tôi không thích chất lượng sách 
in giấy quá mỏng, nên tôi không thích chất lượng sách 
in giấy quá mỏng, nên tôi không thích chất lượng sách 
in giấy quá mỏng, nên tôi không thích chất lượng sách 
in giấy quá mỏng, nên tôi không thích chất lượng sách, Sách tốt dày nội dung đầy đủ, Sách giao nhanh mà gói kỹ lắm ạ, nay đặt mai có luôn í, Chất lượng sách oke, hình in rõ nét, Sách có 50 bài nhưng tại sao lại chỉ nghe đc track 1 còn lại ko tải được gì là sao, Chưa học nhưng mình thấy cuốn này oki á, chất lượng giấy thì mỏng, học qua 1 lần chắc ko giữ lâu được đâu., Giao hành rất nhanh, trong vòng 24h đã nhận được
Sách rất chất lượng từ hình thức đến nội dung!, giao hàng nhanh đúng hẹn, sách đc đóng gói & bọc cẩn thận nên k trầy tí nào, giấy in rõ, cứng cáp chắc chắn 🤩, Sách to, dày đẹp, từ vựng khá trúng trong đề thi, sách thiết kế nội dung hay lắm nha, Hàng siêu chất lượng, giá bìa tận 240 mà tiki trợ giá còn có 140 ưu đãi thật sự, Sách mới thơm, nói chung là tuyệt, lần đầu mua hàng mà được sách đẹp vậy đúng là Fahasa làm ăn ngon nghẻ khỏi bàn 😍, Sách nhiều từ vựng từ tầm trung đến nâng cao để thi toeic, Sách đẹp nguyên seal. Giao hàng nhanh chóng. Giá ổn áp. Đóng gói đẹp. Hài lòng nha, Sách đẹp, tập hợp những từ vựng cơ bản, nếu những bạn nào có gốc ok rồi thì mua cuốn này hơi tiếc do từ vựng không quá khó., hàng tốt giao nhanh
đóng gói đẹp chắc chắn
giấy mỏng hơn mình nghĩ, bạn nào đang có ý định học toeic thì nên mua cuốn này nha. chúc mọi người thành công, Giấy hơi mỏng, chất lượng in tốt, bìa đẹp, giao hàng nhanh , đóng gói tốt , sách hay, Sách rất oke, giao hàng nhanh lắm. Nên mua nhé mn.
Tuy mình 26 tuổi nhưng việc học là việc cả đời phải không nàooo, Chất lượng rất tốt. Nội dung sách dù chưa dùng nhưng nhìn sơ qua thì các bạn muốn đạt 700+ thì có thể dùng cuốn nay nhá., Mua cho cháu nên không có hình thực tế, Sách m ôn thi toeic gần 10 năm trước, ko quá nặng, mới tinh tươm, rất bổ ích vì giải nghĩa từ và ví dụ rất cụ thể., Sách này học auto >900, bọc tốt, có cả chống sốc, rất hài lòng, Sách được shop đóng gói rất kĩ. Mình mới đặt hôm qua mà nay đã nhận đc rồi. Phải nói rất nhanh. Giá rẻ cho 1 quyển sách như này. Mn nên mua nhaaa, Giao hàng cực nhanh, shipper thân thiện mới đặt buổi sáng, buổi chiều đã có ngay (chắc do mình ở trong trung tâm thành phố), sách mới được bọc cẩn thận. Fahasa và tiki làm rất tốt!!, Tiki giao quá nhanh cho mình luôn , sách thì quá nổi tiếng rồi mua về để có thêm được vốn từ vựng nhiều hơn chuẩn bị cho kỳ thi sắp đến, Sách đẹp về hình thức và hay về nội dung nhé mọi người, phù hợp cho ai mới làm quen với TOEIC., Chất lượng giấy tốt, giao hàng nhanh, Good book, Sách được đóng gói cẩn thận, đọc hay, trình bày dễ hiểu., Lúc mới mua hàng có thắc mắc và nhầm lẫn nhưng tiki chăm sóc và giúp giải quyết tốt. Cảm ơn Tiki ạ.
Và sách hay, học được nhiều từ vựng cho Toeic., giao hàng siêu nhanh, hôm trước đặt hôm sau có hàng, bọc gói tương đối cẩn thận, cho shop 5*, Tiki giao hàng nhanh cực. Đóng gói kĩ càng. Rất hài lòng ạ. Many thanks, Sách bổ ích, đầy đủ thông tin cần thiết. Nhưng mới mua về bị mèo cào ? Bạn nào nuôi mèo thì nên cất sách cẩn thận, Sách đẹp, sách có hướng dẫn dễ hiểu, mà sao sách kh có file audio vậy ạ? giao nhanh, để 12/10 mới giao mà nay 2/10 đã nhận đc rùi 🤗, Về hình thức sách rất đẹp và tốt nha
App báo t2 tuần sau giao hàng mà t7 tuần này đã giao.rất hài lòng, Sách đẹp tốt giao hàng nhanh, Sách còn rất mới , đóng gói đẹp hy vọng sẽ giúp cho việc ôn tập  cải thiện tiếng anh tốt hơn ., Ok, Sach ok từ nội dung đến hình thức, Sách đẹp, thơm, giấy hơi mỏng, thích lắm ạ
Giao hàng nhanh, Sản phẩm chất luogje tốt giao hàng rất hanh, Giao hàng nhanh,sách đúng như hình
Nhưng mình thấy phần nghe k có đáp án chi tiết để check, Sách rất thích hợp cho những bạn đang yếu từ vựng, được phân ra từng chủ đề với những từ thường gặp trong bài thi Toeic, sản phẩm rất bổ ích 
hỗ trợ rất nhiều cho việc học 
giao hàng nhanh chóng
hàng đc gói rất cẩn thận, Sách đóng gói đẹp, chất lượng giấy tốt., Giao hàng siêu nhanh trong ngày đã nhận được luôn, đóng gói cẩn thận rất đẹp, shipper rất thân thiện🥰, Chất lượng giấy ổn, nội dung dễ hiểu, đúng trọng tâm, Sách tuyệt vời nha, giấy hơi mỏng xíu vs bìa hơi dễ bị cong, sách in đẹp,dễ dùng, đáng để mua, hàng giao nhanh cực lun. Trưa qua đặt mà sáng mai nhận đc gòi với sách cực đẹp nữa, từ việc đọc hiểu lơ tơ mơ, thì cuốn sách này đã giúp mình cải thiện phần đọc. Tuy còn phải kết hợp với nhiều bộ sách và bài luyện thi khác nhưng cuốn sách này quả thật hữu ích cho những ai chưa biết bắt đầu từ đâu. Kiên trì trong mấy tháng và làm các bài ví dụ trong sách cũng là một cách làm quen với đề thi rồi, giao hàng nhanh, sách không bị rách, rất hữu ích cho các bạn bắt đầu học Toeic, Sách in rõ ràng, có định nghĩa ví dụ. Giao hành nhanh chóng đóng gói cẩn thận, Sách mới đẹp thơm, giao cực kỳ nhanh luôn, anh shipper nói chuyện cực dễ thương nữa ?? một trải nghiệm vui khi mua sách, Sách hay, có bài tập có thể tải file nghe. Tuy nhiên sách chỉ áp dụng cho bạn nào đã co căn bản rồi (quên một ít cũng được) nhưng nếu chưa biết gì thì khó hiểu, Hướng dẫn dùng sách và transcript phần nghe đều chi tiết, Sách dày tốt mìh k bit làm sao tiêu thụ học hết thấy cái là não nó bật chế độ lười, sách rất hay, Sách đẹp, gói hàng cẩn thận, rất hài lòng, giao hàng nhanh, Giao hàng nhanh, đóng gói cẩn thận, sách mới và đẹp. Không có đĩa CD ạ., Sách mới tinh, có kèm CD và mã QR ra được đầy đủ tất cả các tracks nghe, mua sách tiki nên yên tâm lắm, quyển sách này rất hữu ích cho các bạn cần nâng cao tiếng Anh., Giao nhanh, đóng gói kĩ càng, Sách ok dành cho những người bắt đầu tự học toeic như mình hihihihihohihihihihihihi, 
Trung lập: Thái độ nhân viên giao hàng cáu gắt. Mình có miss đt khoảng 5p gọi lại. Thì bị a giao hàng tl cáu gắt. Mình cũng thông cảm khi a giao hàng giữa trời nắng. Vấn đề chính khi mình nhận hàng mình hỏi có ck đc ko tại mình ko đủ tiền mặt. Thì thái độ đó gắt gỏng hơn và hỏi mình “Rồi lỡ thẻ bị nuốt rồi rút tiền làm sao?” 
 Từ đầu đến cuối thì mình đánh giá tác phong làm việc của shipper này TỆ. Là một ng làm trong nghành dịch vụ mà thái độ vs kh như vậy thì mình ko đồng ý. 

Sản phầm thì tốt, đóng gói cẩn thận, sách nguyên vẹn., Sách tốt như lời đồn, học hành chăm chỉ thì có thể nắm vững nội dung sách, từ nào ko rõ có thể tra thêm từ điển, không quá khó. Ngoài các bào tập ôn từ mới vừa học thì sách còn có vài bài mô phỏng đề thi toeic, còn file nghe thì có đường link và mã QR để truy cập, nghe online hoặc tải về. Rất tiện, Đáng lẽ cho 1 sao vì thái độ giao hàng của shipper rất vô trách nhiệm, ko chịu giao đến địa chỉ nhà của khách mà chỉ đứng lì ngoài đường để chờ khách tìm ra, đã vậy còn quát nạt to tiếng với khách rồi bỏ về ko giao cho khách. Lần đầu tiên trong đời mình gặp 1 shipper tệ hại đến như vậy. Mình đã khiếu nại lên tiki và đã nhận đc sự xin lỗi từ phía đại diện fahasa và đã giao lại sách cho mình. Mình vẫn sẽ tiếp tục mua hàng ở fahasa nhưng hi vọng lần sau sẽ ko gặp phải shipper nào như vậy nữa., Giấy hơi mỏng
Đóng gói cẩn thận
Chưa coi chưa biết sách ra sao
Như các bình luận khác thì không thấy audio đâu cả :)))), vì không có Bookcare nên sách giao tới mình đã bị móp góc như này. Mình thường không quá khắt khe mấy vụ này đâu, nhưng thấy sách móp như này cứ khó chịu sao ý. Hi vọng lần sau mn gói kỹ tí :((((((, mình đã nhận được sánh khá đẹp, tuy nhiên midnh chưa thấy phần audio kèm theo. mình đọc cũng k thấy phần app hay gì cả. nhờ shop hỗ trợ, Sách học vẽ tranh màu nước mình k ưng ý lắm vì thấy bìa ngoài hơi cũ, Giấy khá mỏng nha mng, viết bút bi lên vẫn có thể bị lem mực nên các bạn lưu ý chỗ này nha., Mình nhận được quyển sách cũ, nhăn góc. Mong tiki trading kiểm tra sản phẩm kỹ lưỡng trước khi giao.
Về sách thì giấy mỏng quá và mình chưa thấy hướng dẫn tải audio ở đâu cả, Hơi thất vọng vì mua ở Tiki bấy lâu nhưng lần đầu nhận được sách bị lỗi như vậy, nhưng thôi chủ yếu là nội dung hay là được, nhận hàng đúng hẹn, nhưng tính ra hơi chậm, sau 1 tuần đặt hàng mới nhận dc. 
sách bình thường, có kèm cd. chưa mở thử nhưng hình thức giấy ok, Quét mã QR file nghe bị lỗi, không thể nghe được, Mình đặt sách vào 22/4 và nhận được sách ngay ngày hôm sau luôn. Tiki giao hàng nhanh, đóng gói cẩn thận, sách còn nguyên bọc nilon rất mới, nhân viên nhiệt tình. Đây luôn là điểm cộng của Tiki.  

Bố cục sách rõ ràng, phần giới thiệu được dịch sang tiếng Việt luôn, so với bản 3rd mình học trước đây thì tiện hơn nhiều. Có QR code lấy file nghe cực tiện khi muốn dùng điện thoại.

Tuy nhiên mình có một vài góp ý nhỏ về sách như sau:
- Giấy mỏng, hơi bị thấm nhẹ khi viết bút nước. Đặc biệt là khi muốn tô đáp án thì thấm rất rõ. Đây là điểm trừ lớn nhất.
- Sách ghi là kèm 2 CDs nhưng mình nhận được chỉ 1 CD thôi. Mà CD đấy lại đủ 55 tracks. Vậy ghi luôn là 1 CD cho con dân đỡ hụt hẫng thì hơn :)))

Mong lần tái bản tiếp theo sách sẽ hoàn thiện hơn ^^, Sách mình nhận được còn nguyên màng có, có kèm thêm 1CD đính ở bìa sau của sách. Quyển này mình mua để lâu lâu ôn lại từ vựng, thấy nhiều bạn comment là đáp án bị lệch cũng hoang mang quá đi., Chữ hơi bé, chất lượng tốt, thơm mùi sách mới :v Mặc dù dịch nhưng vẫn giao đúng dự kiến ạ, Chất lượng giấy hơi tệ, khá mỏng, k có CD s nghe ạ? thấy bảo CD nhưng kiếm hoài k có 🥲, Sách có phần dịch nghĩa và phiên âm nữa thì tốt, Đã nhận được sách tuy nhiên phần nghe không có đĩa, vui lòng hướng dẫn cách sử dụng phần nghe giúp tôi. Trân trọng cảm ơn, 
Tiêu cực: Không down audio về nghe được, báo lỗi link. Tự nhiên đang học cái ko có phần nghe thì học kiệu j.
Tư vấn ảo kêu liên lạc vs người bán, giờ ko có thông tin gì để liên lạc luôn 😒, tiki giao sách nhanh, nhưng lần này mình rất không hài lòng khi mở ra ngay vài trang đầu sách đã bị rách như thế này., Đơn hàng nàyy của mình là sách mua mới nhưng sao lại bị những lỗi : Sách bị gãy mép bìa, bẩn, sách gập lòi giấy ra ngoài và nhăn nhúm ntn. Mong TIKI đưa ra lời giải đáp thoả đáng :), Sách nói rõ là có kèm CD nhưng mình không thấy? Do shop quên hay sao thì mình không biết nhưng như vậy là đang ảnh hưởng đến người mua. Sách giấy mỏng, khung chữ in không hết trang giấy nên chữ rất nhỏ. Nên cân nhắc trước khi mua!, Phần nghe ko vào được, yêu cầu trợ giúp phần nghe cho mk với, Mình có đọc review mn bảo đáp án sai nhưng vì muốn học từ  vựng nên mình đã đặt. Nhưng mà mới làm lesson1 ma thấy sai quá trời, mình còn hoang mang o biết tại sao đáp án như thế . Bạn nào mới học toeic thì thôi. đừng nên mua cuốn này ak, Mình nhận sách đợt đầu không có CD. Sau khi được đổi trả lại vẫn nhận được sách không có CD hoặc mã QR để quét.  Phản hồi lần 2 thì chưa thấy *** trả lời. Thất vọng với Tiki lần này. Tiki có cách nào gửi file mp3 cho người mua không?, K có CD kèm theo mà k cách nào liên hệ lấy file nghe đc??, Sách in thiếu nhiều trang sao em học dc ạ?, Lần này tiki giao quá chậm,mặc dù dịch đi nữa cũng không tới mức hơn 1 tháng mới nhận được.Hàng có dấu hiệu cạy mở và bị móp méo.Quá buồn, Em đã nhận được sách mà không biết cái đĩa CD để làm bài nghe nó bị lạc trôi mất đi đâu rồi ấy ạ ? giờ phải làm sao để có đĩa CD đây ạ ?, Đáp án cuốn sách nằm ở đâu v shop. Mong nhận đc phản hồi sớm nhất ạ., Bài nghe cuốn này lấy ở đâu v ạ, "
12138656,"## Tóm tắt phản hồi về Tiki:

**Phản hồi tích cực:**

* Khách hàng hài lòng với dịch vụ hỗ trợ của Tiki, phản hồi nhanh chóng và có hướng giải quyết cho vấn đề của khách hàng.
* Chất lượng sách tốt, giấy đẹp, đóng gói cẩn thận.
* Giao hàng nhanh chóng, nhân viên giao hàng nhiệt tình.
* Sản phẩm đúng như mô tả.
* Nội dung sách hay, hấp dẫn, lôi cuốn.
* Sách mới, chất lượng tốt.

**Phản hồi trung lập:**

* Dịch thuật không chính xác, gây khó hiểu cho người đọc.
* Tiki đóng gói cẩn thận, nhưng sách không còn seal.
* Nội dung sách khó hiểu, không rõ mục đích.
* Dịch thuật không sát nghĩa, khó hiểu.

**Phản hồi tiêu cực:**

* Giao hàng trễ, chất lượng giao hàng tệ.
* Sách cũ, không phải mới.

**Tổng kết:**

* Khách hàng hài lòng với chất lượng sách và dịch vụ hỗ trợ của Tiki.
* Tuy nhiên, dịch thuật của một số cuốn sách gây khó hiểu cho người đọc.
* Giao hàng chậm là vấn đề cần được cải thiện. 
","Tích cực: Khá hài lòng với những gì tiki làm cho khách hàng, khi lần này mình nhận đc sách chất lượng ko đc tốt. Mình đã phản hồi với tiki và nhận được sự hỗ trợ rất nhiệt tình, nhanh chóng, có hướng giải quyết cho vấn đề of khách hàng. Hy vọng 1 vài ngày tới sẽ dc hoàn trả sp chất lượng., Hình thức: Sách đẹp, giấy đẹp, đóng gói nhiều lớp., Hiệu sách đóng gói rất cẩn thận, sách hay
Nhân viên giao hàng nhiệt tình, Giao sách nhanh
Đóng gói tốt!
Sách chưa đọc chưa đánh giá được sản phẩm, Ok, Mình hài lòng cả về chất lượng sách và chất lượng giao hàng., Sản phẩm đúng như mô tả! Giao hàng siêu nhanh! Đóng gói chắc chắn và hàng giao nguyên vẹn!, Giao hàng tốc độ, sản phẩm đóng gói cẩn thận, sạch đẹp, gọn gàng. Rất cám ơn Fahasha, Trải nghiệm mua hàng tốt, đóng gói cẩn thận., Nội dung rất tệ, không đáng mua, xem mất thời gian., In ấn rõ ràng, bố cục tôt, Nội dung hấp dẫn, lôi cuốn, đóng gói cẩn thận, chất lượng sách tốt, Sách hay Kinh Điển !!! 👌, Hàn lâm, phải bỏ thời gian đọc, sách mới., Sách đẹp, Ok, Good., Ok, Ok, Sách được bọc kĩ lưỡng, hàng mới 100%, Hayy, có nhiều ứng dụng trong cuộc sống, sách gói cẩn thận, giao nhanh, Đóng gói ok. Giao hàng nhanh. Sách đẹp, Sách chán!!, Sách có nhiều góc nhìn hay, chuyên sâu, phù hợp với những người thích nghiên cứu, tư duy, có kiến thức nền tốt., Ok, hay và áp dụng tốt. nếu ai có kiến thức nền, Hay, Dịch vụ giao hàng nhanh. Sách đẹp. Mình hài lòng với Tiki! Thanks!, sách hat và bổ ích, Sách đúng như ảnh chụp, 
Trung lập: Đây có thể là một cuốn sách hay, nhưng dịch giả gần như phá hỏng hoàn toàn khi vừa đọc vừa phải suy luận xem sách bị dịch sai hay tối nghĩa ở đâu. Ví dụ như “thị trường lỏng” có lẽ đang đề cập đến “thị trường có tính thanh khoản cao”, hay “phần mở đầu” trong cờ vua có lẽ đang nói về “khai cuộc”. Trong hình thì phía trên ghi là 100 phía dưới lại là 1000., Tiki đóng gói cẩn thận, nhưng sách ko còn seal nên chưa được happy lắm. Tuy nhiên xem sách thì chữ in sắc nét, có vẻ ko phải là sách lậu.😂, Đọc rất khó hiểu. Không biết nội dung cuốn sách nhằm mục đích gì, cho ta biết các khái niệm hay cách vận dụng lý thuyết trò chơi trong cuộc sống? Nói chung đọc mà k hiểu gì., Đây là một cuốn sách hay, có nhiều tính gợi mở cho những suy nghĩ mới lạ về cách chúng ta suy nghĩ và hành động. Chắc phải đọc thêm nhiều sách nữa thì bạn mới có thể áp dụng ""Lý thuyết trò chơi"" này. NẾU có thể nên đọc sách nguyên bản, lỗi dịch thuật gây ra sự khó hiểu không cần thiết. Nhiều khi m đọc phải khó khăn để tóm được ý chính của bài, như có thang máy lên tầng mà phải đi leo bộ, hơi vất vả cho việc đọc hiểu. 4 sao., Dịch không sát nghĩa, khó hiểu, Đọc mà chả hiểu gì!! Áp dụng thêm thực tế sẽ hay hơn, Bìa hơi gãy, 
Tiêu cực: Giao trễ 1 tuần . Đến khi người mua hàng thắc mắc nhiều lần mới kiểm tra lại . Chất lượng sách thì khá tốt nhưng giao hàng khá tệ, Giao hàng quá chậm, Yêu cầu tiki giải quyết cho mình vì đây là sách cũ không phải mới, "
121410060,"## Tóm tắt Feedback:

**Phản hồi tích cực:**

* Nội dung sách hay, đáng đọc, dễ hiểu và dễ tiếp cận.
* Sách giúp thay đổi tư duy, lối sống và suy nghĩ.
* Giao hàng nhanh chóng, đóng gói cẩn thận (một số trường hợp đóng gói hơi mốp).
* Chất lượng sách tốt (trừ một số trường hợp giấy hơi mỏng).

**Phản hồi trung lập:**

* Nội dung hơi chung chung, thiếu trọng tâm.
* Không có các câu chuyện như trong video review.
* Không phù hợp với những người mong đợi các phương pháp cụ thể để áp dụng.

**Phản hồi tiêu cực:**

* Nội dung hời hợt, thiếu chiều sâu, sáo rỗng.
* Lỗi diễn đạt, sai ngữ pháp, thiếu chỉnh sửa.
* Chất lượng giấy kém, không xứng đáng với giá tiền.
* Không tin tưởng vào giá trị mà cuốn sách mang lại.

**Tổng quan:**

Đa phần khách hàng đánh giá tích cực về nội dung sách, cho rằng nó dễ đọc, dễ hiểu và đáng suy ngẫm. Tuy nhiên, một số khách hàng lại cho rằng nội dung hơi chung chung, thiếu trọng tâm và có nhiều lỗi sai sót. Chất lượng sách cũng nhận được ý kiến trái chiều, một số khách hàng hài lòng với tốc độ giao hàng và đóng gói, nhưng một số khác lại cho rằng chất lượng giấy kém. 
","Tích cực: Nội dung hay, đáng đọc, nhận hàng nhanh, Đóng gói cẩn thận, giao hàng nhanh, sách không bị móp méo, bao bì kỹ lưỡng nhưng hơi mốp. Còn về chất lượng sách với nội dung thì rất hay, Nội dung AI RỒI CŨNG SẺ BÌNH YÊN nhẹ nhàng, dễ tiếp cận, Một cuốn sách đáng đọc, đáng học hỏi, ngẫm nghĩ về cách thay đổi tư duy, lối sống, suy nghĩ., Ok, Rất dễ hiểu, tuy có chút triết học nhưng vẫn là một cuốn sách rắt đáng đọc, sách giúp ta định hướng và có cái nhìn sâu hơn, Sách hay!, Ok, Giao nhanh , đóng gói cận thận, Oze, Sách bổ ích giao nhanh đóng gói ko gọn gàng lắm, Tuyệt vời !!!!, giao nhanh, sp ok, 
Trung lập: Nội dung sách hơi chung chung, k có trọng tâm, k có các câu chuyện như video review trên ***, nếu ai nghĩ nó sẽ có các phương pháp để vận dụng thì k nên mua, Ok, ko hay lắm các bạn ah 😂 🤣, 
Tiêu cực: Rất tệ. Cuốn sách đầu tiên khiến mình đọc đến trang thứ 5 phải dừng lại, muốn đọc tiếp để xem tác giả viết gì và cũng không muốn đánh giá vội vàng nhưng không thể cố được nữa.
Từ phần mục lục đọc đã cảm giác không có sự logic liền mạch. 
Trong nội dung thì dùng ngôn ngữ nói nhiều, câu văn lủng củng. Cảm giác như tác giả nghĩ cái gì thì viết ngay cái đó ra vậy. 
Đặc biệt thậm tệ đó là quyển sách như không được biên tập tử tế vậy. Có chỗ sai lỗi diễn đạt dẫn đến sai hẳn nghĩa. Có chỗ thì làm ẩu định dạng chữ…
Mình chưa đọc nhiều nên không thể đánh giá về nội dung, ý nghĩa cuốn sách truyền tải nhưng sự cẩu thả trong việc làm 1 cuốn sách đặc biệt lại là sách thể loại self-help thế này khiến mình không có sự tin tưởng vào giá trị mà cuốn sách có thể mang lại. 
Chất lượng giấy cũng tệ. Nhưng lý do mình cho 1 sao vì nội dung sách.
Rất không nên mua., nội dung hời hợt, không có chiều sâu, Nội dung sáo rỗng. Giống như mấy cuốn sách nội dung kiểu Bí quyết làm giàu, Chất giấy quá tệ so vs mặt bằng chung, "
124767704,"## Tóm tắt Feedback:

**Phản hồi tích cực:**

* **Sản phẩm:**  Khách hàng rất hài lòng với sản phẩm, đánh giá sản phẩm đẹp, chất lượng tốt, nội dung phù hợp.
* **Đóng gói:**  Hài lòng với cách đóng gói cẩn thận, đẹp mắt, không bị móp méo.
* **Giao hàng:**  Giao hàng nhanh chóng, đúng hẹn, shipper thân thiện. 
* **Giá cả:**  Giá cả hợp lý, rẻ hơn so với các nền tảng khác.
* **Nội dung:**  Nội dung sách hay, ý nghĩa, phù hợp với phụ nữ, mang lại nhiều kiến thức bổ ích.

**Phản hồi trung lập:**

* **Markbook:**  Khách hàng nhận xét về việc thiếu Markbook trong một số cuốn sách.
* **Đóng gói:**  Một số khách hàng nhận xét về việc đóng gói không cẩn thận, dẫn đến sách bị móp, gãy góc.

**Phản hồi tiêu cực:**

* **Giao hàng:**  Khách hàng phàn nàn về việc giao hàng chậm trễ, không đúng hẹn.
* **Đóng gói:**  Khách hàng phàn nàn về việc đóng gói kém cẩn thận, không có lớp bảo vệ, dẫn đến sách bị móp, nát.

**Tổng kết:**

Phần lớn khách hàng hài lòng với sản phẩm, dịch vụ giao hàng và nội dung sách. Tuy nhiên, vẫn còn một số vấn đề về đóng gói và thời gian giao hàng cần được cải thiện. 
","Tích cực: * Sản phẩm rất xinh đẹp tuyệt vời, tôi không thể trông đợi gì hơn. Cảm ơn nhà cung cấp, nhà sản xuất, cảm ơn người bán hàng, cảm ơn sàn thương mại điện tử, cảm ơn người vận chuyển để tôi có cơ hội dùng sản phẩm tốt như thế này. 

* Hàng đóng gói rất đẹp. Quả nhiên người bán đã gửi gắm rất nhiều tâm tư và tình cảm trong lúc gói hàng. Hộp không có dấu hiệu bị móp, chứng tỏ bộ phận vận chuyển đã nâng như nâng trứng, hứng như hứng hoa. Xin nghiêng mình cảm ơn vì tất cả. 

* Thời gian vận chuyển rất hợp lí. Tôi đã đặt hàng với tâm thế hào hứng chờ đợi để được trải nghiệm sản phẩm và tôi không hề bị chờ mỏi cổ. Có thể thấy bên vận chuyển không quản ngại thời tiết và đường xá xa xôi để đưa sản phẩm cho tôi trong thời gian ngắn nhất., Sách có nội dung phù hợp với thế hệ và cuộc sống hối hả, hiện đại ngày nay. 
Dịch vụ giao hàng siêu nhanh, rất tốt!, Sách được Tiki giao tới nhanh và đẹp, chất lượng giấy tốt. Mình thích đọc các tác phẩm của Vãn Tình vì nội dung các câu chuyện ý nghĩa, thực tế, phù hợp với các bạn nữ., Rất bổ ích và hay, sách đẹp mắt nội dung ý nghĩa đã đọc . Sách đóng gói giao hàng cẩn thận ko trầy xước, Tiki giao hàng rất nhanh, đóng gói rất cẩn thận luôn. Sách chất lượng đẹp!
Nội dung thì mình cho 9/10 luôn ấy. Mặc dù đã đọc qua rất nhiều thể loại selfhelp thế này, nhưng điểm đặc biệt là sách này dành riêng cho phụ nữ, mỗi phần có câu chuyện thực tế, viết súc tích, có ý nghĩa. Đôi khi có những điều tuy nhỏ nhưng đọc tới thì mới thấm. 
Recommend cho các bạn nữ nên đọc nha. Dù còn độc thân hay đã có gia đình. Nhưng chưa hôn nhân thì càng nên đọc., Những kiến thức rất thiết thực, giúp cho chúng ta nhận ra được giá trị thực sự của bản thân., Trong mùa dịch giao hàng nhanh. Đóng gói sp tốt cẩn thận. ND sách hay phù hợp với mọi cô gái, mình mua để tặng lên rất hài lòng về SP. Cảm ơn TIKI TRADING. Mong TIKI ngày càng phục vụ khách hàng tốt hơn!, Giao hàng nhanh, nội dung sách hay, không bị móp méo sách, Giao nhanh rất tốt. Sách như quảng cáo. Cảm ơn shop và bạn giao hàng., Giá rẻ hơn những nền tảng khác, Mình đọc vài trang. Nội dung khá hay. Sách đẹp. In rõ ràng. Lần sau sẽ mua tiếp, Giao hàng nhanh, đóng gói cẩn thận, hài lòng, Ok, tôi rất hài lòng, giao hàng nhanh, Theo quan điểm cá nhân, nội dung sách rất hay,những bài học ý nghĩa. Bìa đẹp,tôi thích hình ảnh này., Sách có những bài học hay, ý nghĩa. 
Đáng mua nha., Sách mới, trang giấy đẹp, mình mua giá km nên rẻ. Tiki giao hàng rất nhanh. Đặt chiều hôm qua, sáng hôm nay đã có., có ý nghĩa, lan toả điều tích cực, Sách noi dung rất hay. Phù hợp vs các bạn chuẩn bị lập gia đình, Giao hàng siêu nhanh luôn ạ. Tối hôm trước đặt chiều hôm sau mình nhận được luôn. Sách bìa đẹp, chất lượng giấy tốt., Hay lém nhen, sách đẹp vs giao nhanh gói hàng cẩn thận ạ, Giao hàng nhanh, đóng gói cẩn thận. Nội dung mình thấy khá hay. Giúp cho mình nhìn nhận vấn đề theo nhiều khía cạnh. Nên mua., Giao hàng nhanh, shipper thân thiện, Cảm ơn tiki vì đã cho em cơ hội được mua sách với giá ưu đãi và nhận được sách trong thời gian sớm nhất ạaa, Sách mới, đóng gói và vận chuyển kĩ càng, Nội dung rất hay cho các bạn nữ, phù hợp. Bìa màu cưng quá, bạn mình thích., TIKI GIAO THẦN TỐC,nội dung hay xuất sắc!!yêu TIKI!!, Chưa tặng được bạn gái nhưng vẫn cho 5 sao, mua hàng ở tiki thì miễn bàn về chata lượng, không lo hàng fake. ( ha mang tính chất nhận xu). nc tiki thì ô nha, nhiều câu chuyện như có mình trong đó. Cuốn sách cũng đã giúp mình thay đổi suy nghĩ khá nhiều., sách hay ý nghĩa cuốn này thì quá quen vs nhìu bạn, Sách đẹp, giao nhanh, shipper thân thiện ạ, Sách hay bìa đẹp ạ, sách rất hay vận chuyển sớm hơn thời gian dự định đóng gói cẩn thận, sách hay rất đáng đọc, Giao nhanhhh, nhưng kh có lớp bọc bảo vệ hơi móp xíu 
Tí rạch vào sách  🤣😂, Giao siêu nhanh, đặt hôm qua nay đã cầm trên tay rồi, sách được giao sạch đẹp, không nhăn không méo góc, giấy ok, Cuốn này mình mua lần hai rồi hay lắm đáng để thử nhe, Sách hay lắm nha mng nên thử đọc 1 lần trong đời., Giao hàng rất nhanh. Sách đẹp. Nội dung rất hay, rất self help, nên mua, Giấy đẹp
Giá rẻ
Giao hàng nhanh
Cảm ơn Tiki nhiều nhiều ạ, Ok., Vận chuyển nhanh. Sách mới và đẹp. Nội dung bổ ích., Good, bìa sách rất đẹp, giấy mịn, Tuyệt vời nha !!, Đóng gói kĩ lắm, sách xinh cực. Cám ơn shop nhiều ạ, Sách đóng gói cx tốt nma bị rách mất cái bìa bọc bên ngoài sách giao hàng nhanh ạ, Sách mới, mực in rõ ràng. Tiki giao hàng nhanhhhhh, Rất tốt. Sách còn mới - giao hàng nhanh trước 11g đúng như mong đợi, Sách mới nguyên, nội dung hay, giao hàng nhanh nè, mn nên mua nha sách rất hay rất đáng đọc, Giao đúng hàng, sách mới, đáng mua nha mn!, Thích Vãn Tình nên mua cho đủ bộ hi, Những điều trải nghiệm rất gần như thường ngày, 
Trung lập: Trong khi mình mua hết 3 cuốn của Vãn Tình mà trong đó có mỗi cuốn Khinh bỉ phí hoài là có markbook :)) 2 cuốn: Bạn đắt giá bao nhiêu với cuốn Khí chất bao nhiêu, hạnh phúc bấy nhiêu là kh có markbook :)) Mình đã bỏ tiền ra mua sách chính hãng rồi mà sai xót kiểu này mình không chấp nhận được 🥲, Vừa ý, :))))))), Đóng gói k cẩn thận móp hết sách, Không có bìa bọc ngoài nên bị xước. Bẩn nhẹ., Bìa bao kính đẹp, sp tốt, đống gối chưa đc đẹp giao về bị gãy góc sách. Còn phần sách rất tốt, Móp, Ok, sách gói cũng ẩu, chả bọc gì, còn gãy hết góc. chán, Sách bị nhăn và gập các góc, đóng hàng sơ sài nhg đc cái rẻ, Hay, Giao hàng nhanh và tuyệt vời. Sách rất hay 😍😍, 
Tiêu cực: Đặt hàng Tiki Now 2h lúc 14h, nhưng tới 18h mới giao tới. Dịch vụ ko uy tín về thời gian., Đóng gói rất kém, mỗi cái hộp bìa bênngoaif, không chống sốc, không lớp nilong gì bao sách, trần trụi thành ra góc móp với nát nhẹ, "
12533371,"## Tóm tắt feedback về sách Đạo Đức Kinh:

**Phản hồi tích cực:**

* **Đóng gói cẩn thận:**  Nhiều người khen ngợi shop đóng gói cẩn thận, sách mới, nguyên seal.
* **Nội dung hay:**  Sách được đánh giá là hay, đầy đủ kiến thức, có giá trị về mặt triết lý và nhân sinh.
* **Bản dịch chất lượng:**  Bản dịch được đánh giá cao bởi sự trung thực, không đưa thêm lời bình luận chủ quan, giúp người đọc tiếp cận nguyên bản chân thực hơn.
* **Phiên âm, dịch nghĩa đầy đủ:**  Sách có đầy đủ phiên âm, dịch nghĩa và bản tiếng Anh, hỗ trợ người đọc dễ hiểu.
* **Giá trị to lớn:**  Nhiều người ví von sách như ""báu vật"", ""Kinh"" chứ không đơn thuần là sách.
* **Lời khen từ các danh gia:**  Sách được nhiều danh nhân nổi tiếng đánh giá cao về giá trị và ảnh hưởng.
* **Giao hàng nhanh chóng:**  Shop giao hàng nhanh chóng, đúng hẹn.
* **Sản phẩm tốt, đúng mô tả:**  Sách chất lượng tốt, đúng với hình ảnh và mô tả trên website.
* **Hài lòng về dịch vụ:**  Khách hàng hài lòng với sản phẩm và dịch vụ của shop.

**Phản hồi trung lập:**

* **Khó đọc:**  Sách là sách Thánh Hiền nên nội dung khó hiểu, cần thời gian chiêm nghiệm.
* **Dịch nghĩa:**  Một số người cho rằng bản dịch tiếng Việt chưa thực sự hay.
* **Tiếng Anh:**  Một số người muốn thay phần tiếng Anh bằng lời giảng giải rõ ràng của tác giả.
* **Sản phẩm mới đọc:**  Khách hàng mới đọc được một phần sách nên chưa có đánh giá cụ thể.

**Phản hồi tiêu cực:**

* **Dịch sai:**  Một số người nhận xét dịch sai nội dung của một số câu trong sách.
* **Nội dung không phù hợp:**  Một số người cho rằng nội dung sách không phù hợp với thực tế hiện tại, thiếu tính tích cực.
* **Dịch kém:**  Dịch kém chất lượng, khó hiểu, khiến người đọc khó tiếp cận nội dung.
* **Giao hàng thiếu:**  Shop giao hàng thiếu sách so với số lượng đặt hàng.
* **Nội dung rời rạc:**  Nội dung sách trình bày rời rạc, ý nghĩa không rõ ràng.
* **Dịch không đúng bản chính:**  Một số người mong muốn bản dịch đúng với bản chính, không bị tam sao thất bản.

**Kết luận:**

Sách Đạo Đức Kinh nhận được nhiều phản hồi tích cực về nội dung, giá trị, bản dịch và dịch vụ. Tuy nhiên, cũng có một số ý kiến tiêu cực liên quan đến chất lượng dịch và sự phù hợp với thực tế.  Dù sao, đây vẫn là một cuốn sách kinh điển, đáng đọc và chiêm nghiệm. 
","Tích cực: Đóng gói cẩn thận, nội dung sách hay, tuy nhiên sẽ tùy người đọc, Tác giả là một nhà nghiên cứu có học thức sâu về triết học, nên bản dịch được trình bày dưới sự tìm hiểu kì công, không đưa lời bình, nhận xét chủ quan như các bản khác vào nên giúp người đọc có cái nhìn khác quan nhất so với nguyên bản. Còn sau khi đọc m.n có thể tìm hiểu trên mạng xem luận giải, quan điểm từ nhiều phía rồi có thể đúc rút riêng cho mỗi bản thân. Đây là bản chất lượng nên mua nhé, sau khi đã đọc và tìm hiểu các bản khác thì bản này có thể coi là bản tốt nhất và nên mua trong các bản khác nhé m.n!, sách hay, có đầy đủ bản phiên âm, dịch nghĩa và bản tiếng anh cho mọi ng tham khảo, Sách được bao bì và đóng gói cẩn thận !! Mình rất hài lòng! Cảm ơn shop!, đặt một cuốn,sách còn mới giao hàng đóng gói cẩn thận nguyên seal, Sách bọc cẩn thận, giao nhanh, Đc, Chất lượng sản phẩm tốt, đúg như hình và mô tả của quảng cáo nha., Sách hơi nhỏ và mỏng so với mình tưởng, Dịch nghĩa hơi khó hiểu, nhưng về sách và tác phẩm thì vẫn đánh giá là nó cực hay nhé mn, Mọi thứ đều tốt. Cảm ơn Tiki., Còn cả bao bì, mình chưa đọc, nhưng nghe khen., Sách bền, đẹp, ý nghĩa, Quá nhiều kiến thức hay, Sách đẹp, Sách bọc kỹ, nhìn đẹp, sáng ***, sạch sẽ., Quyển này là báu vật ! Đừng nghĩ trong đầu và đừng gọi nó là sách, vì nó thực sự là Kinh - là lời nói quý giá thì mới được gọi là Kinh. Đội ngũ dịch giả đã dày công thu thập, biên soạn và bài trí thật tuyệt vời. Giá mà ai cũng từng đọc Quyển Kinh này, Trích dẫn lời đánh giá về Đạo Đức Kinh của các danh gia :


+ Khổng Tử nói ""Triêu văn đạo, tịch tử khả hĩ!"" (Sáng nghe đạo, chiều chết cũng không tiếc)
+ Đường Huyền Tông nói ""Yếu chỉ của Đạo Đức Kinh ở chỗ hiểu rõ bản thân, hiểu rõ quốc gia vậy. Lý quốc thì tuyệt kiêu căng mà sùng hoa bạc, dùng vô vi không nói mà dạy dân. Lý thân thì thiểu tư quả dục, lấy hư tâm thực phúc mà tuân theo"".
+ Tống Thái Tông nói ""Ngũ thiên ngôn (5000 tự) của Bá Dương( tên chữ của Lão Tử), đọc cực có ích, trị thân trị quốc, đều ở trong đó"".
+ Âu Dương Tu nói ""Sách của Lão Tử, ngôn ngữ tuy như hư vô, nhưng là chí thuật để trị nhân vậy.""
+ Ngụy Nguyên nói ""« Lão Tử », cuốn sách cứu thế vậy.""
+ Tăng Quốc Phiên ""Lão Trang làm thể, Nho Mặc làm dụng"".
+ Lỗ Tấn nói ""Không đọc « Đạo Đức Kinh », không hiểu văn hóa Trung Quốc, không biết chân lý đời người.""
+ Lâm Ngữ Đường nói ""Tôi cảm thấy bất cứ người nào từng đọc qua « Đạo Đức Kinh », mới đầu nhất định cất tiếng cười to; sau đó lại cười bản thân thế mà cười như vậy; cuối cùng lại cảm giác hiện tại rất cần loại học thuyết này. Chí ít, đây là phản ứng của đại đa số người khi mới đọc « Lão Tử », bản thân tôi cũng vậy.""
+ Tolstoy nói: ""Khổng Tử có ảnh hưởng rất lớn tới tôi, Lão Tử so ra còn có ảnh hưởng lớn hơn.""
+ Nietzsche nói: ""Tập đại thành của Lão Tử là « Đạo Đức Kinh », tựa như một giếng nước không bao giờ cạn, bên trong chứa đầy bảo tàng, thả thùng lấy nước, dễ như trở bàn tay.""
+ Yukawa Hideki ""Lão Tử dường như đã dùng sức quan sát kinh người của mình để nhìn thấu vận mệnh cuối cùng của từng người và toàn nhân loại."", Rất hữu ích, vừa nghiệm bằng Hán Việt vừa nghiệm theo Anh ngữ, Rất là ok, Sách có chút bụi bậm như sách cổ, nội dung đi thẳng vào như tiêu đề. Đây là cuốn sách mình cần. Giao hàng nhanh, trước 1 ngày so với dự kiến. Có nhắc *** trước khi giao. Mình nghĩ ok, hài lòng., Good, Oki, Sách thực sự đẹp, chất lượng in và giấy đều rất ok, Kinh điển, Sách đẹp, Giao hàng nhanh, sách hay., Chất lượng tốt., sách đẹp, Mình rất hài lòng về sản phẩm và an tâm khi mua hàng qua tiki, Đạo Đức Kinh là một trong những cuốn sách gối đầu giường tuyệt vời nhất. Có thể coi đây là một trong những tác phẩm kinh điển, càng đọc càng thấy ngộ ra rất nhiều chân lý sâu sắc mà Lão Tử đã đúc kết bằng 5000 từ. Tác phẩm ẩn chứa nhiều ý nghĩa về rèn đạo, rèn đức mà đọc đi đọc lại vẫn còn thấy mình chưa hiểu được hết dụng ý sâu xa của Lão Tử., Ổn, Giao hàng cực nhanh, đặt buổi khuya, sáng sớm là nhận đc liền. Sách mới, sạch đẹp, rất hài lòng., Sách ok, giấy chất lượng khá tốt, chữ rõ., sản phầm chất lượng tốt và như hình, Đẹp nhanh hay lắm ạ, In đẹp, Sản phẩm hay, coá cả Anh Trung Việt, tiếng Trung phồn thể ko làm mất ngữ nghĩa gốc. Mình mua còn được tặng 1 thẻ card câu nói của Bill Gate cứng cáp đẹp. Rất thích ?, Ok, Hay, Hay, Các bạn vào trang này tải Diver cài và sử dụng được luôn nhé, nhớ cắm sản phẩm vào lỗ usb trước khi cài! https://www.tp-link.com/vn/support/download/tl-wn722n/#Driver, Tốt, Sách còn nguyên giá trị đến ngày nay, sách hay. gói rất cẩn thận., sách hay, nhiều đạo lý hay ạ., Sách hay, sách mới, giao hàng nhanh., ok, hài lòng lắm., rất hài lòng với sản phẩm giao hàng cũng nhanh sách lại hay .mình đã mua hàng ở tiki nhiều lần mình rất thích, tôi mong muốn ở bản này là đúng như bản chính, cái tôi cần là muốn biết lão tử truyền đạt gì chứ ko phải ý kiến của hậu bối về sách... mong sách ko bị tam sao thất bản, Ok, Nội dung chỉnh chu, chất lượng. Giấy tốt., Quá Hay, một tác phẩm kinh điển, Sách đóng gói cẩn thận, giao hàng nhanh., Sách rất đẹp, giao hàng nhanh., sách hay, người có chánh kiến nên có, Sách chất lượng, Sâu sắc qua, không dễ hiểu, phải đọc chậm nghĩ sâu mới thâm., bản này cực kỳ đặc biệt luôn 
cực kỳ hài lòng, G, Để đọc và chiêm nghiệm, nghe recommend từ Jack Ma., hài lòng về chất lượng sản phẩm, Có ích cho cuộc sống, nên đọc đặc biệt là giới trẻ, Sách đẹp, giao hàng nhanh, đóng gói hàng kỹ. Ok lắm luôn, Sản phẩm đẹp, chất lượng., Trình bày bố cục mạch lạc, trích dẫn cụ thể đến từng chi tiết!, Hài lòng, Sản phẩm giao hàng nhanh,  rất tốt,  nội dung cực kỳ hay!, Good, Theo cá nhân tôi thì sách rất hay, nên đọc. Cảm ơn!, 
Trung lập: Sách Thánh Hiền nên khó đọc nhg rất trân trọng. Nội dung sách hay nhg mình nghĩ không cần thêm phần Tiếng Anh mà thay phần đó bằng lời giảng giải rõ ràng của tác giả hơn. Vì học Tiếng Anh sẽ học theo cách khác. Còn sách Thánh Hiền đọc chủ yếu để hiểu và biết rõ hơn về lời dạy của Thánh nhân về nhân sinh quan và cuộc sống. Thanks, Sách hay nhưng k dễ đọc, Bản dịch tiếng Việt không hay lắm, Đóng gói cẩn thận, giao hàng nhanh chóng... Còn sản phẩm mới đọc đc mấy trang đầu nên chưa thể đánh giá đc :), sản phẩm có bản dịch hay!, Ok, 
Tiêu cực: Chất lượng dịch không ổn,
lấy ví dụ như chương 13, tác giả dịch lại rằng: ""....Cho nên, kẻ nào quý thân mình hơn thiên hạ thì có thể giao thiên hạ cho được. Kẻ nào yêu thân mình hơn thiên hạ, thì có thể gửi thiên hạ cho được"".
Như vậy là ngược với ý nghĩa của câu cần dịch., Một cuốn sách tồi khi nó xa rời hiện thực, lý tưởng -- thiếu tích cực hay chuyền cảm hứng. Kiến thức, thế giới xung quanh, tư tưởng và văn minh giới hạn tác giả. Minh nhận được sách nguyên vẹn, hoàn hảo. Nó sẽ không bao giờ xuất hiện trên tủ sách của mình vì kiến thức nó mang lại., Sách đóng gói cẩn thận. Nhưng dịch nội dung sang tiếng Việt kém. Đọc chỉ muốn đấm vào mõm. Tóm lại sách dịch không hay. Nên đọc bản dịch của cụ Nguyễn Duy Cần., Cho tôi biết giấy ghi 3 món mà giao hàng một món là ý gì vậy cửa hàng, Sách dịch sai chương 13:  Ái dĩ thân vi thiên hạ,
Nhược khả dĩ ký thiên hạ hĩ, Sách có bìa đẹp nhưng nội dung , cách trình bày và ý nghĩa rút ra thì rời rạc , chổ có chổ không . Đây là cuốn sách đáng quên nhất khi mua trên Tiki !, giao hàng bị thiếu 1 quyển, Mình đặt mua 2 quyển mà mở ra có 1 quyển ak . nhờ shop coi lại rồi phản hồi nha, "
